id,uid,year,paper,paper_code,subject,original_question_number,question,A,B,C,D,E,answer,answer_source,verification,source,page
1,2024-kmu-mdcat-2024-code-c-1-1,2024,KMU MDCAT 2024 — Code C,,Biology,1,Catalase can be activated at pH:,1,3,5,7,,D,official_answer_key,,ilovepdf_merged (3) (1).pdf,1
2,2024-kmu-mdcat-2024-code-c-2-2,2024,KMU MDCAT 2024 — Code C,,Biology,2,Enzymatic activity can be inhibited by?,Heavy metal ions,Methane,Mutase,Noble gases,,A,official_answer_key,,ilovepdf_merged (3) (1).pdf,1
3,2024-kmu-mdcat-2024-code-c-3-3,2024,KMU MDCAT 2024 — Code C,,Biology,3,A competitive inhibitor:,Accelerates the chemical reaction,Competes with the enzyme,Is irreversible,Is reversible,,D,official_answer_key,,ilovepdf_merged (3) (1).pdf,1
4,2024-kmu-mdcat-2024-code-c-4-4,2024,KMU MDCAT 2024 — Code C,,Biology,4,Wings of birds and that of flying lizards provide evidence of:,Convergent evolution,Divergent evolution,No evolution,Same origin,,A,official_answer_key,,ilovepdf_merged (3) (1).pdf,1
5,2024-kmu-mdcat-2024-code-c-5-5,2024,KMU MDCAT 2024 — Code C,,Biology,5,The embryological stages of _______ show similarity in anatomical features.,All living things,All non-vertebrates,All vertebrates,"Human, jelly fish and mouse",,C,official_answer_key,,ilovepdf_merged (3) (1).pdf,1
6,2024-kmu-mdcat-2024-code-c-6-6,2024,KMU MDCAT 2024 — Code C,,Biology,6,Which enzyme is secreted in the active form?,Amylase,Lipase,Peptidase,Protease,,A,official_answer_key,,ilovepdf_merged (3) (1).pdf,1
7,2024-kmu-mdcat-2024-code-c-7-7,2024,KMU MDCAT 2024 — Code C,,Biology,7,Which hormone stimulates the secretion of gastric juice?,Cholecystokinin,Gastrin,Insulin,Secretin,,B,official_answer_key,,ilovepdf_merged (3) (1).pdf,1
8,2024-kmu-mdcat-2024-code-c-8-8,2024,KMU MDCAT 2024 — Code C,,Biology,8,"In an inflammatory response, bradykinin causes?",Activation of natural killer cells,Blockage in blood vessels,Constriction of blood vessels,Leakage of fluid from blood vessels,,D,official_answer_key,,ilovepdf_merged (3) (1).pdf,1
9,2024-kmu-mdcat-2024-code-c-9-9,2024,KMU MDCAT 2024 — Code C,,Biology,9,Which of the following is an example of passive immunity?,Antibodies from mother's milk,Previous chickenpox infection,Inactivated polio vaccine,Live polio vaccine,,A,official_answer_key,,ilovepdf_merged (3) (1).pdf,1
10,2024-kmu-mdcat-2024-code-c-10-10,2024,KMU MDCAT 2024 — Code C,,Biology,10,Bacteria that lack flagella are called?,Amphitrichous,Atrichious,Lophotrichous,Peritrichous,,B,official_answer_key,,ilovepdf_merged (3) (1).pdf,1
11,2024-kmu-mdcat-2024-code-c-11-11,2024,KMU MDCAT 2024 — Code C,,Biology,11,Antibiotics can be used against:,Herpes simplex,Influenza,Polio,Salmonella typhi,,D,official_answer_key,,ilovepdf_merged (3) (1).pdf,1
12,2024-kmu-mdcat-2024-code-c-12-12,2024,KMU MDCAT 2024 — Code C,,Biology,12,The _______ in semen facilitate the transport of sperms.,Androgen,Prostaglandins,Oxytocin,Testosterone,,B,official_answer_key,,ilovepdf_merged (3) (1).pdf,1
13,2024-kmu-mdcat-2024-code-c-13-13,2024,KMU MDCAT 2024 — Code C,,Biology,13,The acidity of urine is neutralized by?,Cowpers gland,Prostate gland,Seminal vesicle,Vas deferens,,A,official_answer_key,,ilovepdf_merged (3) (1).pdf,1
14,2024-kmu-mdcat-2024-code-c-14-14,2024,KMU MDCAT 2024 — Code C,,Biology,14,The corpus luteum is essentially formed from,Graafian follicle,Ovum,Oogonium,Oocyte,,A,official_answer_key,,ilovepdf_merged (3) (1).pdf,1
15,2024-kmu-mdcat-2024-code-c-15-15,2024,KMU MDCAT 2024 — Code C,,Biology,15,The outer layer of uterus is called as:,Endometrium,Myometrium,Mesometrium,Perimetrium,,D,official_answer_key,,ilovepdf_merged (3) (1).pdf,1
16,2024-kmu-mdcat-2024-code-c-16-16,2024,KMU MDCAT 2024 — Code C,,Biology,16,___________ is spread through sexual contact.,Gonorrhoea,Influenza,Tuberculosis,Typhoid,,A,official_answer_key,,ilovepdf_merged (3) (1).pdf,1
17,2024-kmu-mdcat-2024-code-c-17-17,2024,KMU MDCAT 2024 — Code C,,Biology,17,The cells contained in the lacunae of the bone are called,Chondrocytes,Osteoblast,Osteocytes,Osteoclast,,C,official_answer_key,,ilovepdf_merged (3) (1).pdf,1
18,2024-kmu-mdcat-2024-code-c-18-18,2024,KMU MDCAT 2024 — Code C,,Biology,18,The ____ surrounds the muscle fibre of the skeletal muscle.,Cytoplasm,Lacunae,Myofibrils,Sarcoplasm,,D,official_answer_key,,ilovepdf_merged (3) (1).pdf,1
19,2024-kmu-mdcat-2024-code-c-19-19,2024,KMU MDCAT 2024 — Code C,,Biology,19,What happens to calcium when skeletal muscles recover from contraction?,Released from the sarcoplasmic reticulum,Released from the myosin head,Pumped into the sarcoplasmic reticulum,Exchanged for sodium ions,,C,official_answer_key,,ilovepdf_merged (3) (1).pdf,1
20,2024-kmu-mdcat-2024-code-c-20-20,2024,KMU MDCAT 2024 — Code C,,Biology,20,Which of the following blood groups has anti-A and anti- B antibodies in the serum?,A,AB,B,O,,D,official_answer_key,,ilovepdf_merged (3) (1).pdf,1
21,2024-kmu-mdcat-2024-code-c-21-21,2024,KMU MDCAT 2024 — Code C,,Biology,21,What is the primary outcome of crossing over during prophase of meiosis I?,Chromosomes duplicate without any exchange of parts,Homologous chromosomes exchange different pairs leading to recombinant chromatids and increased genetic variation,"Homologous chromosomes exchange identical parts, resulting in no genetic variation",Non-homologous chromosomes exchange parts,,B,official_answer_key,,ilovepdf_merged (3) (1).pdf,2
22,2024-kmu-mdcat-2024-code-c-22-22,2024,KMU MDCAT 2024 — Code C,,Biology,22,"The genetic makeup that your parents have transferred to you for your hair color, makes up your:",Genotype,Karyotype,Phenotype,"None of the above 10. 11. 12. $kmu RHYBER MEDICAL UNIVERSITY MCQs: 200 BIOLOGY Catalase can be activated at pH: a. 1 b. 3 c. 5 d. 7 Enzymatic activity can be inhibited by? a. Heavy metal ions b. Methane c. Mutase d. Noble gases A competitive inhibitor: a. Accelerates the chemical reaction b. Competes with the enzyme c. Is irreversible d. Is reversible Wings of birds and that of flying lizards provide evidence of: a. Convergent evolution b. Divergent evolution c. No evolution d. Same origin The embryological stages of anatomical features. a. All living things b. All non-vertebrates c. All vertebrates d. Human, jelly fish and mouse Which enzyme is secreted in the active form? a. Amylase b. Lipase c. Peptidase d. Protease Which hormone stimulates the secretion of gastric juice? a. Cholecystokinin show similarity in b. Gastrin c. Insulin d. Secretin In an inflammatory response, bradykinin causes? a. Activation of natural killer cells b. Blockage in blood vessels c. Constriction of blood vessels d. Leakage of fluid from blood vessels Which of the following is an example of passive immunity? a. Antibodies from mother's milk b. Previous chickenpox infection c. Inactivated polio vaccine d. Live polio vaccine Bacteria that lack flagella are called? a. Amphitrichous b. Atrichious c. Lophotrichous d. Peritrichous Antibiotics can be used against: a. Herpes simplex b. Influenza c. Polio d. Salmonella typhi in semen facilitate the transport of sperms. a. Androgen b. Prostaglandins c. Oxytocin The Khyber Medical University- MDCAT 2024 Time: 3.5 hours 13 14 15 16. 17 18. 19 20 21 22 CODE: C No Negative Marking d. Testosterone. The acidity of urine is neutralized by? a. Cowpers gland b. Prostate gland c. Seminal vesicle d. Vas deferens. The corpus luteum is essentially formed from a. Graafian follicle b. Ovum c. Oogonium d. Oocyte. The outer layer of uterus is called as: a. Endometrium b. Myometrium c. Mesometrium d. Perimetrium is spread through sexual contact. a. Gonorrhoea b. Influenza c. Tuberculosis d. Typhoid. The cells contained in the lacunae of the bone are called a. Chondrocytes b. Osteoblast c. Osteocytes d. Osteoclast The ____ surrounds the muscle fibre of the skeletal muscle. a. Cytoplasm b. Lacunae c. Myofibrils d. Sarcoplasm. What happens to calcium when skeletal muscles recover from contraction? a. Released from the sarcoplasmic reticulum b. Released from the myosin head c. Pumped into the sarcoplasmic reticulum d. Exchanged for sodium ions. Which of the following blood groups has anti-A and anti- B antibodies in the serum? a. A b. AB c. B d. O. What is the primary outcome of crossing over during prophase of meiosis |? a. Chromosomes duplicate without any exchange of parts b. Homologous chromosomes exchange different pairs leading to recombinant chromatids and increased genetic variation c. Homologous chromosomes exchange identical parts, resulting in no genetic variation d. Non-homologous chromosomes exchange parts. The genetic makeup that your parents have transferred to you for your hair color, makes up your: a. Genotype b. Karyotype c. Phenotype d. None of the above Page 1 of 10 Khyber Medical University- MDCAT 2024 CODE: C Page 2 of 10",,A,official_answer_key,,ilovepdf_merged (3) (1).pdf,2
23,2024-kmu-mdcat-2024-code-c-23-23,2024,KMU MDCAT 2024 — Code C,,Biology,23,Carnivorous plants have evolved mechanisms for trapping and digesting small animals. The product of this digestion is used to supplement the plant’s supply of:,Carbohydrates,Lipids,Nitrites,Water,,C,official_answer_key,,ilovepdf_merged (3) (1).pdf,2
24,2024-kmu-mdcat-2024-code-c-24-24,2024,KMU MDCAT 2024 — Code C,,Biology,24,Which is true for an X linked dominant trait?,All female offspring of the affected father will be affected,Half of the female offsprings of the affected father will be affected,No male offspring of an affected mother will be affected,No female offspring of the affected father will be affected,,A,official_answer_key,,ilovepdf_merged (3) (1).pdf,2
25,2024-kmu-mdcat-2024-code-c-25-25,2024,KMU MDCAT 2024 — Code C,,Biology,25,Malpighian tubules are found in:,Earthworm,Grasshopper,Leech,Slug,,B,official_answer_key,,ilovepdf_merged (3) (1).pdf,2
26,2024-kmu-mdcat-2024-code-c-26-26,2024,KMU MDCAT 2024 — Code C,,Biology,26,Shark belongs to class__________,Chondrichthyes,Echinodermata,Osteichthyes,Urochordata,,A,official_answer_key,,ilovepdf_merged (3) (1).pdf,2
27,2024-kmu-mdcat-2024-code-c-27-27,2024,KMU MDCAT 2024 — Code C,,Biology,27,Canal system is a characteristic of?,Cnidarians,Protozoans,Porifera,Segmented worms,,C,official_answer_key,,ilovepdf_merged (3) (1).pdf,2
28,2024-kmu-mdcat-2024-code-c-28-28,2024,KMU MDCAT 2024 — Code C,,Biology,28,Mantle is the feature of?,Annelids,Chordates,Echinoderms,Mussel,,D,official_answer_key,,ilovepdf_merged (3) (1).pdf,2
29,2024-kmu-mdcat-2024-code-c-29-29,2024,KMU MDCAT 2024 — Code C,,Biology,29,The production of energy is____________.,Faster in anaerobic respiration,Faster in aerobic respiration,Same in both types of respiration,Not associated with respiration,,A,official_answer_key,,ilovepdf_merged (3) (1).pdf,2
30,2024-kmu-mdcat-2024-code-c-31-30,2024,KMU MDCAT 2024 — Code C,,Biology,31,Chromosome is typically made up from a combination of?,DNA and protein,DNA and RNA,RNA and lipids,RNA and proteins,,A,official_answer_key,,ilovepdf_merged (3) (1).pdf,2
31,2024-kmu-mdcat-2024-code-c-32-31,2024,KMU MDCAT 2024 — Code C,,Biology,32,Which cytoplasmic organelle make their own proteins?,Chromosomes,Golgi apparatus,Mitochondria,Smooth endoplasmic reticulum,,C,official_answer_key,,ilovepdf_merged (3) (1).pdf,2
32,2024-kmu-mdcat-2024-code-c-33-32,2024,KMU MDCAT 2024 — Code C,,Biology,33,The active mass movement of mitochondria in the cytoplasm is due to,Cyclosis,Endoplasmic streaming movements,Golgi apparatus,Transfer RNA,,A,official_answer_key,,ilovepdf_merged (3) (1).pdf,2
33,2024-kmu-mdcat-2024-code-c-34-33,2024,KMU MDCAT 2024 — Code C,,Biology,34,Which part of the brain is controlling your sense of balance?,Amygdala,Cerebellum,Hippocampus,Medulla Oblongata,,B,official_answer_key,,ilovepdf_merged (3) (1).pdf,2
34,2024-kmu-mdcat-2024-code-c-35-34,2024,KMU MDCAT 2024 — Code C,,Biology,35,The neurotransmitter_______ is hydrolysed by monoamine oxidase,Acetylcholine,Adrenaline,Gluamate,Serotinin,,B,official_answer_key,,ilovepdf_merged (3) (1).pdf,2
35,2024-kmu-mdcat-2024-code-c-36-35,2024,KMU MDCAT 2024 — Code C,,Biology,36,Most of the neurons in the CNS are?,Bipolar,Multipolar,Pseudo unipolar,Unipolar,,B,official_answer_key,,ilovepdf_merged (3) (1).pdf,2
36,2024-kmu-mdcat-2024-code-c-37-36,2024,KMU MDCAT 2024 — Code C,,Biology,37,The enzymes enable the conversion of substrates into products by,Changing equilibrium in the direction of the substrate,Increasing the activation energy,Increasing the substrate concentration,Lowering the activation energy,,D,official_answer_key,,ilovepdf_merged (3) (1).pdf,2
37,2024-kmu-mdcat-2024-code-c-38-37,2024,KMU MDCAT 2024 — Code C,,Biology,38,"According to Lamarckism, the basis of evolution is:",Inheritance of acquired characteristics,Mutation,Natural selection,Survival of the fittest,,A,official_answer_key,,ilovepdf_merged (3) (1).pdf,2
38,2024-kmu-mdcat-2024-code-c-39-38,2024,KMU MDCAT 2024 — Code C,,Biology,39,What best describes the hind leg bones seen in the whale?,Analogous to the fin of living fish,Fossil structure from an extinct ancestor,Homologous structure of the wings of a bat,Vestigial structures that had a function in an ancestor,,D,official_answer_key,,ilovepdf_merged (3) (1).pdf,2
39,2024-kmu-mdcat-2024-code-c-40-39,2024,KMU MDCAT 2024 — Code C,,Biology,40,Which is true about the cells found in gastric glands lining the stomach wall?,Chief cells secrete gastrin,Hormone cells secrete intrinsic factor,Mucus cells secrete mucin,Parietal cells secrete pepsinogen,,C,official_answer_key,,ilovepdf_merged (3) (1).pdf,2
40,2024-kmu-mdcat-2024-code-c-41-40,2024,KMU MDCAT 2024 — Code C,,Biology,41,What directly triggers the activation of natural killer cells?,Free radicals,Hydrogen peroxide,Interferons,Oxygen,,C,official_answer_key,,ilovepdf_merged (3) (1).pdf,3
41,2024-kmu-mdcat-2024-code-c-42-41,2024,KMU MDCAT 2024 — Code C,,Biology,42,Which of the following is NOT true about plasmids found in streptococci?,Carry fewer genes than the chromosome,Replicate autonomously from the chromosome,They are considered as genetic element,The bacterial chromosome depends on plasmids for replication,,D,official_answer_key,,ilovepdf_merged (3) (1).pdf,3
42,2024-kmu-mdcat-2024-code-c-43-42,2024,KMU MDCAT 2024 — Code C,,Biology,43,Which of the following bacteria produces endospores?,Both gram negative and positive bacteria,Gram negative,Gram positive,Mycobacteria,,C,official_answer_key,,ilovepdf_merged (3) (1).pdf,3
43,2024-kmu-mdcat-2024-code-c-44-43,2024,KMU MDCAT 2024 — Code C,,Biology,44,_________ is used in the production of Humulin?,Bacteria,Fungi,Protozoa 23. 24. 25. 26. 27. 28. 29. 30. 31. 32. 33. $kmu 'KHYBER MEDICAL UNIVERSITY Carnivorous plants have evolved mechanisms for trapping and digesting small animals. The product of this digestion is used to supplement the plant’s supply of: a. Carbohydrates b. Lipids c. Nitrites,"Water Which is true for an X linked dominant trait? a. All female offspring of the affected father will be affected b. Half of the female offsprings of the affected father will be affected c. Nomale offspring of an affected mother will be affected d. No female offspring of the affected father will be affected Malpighian tubules are found in: a. Earthworm b. Grasshopper c. Leech d. Slug Shark belongs to class a. Chondrichthyes b. Echinodermata c. Osteichthyes d. Urochordata Canal system is a characteristic of? a. Cnidarians b. Protozoans c. Porifera d. Segmented worms Mantle is the feature of? a. Annelids b. Chordates c. Echinoderms d. Mussel The production of energy is a. Faster in anaerobic respiration b. Faster in aerobic respiration c. Same in both types of respiration d. Not associated with respiration The pathway to the breakdown of glucose, carried out by micro-organisms, is called: a. Lactic acid fermentation b. Alcoholic fermentation c. Cellular respiration d. None of the above Chromosome is typically made up from a combination of? a. DNAand protein b. DNAand RNA c. RNAand lipids d. RNAand proteins Which cytoplasmic organelle make their own proteins? a. Chromosomes b. Golgi apparatus c. Mitochondria d. Smooth endoplasmic reticulum The active mass movement of mitochondria in the cytoplasm is due to a. Cyclosis b. Endoplasmic streaming movements c. Golgi apparatus d. Transfer RNA Khyber Medical University- MDCAT 2024 34. 35. 36. 37. 38. 39. 40. 41. 42. 43. 44, Page 2 of 10 CODE: C Which part of the brain is controlling your sense of balance? a. Amygdala b. Cerebellum c. Hippocampus d. Medulla Oblongata The neurotransmitter. is monoamine oxidase a. Acetylcholine b. Adrenaline c. Gluamate d. Serotinin Most of the neurons in the CNS are? a. Bipolar b. Multipolar c. Pseudo unipolar d. Unipolar The enzymes enable the conversion of substrates into products by a. Changing equilibrium in the direction of the substrate b. Increasing the activation energy c. Increasing the substrate concentration d. Lowering the activation energy According to Lamarckism, the basis of evolution is: a. Inheritance of acquired characteristics b. Mutation c. Natural selection d. Survival of the fittest What best describes the hind leg bones seen in the whale? a. Analogous to the fin of living fish b. Fossil structure from an extinct ancestor c. Homologous structure of the wings of a bat d. Vestigial structures that had a function in an ancestor Which is true about the cells found in gastric glands lining the stomach wall? a. Chief cells secrete gastrin b. Hormone cells secrete intrinsic factor c. Mucus cells secrete mucin d. Parietal cells secrete pepsinogen What directly triggers the activation of natural killer cells? a. Free radicals b. Hydrogen peroxide c. Interferons d. Oxygen Which of the following is NOT true about plasmids found in streptococci? Carry fewer genes than the chromosome Replicate autonomously from the chromosome They are considered as genetic element The bacterial chromosome depends on plasmids for replication Which of the following bacteria produces endospores? Both gram negative and positive bacteria Gram negative Gram positive Mycobacteria is used in the production of Humulin? Bacteria Fungi c. Protozoa hydrolysed by oY Khyber Medical University- MDCAT 2024 CODE: C Page 3 of 10 d. Virus",,A,official_answer_key,,ilovepdf_merged (3) (1).pdf,3
44,2024-kmu-mdcat-2024-code-c-45-44,2024,KMU MDCAT 2024 — Code C,,Biology,45,Which of the following does NOT relate to smooth muscles?,Controlled by the autonomic nervous system,Have spindle shaped cells,Line the wall of heart,Lack striations,,C,official_answer_key,,ilovepdf_merged (3) (1).pdf,3
45,2024-kmu-mdcat-2024-code-c-46-45,2024,KMU MDCAT 2024 — Code C,,Biology,46,Which term best describes an organism’s physical characteristic.,Allele,Genetic code,Genotype,Trait,,D,official_answer_key,,ilovepdf_merged (3) (1).pdf,3
46,2024-kmu-mdcat-2024-code-c-47-46,2024,KMU MDCAT 2024 — Code C,,Biology,47,What will happen with the addition of salt to water?,Water potential will increase,Water potential will remain same,Osmotic potential will increase,Osmotic potential will remain same,,C,official_answer_key,,ilovepdf_merged (3) (1).pdf,3
47,2024-kmu-mdcat-2024-code-c-48-47,2024,KMU MDCAT 2024 — Code C,,Biology,48,Which of the following is NOT true about viruses?,Contain DNA,Can replicate on their own,Can infect bacteria,They have a sub-cellular structure,,B,official_answer_key,,ilovepdf_merged (3) (1).pdf,3
48,2024-kmu-mdcat-2024-code-c-49-48,2024,KMU MDCAT 2024 — Code C,,Biology,49,The genetic code of _____ is bound by a lipid membrane?,Enterovirus,Flu virus,Hepatitis A virus,Polio virus,,B,official_answer_key,,ilovepdf_merged (3) (1).pdf,3
49,2024-kmu-mdcat-2024-code-c-50-49,2024,KMU MDCAT 2024 — Code C,,Biology,50,Viruses can NOT______.,Crystalise,Excrete,Infect bacteria,Mutate,,B,official_answer_key,,ilovepdf_merged (3) (1).pdf,3
50,2024-kmu-mdcat-2024-code-c-51-50,2024,KMU MDCAT 2024 — Code C,,Biology,51,Where are the enzymes required for the replication of HIV virus located?,In the protein spikes,Surrounding the viral core,Inside the capsid,Outside the capsid,,C,official_answer_key,,ilovepdf_merged (3) (1).pdf,3
51,2024-kmu-mdcat-2024-code-c-52-51,2024,KMU MDCAT 2024 — Code C,,Biology,52,The process of ATP synthesis through a combination of electrochemical and osmotic events is known as:,Fermentation,Glycolysis,Oxidative phosphorylation,Oxidation of pyruvate to acetyl CoA,,C,official_answer_key,,ilovepdf_merged (3) (1).pdf,3
52,2024-kmu-mdcat-2024-code-c-53-52,2024,KMU MDCAT 2024 — Code C,,Biology,53,Optimum pH for pancreatic lipase is:,2,4,6,8,,D,official_answer_key,,ilovepdf_merged (3) (1).pdf,3
53,2024-kmu-mdcat-2024-code-c-54-53,2024,KMU MDCAT 2024 — Code C,,Biology,54,Sugarcane contains _________.,Fructose,Glucose,Ribose,Sucrose,,D,official_answer_key,,ilovepdf_merged (3) (1).pdf,3
54,2024-kmu-mdcat-2024-code-c-55-54,2024,KMU MDCAT 2024 — Code C,,Biology,55,Sickle cell anaemia results from?,Reduction in oxygen carrying capacity of haemoglobin,Linkage between the polypeptide chains,Single amino acid substitution in the haemoglobin molecule,Viral infections of RNA viruses,,C,official_answer_key,,ilovepdf_merged (3) (1).pdf,3
55,2024-kmu-mdcat-2024-code-c-56-55,2024,KMU MDCAT 2024 — Code C,,Biology,56,Which is INCORRECT about the globular proteins?,Abundantly found in hair,Are spherical in shape,Have polypeptide chains,Soluble in water,,A,official_answer_key,,ilovepdf_merged (3) (1).pdf,3
56,2024-kmu-mdcat-2024-code-c-57-56,2024,KMU MDCAT 2024 — Code C,,Biology,57,What is the ester of fatty acids and long chain alcohol called?,Acylglycerol,Glycerol,Phospholipid,Wax,,D,official_answer_key,,ilovepdf_merged (3) (1).pdf,3
57,2024-kmu-mdcat-2024-code-c-58-57,2024,KMU MDCAT 2024 — Code C,,Biology,58,"Lipids, which do not contain fatty acid are:",Neutral lipids,Phosphatidic acids,Steroids,Waxes,,C,official_answer_key,,ilovepdf_merged (3) (1).pdf,3
58,2024-kmu-mdcat-2024-code-c-59-58,2024,KMU MDCAT 2024 — Code C,,Biology,59,The peptidoglycan cell wall is specific to.,Amoeba,Bacteria,Protozoa,Virus,,B,official_answer_key,,ilovepdf_merged (3) (1).pdf,3
59,2024-kmu-mdcat-2024-code-c-60-59,2024,KMU MDCAT 2024 — Code C,,Biology,60,Where are spindle fibres attached on a chromosome during cell division,Centromere,Histone proteins,Nucleolus,Telomere,,A,official_answer_key,,ilovepdf_merged (3) (1).pdf,3
60,2024-kmu-mdcat-2024-code-c-61-60,2024,KMU MDCAT 2024 — Code C,,Biology,61,Which organelle contribute towards steroid production?,Endoplasmic Reticulum,Golgi apparatus,Lysosome,Ribosomes,,A,official_answer_key,,ilovepdf_merged (3) (1).pdf,4
61,2024-kmu-mdcat-2024-code-c-62-61,2024,KMU MDCAT 2024 — Code C,,Biology,62,The lysosomes found in eukaryotes contain:,Hydrolytic enzymes,Meiotic enzymes,Oxidative enzymes,Mitotic enzymes,,A,official_answer_key,,ilovepdf_merged (3) (1).pdf,4
62,2024-kmu-mdcat-2024-code-c-63-62,2024,KMU MDCAT 2024 — Code C,,Biology,63,Plasma membrane is differentially permeable membrane due to the presence of?,Carbohydrates,Lipids,Proteins,Vitamins,,B,official_answer_key,,ilovepdf_merged (3) (1).pdf,4
63,2024-kmu-mdcat-2024-code-c-64-63,2024,KMU MDCAT 2024 — Code C,,Biology,64,The following function/activity is NOT controlled by the autonomic nervous system.,Cardiac muscles contraction,Salivation,Smooth muscles contraction,Thoughts and emotions,,D,official_answer_key,,ilovepdf_merged (3) (1).pdf,4
64,2024-kmu-mdcat-2024-code-c-65-64,2024,KMU MDCAT 2024 — Code C,,Biology,65,A motor neuron:,Carries impulse from effectors to CNS,Carries impulse from receptors to CNS,Carries impulse from CNS to muscles,Connects sensory nerves to ganglions,,C,official_answer_key,,ilovepdf_merged (3) (1).pdf,4
65,2024-kmu-mdcat-2024-code-c-66-65,2024,KMU MDCAT 2024 — Code C,,Biology,66,Diffusion of ____________ across the post synaptic membrane causes it to depolarise:,Calcium ions,Chloride ions,Potassium ions,Sodium ions,,D,official_answer_key,,ilovepdf_merged (3) (1).pdf,4
66,2024-kmu-mdcat-2024-code-c-67-66,2024,KMU MDCAT 2024 — Code C,,Biology,67,"A reflex action, does not involve the",Brain,Motor neuron,Sensory neuron,"Spinal cord 45. 46. 47. 48. 49. 50. 51. 52. 53. 54. 55. 56. $k Forseruetca. veer d. Virus Which of the following does NOT relate to smooth muscles? a. Controlled by the autonomic nervous system b. Have spindle shaped cells c. Line the wall of heart d. Lack striations Which term best describes an organism’s physical characteristic. a. Allele b. Genetic code c. Genotype d. Trait What will happen with the addition of salt to water? a. Water potential will increase b. Water potential will remain same c. Osmotic potential will increase d. Osmotic potential will remain same Which of the following is NOT true about viruses? a. Contain DNA b. Can replicate on their own c. Can infect bacteria d. They have a sub-cellular structure The genetic code of is bound by a lipid membrane? a. Enterovirus b. Flu virus c. Hepatitis A virus d. Polio virus Viruses can NOT. a. Crystalise b. Excrete c. Infect bacteria d. Mutate Where are the enzymes required for the replication of HIV virus located? a. In the protein spikes b. Surrounding the viral core c. Inside the capsid d. Outside the capsid The process of ATP synthesis through a combination of electrochemical and osmotic events is known as: a. Fermentation b. Glycolysis c. Oxidative phosphorylation d. Oxidation of pyruvate to acetyl CoA Optimum pH for pancreatic lipase is: a. 2 b. 4 c. 6 d. 8 Sugarcane contains a. Fructose b. Glucose c. Ribose d. Sucrose Sickle cell anaemia results from? a. Reduction in oxygen carrying capacity of haemoglobin b. Linkage between the polypeptide chains c. Single amino acid substitution in the haemoglobin molecule d. Viral infections of RNA viruses Which is INCORRECT about the globular proteins? a. Abundantly found in hair Khyber Medical University- MDCAT 2024 57. 58. 59. 60. 61. 62. 63. 64. 65. 66. 67. Page 3 of 10 CODE: C b. Are spherical in shape c. Have polypeptide chains d. Soluble in water What is the ester of fatty acids and long chain alcohol called? a. Acylglycerol b. Glycerol c. Phospholipid d. Wax Lipids, which do not contain fatty acid are: a. Neutral lipids b. Phosphatidic acids c. Steroids d. Waxes The peptidoglycan cell wall is specific to. a. Amoeba b. Bacteria c. Protozoa d. Virus Where are spindle fibres attached on a chromosome during cell division a. Centromere b. Histone proteins c. Nucleolus d. Telomere Which organelle contribute towards steroid production? a. Endoplasmic Reticulum b. Golgi apparatus c. Lysosome d. Ribosomes The lysosomes found in eukaryotes contain: a. Hydrolytic enzymes b. Meiotic enzymes c. Oxidative enzymes d. Mitotic enzymes Plasma membrane is differentially permeable membrane due to the presence of? a. Carbohydrates b. Lipids c. Proteins d. Vitamins The following function/activity is NOT controlled by the autonomic nervous system. a. Cardiac muscles contraction b. Salivation c. Smooth muscles contraction d. Thoughts and emotions A motor neuron: a. Carries impulse from effectors to CNS b. Carries impulse from receptors to CNS c. Carries impulse from CNS to muscles d. Connects sensory nerves to ganglions Diffusion of across the post synaptic membrane causes it to depolarise: a. Calcium ions b. Chloride ions c. Potassium ions d. Sodium ions A reflex action, does not involve the a. Brain b. Motor neuron c. Sensory neuron d. Spinal cord Khyber Medical University- MDCAT 2024 CODE: C Page 4 of 10",,A,official_answer_key,,ilovepdf_merged (3) (1).pdf,4
67,2024-kmu-mdcat-2024-code-c-68-67,2024,KMU MDCAT 2024 — Code C,,Biology,68,What happens to the enzyme after an enzyme-catalysed reaction?,Reduced to inactive form,Becomes inert,Changes into substrate,Used for another reaction CHEMISTRY,,D,official_answer_key,,ilovepdf_merged (3) (1).pdf,4
68,2024-kmu-mdcat-2024-code-c-69-68,2024,KMU MDCAT 2024 — Code C,,Chemistry,69,"In the production of SO3 from SO2 and Oxygen, the yield of SO3 is increased by",Adding a catalyst,Adding more SO2,Increasing temperature,Removing oxygen,,B,official_answer_key,,ilovepdf_merged (3) (1).pdf,4
69,2024-kmu-mdcat-2024-code-c-70-69,2024,KMU MDCAT 2024 — Code C,,Chemistry,70,Consider N2 + 3H2(g) 2NH3(g) ∆H= -92.46kJ/mol The optimum temperature (o C) to produce ammonia is,0,450,5000,Constant temperature,,B,official_answer_key,,ilovepdf_merged (3) (1).pdf,4
70,2024-kmu-mdcat-2024-code-c-71-70,2024,KMU MDCAT 2024 — Code C,,Chemistry,71,The unit of KC for the system PCl5 PCl3 + Cl2 is,dm3 /mol,mol/ dm3,mol/ dm6,mol2 /dm6,,B,official_answer_key,,ilovepdf_merged (3) (1).pdf,4
71,2024-kmu-mdcat-2024-code-c-72-71,2024,KMU MDCAT 2024 — Code C,,Chemistry,72,"For a first order reaction A → B, the rate constant is 0.0458 s-1 . Calculate rate of the reaction if the concentration of reactant is 0.35mol dm-3 .",0.012 mol dm-3 s-1,0.014 mol dm-3 s-1,0.016 mol dm-3 s-1,0.018 mol dm-3 s-1,,C,official_answer_key,,ilovepdf_merged (3) (1).pdf,4
72,2024-kmu-mdcat-2024-code-c-73-72,2024,KMU MDCAT 2024 — Code C,,Chemistry,73,"A reaction is first order with respect to A and second order with respect to B, the rate equation is",Rate = k [A],Rate = k [A][B],Rate = k [A]2 [B],Rate = k [A][B]2,,D,official_answer_key,,ilovepdf_merged (3) (1).pdf,4
73,2024-kmu-mdcat-2024-code-c-74-73,2024,KMU MDCAT 2024 — Code C,,Chemistry,74,"What mass of aluminium oxide (Al2O3) is produced from 18.5g of Al metal, when it reacts completely with oxygen gas according to the following equation? 4Al(S) + 3O2(g) → 2Al2O3(S)",30.8g,32.6g,34.9g,36.5g,,C,official_answer_key,,ilovepdf_merged (3) (1).pdf,4
74,2024-kmu-mdcat-2024-code-c-75-74,2024,KMU MDCAT 2024 — Code C,,Chemistry,75,Calculate the work done when 1 mole of an ideal gas expands from 15 dm3 to 20 dm3 against a constant external pressure of 2 atmospheres.,-10 atm.dm3,-5 atm.dm3,5 atm.dm3,10 atm.dm3,,A,official_answer_key,,ilovepdf_merged (3) (1).pdf,4
75,2024-kmu-mdcat-2024-code-c-76-75,2024,KMU MDCAT 2024 — Code C,,Chemistry,76,"When 1 mole of ice melts at 0o C and constant pressure of 1 atmosphere, 6025 J of heat is absorbed by the system. The molar volume of ice and water are 0.020 and 0.018 dm3 , respectively. Calculate ∆E. (1dm3 .atm=101.33J)",6010.20J,6015.20J,6020.20J,6025.20J,,D,official_answer_key,,ilovepdf_merged (3) (1).pdf,4
76,2024-kmu-mdcat-2024-code-c-77-76,2024,KMU MDCAT 2024 — Code C,,Chemistry,77,"One slice of bread with a tablespoon of peanut butter on it contains 20g carbohydrate, 10g protein, and 9g fat. Calculate total energy consumed in this intake.",158kcal,173kcal,201kcal,218kcal,,C,official_answer_key,,ilovepdf_merged (3) (1).pdf,4
77,2024-kmu-mdcat-2024-code-c-78-77,2024,KMU MDCAT 2024 — Code C,,Chemistry,78,∆H can be measured indirectly by applying,Avogadro’s law,Faraday’s law,Gas’s law,Hess’s law,,D,official_answer_key,,ilovepdf_merged (3) (1).pdf,4
78,2024-kmu-mdcat-2024-code-c-79-78,2024,KMU MDCAT 2024 — Code C,,Chemistry,79,"The heat of sublimation of potassium is 98kJ/mol, the heat of dissociation of bromine gas is 192.5 kJ/mol. The ionization energy of K is 414 kJ/mol. The electron affinity of Br is -334.7 kJ/mol and the heat of formation of KBr is -405.8 kJ/mol. Calculate the lattice energy of KBr.",-679.3,-669.5,669.5,679.3,,A,official_answer_key,,ilovepdf_merged (3) (1).pdf,4
79,2024-kmu-mdcat-2024-code-c-80-79,2024,KMU MDCAT 2024 — Code C,,Chemistry,80,Which one of the following is a strong electrolyte in solution?,Acetic acid,Ammonium hydroxide,Carbonic acid,Potassium iodide,,D,official_answer_key,,ilovepdf_merged (3) (1).pdf,4
80,2024-kmu-mdcat-2024-code-c-81-80,2024,KMU MDCAT 2024 — Code C,,Chemistry,81,When 4 g of magnesium was heated in excess of oxygen. Calculate the theoretical yield of magnesium oxide (MgO).,3.7g,4.2g,5.4g,6.6g,,D,official_answer_key,,ilovepdf_merged (3) (1).pdf,5
81,2024-kmu-mdcat-2024-code-c-82-81,2024,KMU MDCAT 2024 — Code C,,Chemistry,82,The electrode potential of the standard hydrogen electrode is chosen as,-1 V,0 V,1 V,2 V,,B,official_answer_key,,ilovepdf_merged (3) (1).pdf,5
82,2024-kmu-mdcat-2024-code-c-83-82,2024,KMU MDCAT 2024 — Code C,,Chemistry,83,Electronegativity of Al is approximately equal to that of,B,Be,Mg,Na,,B,official_answer_key,,ilovepdf_merged (3) (1).pdf,5
83,2024-kmu-mdcat-2024-code-c-84-83,2024,KMU MDCAT 2024 — Code C,,Chemistry,84,Which of the following alkali metal forms only normal oxide with O2?,K,Li,Na,Rb,,B,official_answer_key,,ilovepdf_merged (3) (1).pdf,5
84,2024-kmu-mdcat-2024-code-c-85-84,2024,KMU MDCAT 2024 — Code C,,Chemistry,85,Third period element that initially reacts rapidly with oxygen to form a protective oxide coating that prevents further reactions is,Al,Mg,Na,Si,,A,official_answer_key,,ilovepdf_merged (3) (1).pdf,5
85,2024-kmu-mdcat-2024-code-c-86-85,2024,KMU MDCAT 2024 — Code C,,Chemistry,86,Cu2+ salt solution is blue in colour due to transition of electrons from,d to d orbital,p to d orbital,p to p orbital 68. 69. 70. 71. 72. 73. 74. 75. 76. $kmu 'KHYBER MEDICAL UNIVERSITY What happens to the enzyme after an enzyme-catalysed reaction? a. Reduced to inactive form b. Becomes inert c. Changes into substrate,"Used for another reaction CHEMISTRY In the production of SO3 from SO2 and Oxygen, the yield of SO3 is increased by a. Adding a catalyst b. Adding more SO, c. Increasing temperature d. Removing oxygen Consider Nz + 3H) = 2NH3() AH= -92.46kJ/mol The optimum temperature (°C) to produce ammonia is a. 0 b. 450 c. 5000 d. Constant temperature The unit of Kc for the system PCls = PCl3 + Cl: is a. dm?/mol b. mol/ dm3 c. mol/ dm® d. mol?/dm® For a first order reaction A > B, the rate constant is 0.0458 s'. Calculate rate of the reaction if the concentration of reactant is 0.35mol dm?. a. 0.012 mol dm? s* b. 0.014 mol dm? s* c. 0.016 mol dm? s* d. 0.018 mol dm? s* A reaction is first order with respect to A and second order with respect to B, the rate equation is a. Rate =k [A] b. Rate =k [A][B] c. Rate =k [A}?[B] d. Rate =k [A][B]* What mass of aluminium oxide (Al,O3) is produced from 18.5g of Al metal, when it reacts completely with oxygen gas according to the following equation? AAs) + 302(g) > 2Al203;5) a. 30.89 b. 32.62 c. 34.99 d. 36.5g Calculate the work done when 1 mole of an ideal gas expands from 15 dm? to 20 dm? against a constant external pressure of 2 atmospheres. a. -10 atm.dm?3 b. -5 atm.dm? c. 5atm.dm3 d. 10 atm.dm?3 When 1 mole of ice melts at 0°C and constant pressure of 1 atmosphere, 6025 J of heat is absorbed by the system. The molar volume of ice and water are 0.020 and 0.018 dm?, respectively. Calculate AE. (1dm?.atm=101.33J) a. 6010.20J b. 6015.20J c. 6020.20J d. 6025.20J Khyber Medical University- MDCAT 2024 77. 78. 79. 80. 81. 82. 83. 84. 85. 86. Page 4 of 10 CODE: C One slice of bread with a tablespoon of peanut butter on it contains 20g carbohydrate, 10g protein, and 9g fat. Calculate total energy consumed in this intake. a. 158kcal b. 173kcal c. 201kcal d. 218kcal AH can be measured indirectly by applying a. Avogadro’s law b. Faraday’s law c. Gas’s law d. Hess’s law The heat of sublimation of potassium is 98kJ/mol, the heat of dissociation of bromine gas is 192.5 kJ/mol. The ionization energy of K is 414 kJ/mol. The electron affinity of Br is -334.7 kJ/mol and the heat of formation of KBr is -405.8 kJ/mol. Calculate the lattice energy of KBr. a. -679.3 b. -669.5 c. 669.5 d. 679.3 Which one of the following is a strong electrolyte in solution? a. Acetic acid b. Ammonium hydroxide c. Carbonic acid d. Potassium iodide When 4 g of magnesium was heated in excess of oxygen. Calculate the theoretical yield of magnesium oxide (MgO). a. 3.79 b. 4.29 c. 5.49 d. 6.6g The electrode potential of the standard hydrogen electrode is chosen as a. -1V b. OV c. 1V d. 2V Electronegativity of Al is approximately equal to that of a. B b. Be c. Mg d. Na Which of the following alkali metal forms only normal oxide with 02? a. K b. Li c. Na d. Rb Third period element that initially reacts rapidly with oxygen to form a protective oxide coating that prevents further reactions is a. Al b. Mg c. Na d. Si Cu2* salt solution is blue in colour due to transition of electrons from a. dtod orbital b. p tod orbital c. p top orbital Khyber Medical University- MDCAT 2024 CODE: C Page 5 of 10 d. s to p orbital",,A,official_answer_key,,ilovepdf_merged (3) (1).pdf,5
86,2024-kmu-mdcat-2024-code-c-87-86,2024,KMU MDCAT 2024 — Code C,,Chemistry,87,Potassium ferrocyanide is which type of salt?,Complex,Double,Mixed,Normal,,A,official_answer_key,,ilovepdf_merged (3) (1).pdf,5
87,2024-kmu-mdcat-2024-code-c-88-87,2024,KMU MDCAT 2024 — Code C,,Chemistry,88,Name of ketone functional group is,Amino,Carbonyl,Carboxyl,Formyl,,B,official_answer_key,,ilovepdf_merged (3) (1).pdf,5
88,2024-kmu-mdcat-2024-code-c-89-88,2024,KMU MDCAT 2024 — Code C,,Chemistry,89,Pyridine belongs to which class of organic compounds?,Alicyclic,Heterocyclic,Homocyclic,Hydrocarbon,,B,official_answer_key,,ilovepdf_merged (3) (1).pdf,5
89,2024-kmu-mdcat-2024-code-c-90-89,2024,KMU MDCAT 2024 — Code C,,Chemistry,90,Which of the following elements cannot be detected directly in a given organic compound?,Chlorine,Nitrogen,Oxygen,Phosphorous,,C,official_answer_key,,ilovepdf_merged (3) (1).pdf,5
90,2024-kmu-mdcat-2024-code-c-91-90,2024,KMU MDCAT 2024 — Code C,,Chemistry,91,The homolytic fission of C-H bond in an alkane result in,Alkyl free radical,Carbanion,Carbocation,Methylpropane,,A,official_answer_key,,ilovepdf_merged (3) (1).pdf,5
91,2024-kmu-mdcat-2024-code-c-92-91,2024,KMU MDCAT 2024 — Code C,,Chemistry,92,Addition of HBr to isobutylene mainly gives,isobutyl bromide,n-butyl bromide,sec-butyl bromide,tert-butyl bromide,,D,official_answer_key,,ilovepdf_merged (3) (1).pdf,5
92,2024-kmu-mdcat-2024-code-c-93-92,2024,KMU MDCAT 2024 — Code C,,Chemistry,93,Dehydrohalogenation of alkylhalide is carried out in presence of,Alcoholic KOH,Aqueous KOH,Conc. H2SO4,Zn dust,,A,official_answer_key,,ilovepdf_merged (3) (1).pdf,5
93,2024-kmu-mdcat-2024-code-c-94-93,2024,KMU MDCAT 2024 — Code C,,Chemistry,94,The pKb of n-propyl amine is,3.24,3.28,3.32,3.35,,C,official_answer_key,,ilovepdf_merged (3) (1).pdf,5
94,2024-kmu-mdcat-2024-code-c-95-94,2024,KMU MDCAT 2024 — Code C,,Chemistry,95,The carbon atom carrying positive charge and attached to three other atoms or groups is called,Carbanion,Carbene,Carbocation,Oxonium,,C,official_answer_key,,ilovepdf_merged (3) (1).pdf,5
95,2024-kmu-mdcat-2024-code-c-96-95,2024,KMU MDCAT 2024 — Code C,,Chemistry,96,Which of the following has the highest boiling point?,ethyl alcohol,isopropyl alcohol,n-propyl alcohol,tert-butyl alcohol,,C,official_answer_key,,ilovepdf_merged (3) (1).pdf,5
96,2024-kmu-mdcat-2024-code-c-97-96,2024,KMU MDCAT 2024 — Code C,,Chemistry,97,The reaction of an alcohol with sodium produces,Aldehyde,Alkoxide,Ethane,Ethene,,B,official_answer_key,,ilovepdf_merged (3) (1).pdf,5
97,2024-kmu-mdcat-2024-code-c-98-97,2024,KMU MDCAT 2024 — Code C,,Chemistry,98,Oxidation of secondary alcohol gives,Carboxylic acid,Ether,Ketone,Phenol,,C,official_answer_key,,ilovepdf_merged (3) (1).pdf,5
98,2024-kmu-mdcat-2024-code-c-99-98,2024,KMU MDCAT 2024 — Code C,,Chemistry,99,Which aldehyde is more reactive towards nucleophilic addition?,Acetaldehyde,Butyraldehyde,Formaldehyde,Propionaldehyde,,C,official_answer_key,,ilovepdf_merged (3) (1).pdf,5
99,2024-kmu-mdcat-2024-code-c-100-99,2024,KMU MDCAT 2024 — Code C,,Chemistry,100,Acetic acid can be prepared by the hydrolysis of,Ethanal,Ethanol,Methanoic acid,Methyl cyanide,,D,official_answer_key,,ilovepdf_merged (3) (1).pdf,5
100,2024-kmu-mdcat-2024-code-c-101-100,2024,KMU MDCAT 2024 — Code C,,Chemistry,101,Protein present in haemoglobin has _______ structure.,Primary,Secondary,Tertiary,Quaternary,,D,official_answer_key,,ilovepdf_merged (3) (1).pdf,6
101,2024-kmu-mdcat-2024-code-c-102-101,2024,KMU MDCAT 2024 — Code C,,Chemistry,102,"In competitive inhibition, the inhibitor",Binds with substrate,Competes with enzyme,Competes with substrate,Irreversibly binds with enzyme,,C,official_answer_key,,ilovepdf_merged (3) (1).pdf,6
102,2024-kmu-mdcat-2024-code-c-103-102,2024,KMU MDCAT 2024 — Code C,,Chemistry,103,How many moles are there in 60g of sodium hydroxide (NaOH)?,2,4,6,8,,A,official_answer_key,,ilovepdf_merged (3) (1).pdf,6
103,2024-kmu-mdcat-2024-code-c-104-103,2024,KMU MDCAT 2024 — Code C,,Chemistry,104,Heating 24.8g of copper carbonate (CuCO3) in a crucible produced only 13.9g of copper oxide (CuO). What is the percentage yield of copper oxide?,81.79%,83.98%,86.87%,89.68%,,C,official_answer_key,,ilovepdf_merged (3) (1).pdf,6
104,2024-kmu-mdcat-2024-code-c-105-104,2024,KMU MDCAT 2024 — Code C,,Chemistry,105,Efficiency of chemical reaction can be checked by calculating,Actual yield,Theoretical yield,Percentage yield,Amount of the reactant unused,,C,official_answer_key,,ilovepdf_merged (3) (1).pdf,6
105,2024-kmu-mdcat-2024-code-c-106-105,2024,KMU MDCAT 2024 — Code C,,Chemistry,106,"Actual yield will reach the ideal (theoretical) value if the % yield of the reaction is,",10%,50%,90%,100%,,D,official_answer_key,,ilovepdf_merged (3) (1).pdf,6
106,2024-kmu-mdcat-2024-code-c-107-106,2024,KMU MDCAT 2024 — Code C,,Chemistry,107,Which of the following sub-shell does not exist?,1p,1s,5d,6f,,A,official_answer_key,,ilovepdf_merged (3) (1).pdf,6
107,2024-kmu-mdcat-2024-code-c-108-107,2024,KMU MDCAT 2024 — Code C,,Chemistry,108,The splitting of spectral lines in magnetic field is,Aufbau principle,Pauli exclusion principle,Stark effect,Zeeman effect,,D,official_answer_key,,ilovepdf_merged (3) (1).pdf,6
108,2024-kmu-mdcat-2024-code-c-109-108,2024,KMU MDCAT 2024 — Code C,,Chemistry,109,"Which element has the electronic configuration of noble-gas notation [Kr], 5s2 , 4d2",Mo,Se,Sr,"Zr 87. 88. 89. 90. 91. 92. 93. 94. 95. 96. 97. 98. $k Forseruetca. veer d. stop orbital Potassium ferrocyanide is which type of salt? a. Complex b. Double c. Mixed d. Normal Name of ketone functional group is a. Amino b. Carbonyl c. Carboxyl d. Formyl Pyridine belongs to which class of organic compounds? a. Alicyclic b. Heterocyclic c. Homocyclic d. Hydrocarbon Which of the following elements cannot be detected directly in a given organic compound? a. Chlorine b. Nitrogen c. Oxygen d. Phosphorous The homolytic fission of C-H bond in an alkane result in a. Alkyl free radical b. Carbanion c. Carbocation d. Methylpropane Addition of HBr to isobutylene mainly gives a. isobutyl bromide b. n-butyl bromide c. sec-butyl bromide d. tert-butyl bromide Dehydrohalogenation of alkylhalide is carried out in presence of a. Alcoholic KOH b. Aqueous KOH c. Conc. H2S04 d. Zn dust The pk, of n-propyl amine is a. 3.24 b. 3.28 c. 3.32 d. 3.35 The carbon atom carrying positive charge and attached to three other atoms or groups is called a. Carbanion b. Carbene c. Carbocation d. Oxonium Which of the following has the highest boiling point? a. ethyl alcohol b. isopropyl alcohol c. n-propyl alcohol d. tert-butyl alcohol The reaction of an alcohol with sodium produces a. Aldehyde b. Alkoxide c. Ethane d. Ethene Oxidation of secondary alcohol gives a. Carboxylic acid b. Ether c. Ketone d. Phenol Khyber Medical University- MDCAT 2024 CODE: C 99. Which aldehyde is more reactive towards nucleophilic addition? a. Acetaldehyde b. Butyraldehyde c. Formaldehyde d. Propionaldehyde 100. Acetic acid can be prepared by the hydrolysis of a. Ethanal b. Ethanol c. Methanoic acid d. Methyl cyanide 101. Protein present in haemoglobin has structure. a. Primary b. Secondary c. Tertiary d. Quaternary 102. In competitive inhibition, the inhibitor a. Binds with substrate b. Competes with enzyme c. Competes with substrate d._ Irreversibly binds with enzyme 103. How many moles are there in 60g of sodium hydroxide (NaOH)? a. 2 b. 4 c. 6 d. 8 104. Heating 24.8g of copper carbonate (CuCOs) ina crucible produced only 13.9g of copper oxide (CuO). What is the percentage yield of copper oxide? a. 81.79% b. 83.98% c. 86.87% d. 89.68% 105. Efficiency of chemical reaction can be checked by calculating a. Actual yield b. Theoretical yield c. Percentage yield d. Amount of the reactant unused 106. Actual yield will reach the ideal (theoretical) value if the % yield of the reaction is, a. 10% b. 50% c. 90% d. 100% 107. Which of the following sub-shell does not exist? a. 1p b. 1s c. 5d d. 6f 108. The splitting of spectral lines in magnetic field is a. Aufbau principle b. Pauli exclusion principle c. Stark effect d. Zeeman effect 109. Which element has the electronic configuration of noble-gas notation [Kr], 5s?, 4d? a. Mo b. Se c. Sr d. Zr Page 5 of 10 Khyber Medical University- MDCAT 2024 CODE: C Page 6 of 10",,D,official_answer_key,,ilovepdf_merged (3) (1).pdf,6
109,2024-kmu-mdcat-2024-code-c-110-109,2024,KMU MDCAT 2024 — Code C,,Chemistry,110,Total number of electron pairs present in the valence shell of central atom in water are,2,3,4,5,,C,official_answer_key,,ilovepdf_merged (3) (1).pdf,6
110,2024-kmu-mdcat-2024-code-c-111-110,2024,KMU MDCAT 2024 — Code C,,Chemistry,111,What is the mass of 1 mole of calcium carbonate (CaCO3)?,50g,75g,100g,125g,,C,official_answer_key,,ilovepdf_merged (3) (1).pdf,6
111,2024-kmu-mdcat-2024-code-c-112-111,2024,KMU MDCAT 2024 — Code C,,Chemistry,112,Which one of the following molecules has a pyramidal structure?,C2H4,CH4,H2O,NH3,,D,official_answer_key,,ilovepdf_merged (3) (1).pdf,6
112,2024-kmu-mdcat-2024-code-c-113-112,2024,KMU MDCAT 2024 — Code C,,Chemistry,113,Which one of the following molecules has a zero- dipole moment?,BF3,NF3,NH3,H2O,,A,official_answer_key,,ilovepdf_merged (3) (1).pdf,6
113,2024-kmu-mdcat-2024-code-c-114-113,2024,KMU MDCAT 2024 — Code C,,Chemistry,114,The unhybridized p orbital in sp2 hybridization is,In the same plane,Out of the plane,Parallel to sp2 orbitals,Perpendicular to sp2 orbitals,,D,official_answer_key,,ilovepdf_merged (3) (1).pdf,6
114,2024-kmu-mdcat-2024-code-c-115-114,2024,KMU MDCAT 2024 — Code C,,Chemistry,115,760 torr is equal to ___ Pascal,1,76,760,101325,,D,official_answer_key,,ilovepdf_merged (3) (1).pdf,6
115,2024-kmu-mdcat-2024-code-c-116-115,2024,KMU MDCAT 2024 — Code C,,Chemistry,116,How many grams of CO2 can be produced by thermally decomposing 10 moles of ZnCO3(S)?,320,360,400,440,,D,official_answer_key,,ilovepdf_merged (3) (1).pdf,6
116,2024-kmu-mdcat-2024-code-c-117-116,2024,KMU MDCAT 2024 — Code C,,Chemistry,117,Molar heat of vaporization of water is,40.7 cal/mol,40.7 J/mol,40.7 kcal/mol,40.7 kJ/mol,,D,official_answer_key,,ilovepdf_merged (3) (1).pdf,6
117,2024-kmu-mdcat-2024-code-c-118-117,2024,KMU MDCAT 2024 — Code C,,Chemistry,118,Distillation under very reduced pressure is ____ distillation,Destructive,Fractional,Steam,Vacuum,,D,official_answer_key,,ilovepdf_merged (3) (1).pdf,6
118,2024-kmu-mdcat-2024-code-c-119-118,2024,KMU MDCAT 2024 — Code C,,Chemistry,119,The example of metallic solid is,B,C,Cu,Si,,C,official_answer_key,,ilovepdf_merged (3) (1).pdf,6
119,2024-kmu-mdcat-2024-code-c-120-119,2024,KMU MDCAT 2024 — Code C,,Chemistry,120,"When a crystalline substance conducts current in one direction but not through other directions of the crystal, this property is",Allotropy,Anisotropy,Isomorphism,Polymorphism,,B,official_answer_key,,ilovepdf_merged (3) (1).pdf,6
120,2024-kmu-mdcat-2024-code-c-121-120,2024,KMU MDCAT 2024 — Code C,,Chemistry,121,Forward reaction is the one that,Is very slow at the beginning of the reaction,Reacts to form reactants,Speeds up gradually and at equilibrium its rate becomes constant,Takes place from left to right as given in chemical equation,,D,official_answer_key,,ilovepdf_merged (3) (1).pdf,7
121,2024-kmu-mdcat-2024-code-c-122-121,2024,KMU MDCAT 2024 — Code C,,Chemistry,122,"How many moles of NaCl are produced from 16.5g of HCl, according to the neutralization reaction? HCl(aq) + NaOH(aq) → NaCl(aq) + H2O(I)",0.252,0.452,0.652,0.852 PHYSICS,,B,official_answer_key,,ilovepdf_merged (3) (1).pdf,7
122,2024-kmu-mdcat-2024-code-c-123-122,2024,KMU MDCAT 2024 — Code C,,Physics,123,"In an adiabatic process, how does the temperature of a gas change as its volume decreases?",The temperature decreases,The temperature increases,The temperature remains constant,The temperature first increases then decreases,,B,official_answer_key,,ilovepdf_merged (3) (1).pdf,7
123,2024-kmu-mdcat-2024-code-c-124-123,2024,KMU MDCAT 2024 — Code C,,Physics,124,"During an isothermal expansion of an ideal gas, which of the following statement is true?",Pressure and temperature of the gas increase,The internal energy of the gas increases,The temperature of the gas remains constant,The work done by the gas is zero,,C,official_answer_key,,ilovepdf_merged (3) (1).pdf,7
124,2024-kmu-mdcat-2024-code-c-125-124,2024,KMU MDCAT 2024 — Code C,,Physics,125,"Consider an ideal gas confined to the cylinder with a fixed piston, on heating the gas, all the heat supplied increases ______________.",Kinetic energy of the molecules,Potential Energy of the molecules,The intermolecular forces between gas molecules,The number of gas molecules,,A,official_answer_key,,ilovepdf_merged (3) (1).pdf,7
125,2024-kmu-mdcat-2024-code-c-126-125,2024,KMU MDCAT 2024 — Code C,,Physics,126,What is the increase in force between two charges if the separation between them is decreased by 50 percent?,Becomes four times,Doubles,Increases by half,Triples,,A,official_answer_key,,ilovepdf_merged (3) (1).pdf,7
126,2024-kmu-mdcat-2024-code-c-127-126,2024,KMU MDCAT 2024 — Code C,,Physics,127,"According to Coulomb’s law, what happens to the electrostatic force between the 2-point charges if the distance between them is doubled?",The force becomes one-fourth,The force becomes half,The force doubles,The force remains the same,,A,official_answer_key,,ilovepdf_merged (3) (1).pdf,7
127,2024-kmu-mdcat-2024-code-c-128-127,2024,KMU MDCAT 2024 — Code C,,Physics,128,What does one Coulomb represent in terms of charge?,The amount of charge transported by a current of one Ampere in one second,The charge of one proton,The charge of one electron,The charge required to create a force of 1 Newton between two charges separated by 1meter,,A,official_answer_key,,ilovepdf_merged (3) (1).pdf,7
128,2024-kmu-mdcat-2024-code-c-129-128,2024,KMU MDCAT 2024 — Code C,,Physics,129,"Two points charges, +5µC and -5µC are placed at points A and B, respectively, which are separated by a distance 2d. What is the electric potential at the midpoint M of the line joining A and B?",2kQ/d,kQ/d Sku Khyber Medical University- MDCAT 2024 110. Total number of electron pairs present in the valence shell of central atom in water are a. 2 b. 3,4,"5 111. What is the mass of 1 mole of calcium carbonate (CaCO3)? a. 50g b. 75g c. 100g d. 125g 112. Which one of the following molecules has a pyramidal structure? a. CoH, b. CH, c. H,0 d. NHs3 113. Which one of the following molecules has a zero- dipole moment? a. BF3 b. NF3 Cc. NH3 d. H,0 114. The unhybridized p orbital in sp? hybridization is a. Inthe same plane b. Out of the plane c. Parallel to sp? orbitals d. Perpendicular to sp? orbitals 115. 760 torr is equal to ____ Pascal a. 1 b. 76 c. 760 d. 101325 116. How many grams of CQ) can be produced by thermally decomposing 10 moles of ZnCO3,)? a. 320 b. 360 c. 400 d. 440 117. Molar heat of vaporization of water is a. 40.7 cal/mol b. 40.7 J/mol c. 40.7 kcal/mol d. 40.7 kJ/mol 118. Distillation under very reduced pressure is_____ distillation a. Destructive b. Fractional c. Steam d. Vacuum 119. The example of metallic solid is a. B b. C c. Cu d. Si 120. Whena crystalline substance conducts current in one direction but not through other directions of the crystal, this property is a. Allotropy b. Anisotropy c. Isomorphism d. Polymorphism 121. Forward reaction is the one that CODE: C a. Is very slow at the beginning of the reaction b. Reacts to form reactants c. Speeds up gradually and at equilibrium its rate becomes constant d. Takes place from left to right as given in chemical equation 122. How many moles of NaCl are produced from 16.5g of HCl, according to the neutralization reaction? HCliaq) + NaOH aq) > NaCliaq) + H20, a. 0.252 b. 0.452 c. 0.652 d. 0.852 PHYSICS 123. In an adiabatic process, how does the temperature of a gas change as its volume decreases? a. The temperature decreases b. The temperature increases c. The temperature remains constant d. The temperature first increases then decreases 124. During an isothermal expansion of an ideal gas, which of the following statement is true? a. Pressure and temperature of the gas increase b. The internal energy of the gas increases c. The temperature of the gas remains constant d. The work done by the gas is zero 125. Consider an ideal gas confined to the cylinder with a fixed piston, on heating the gas, all the heat supplied increases. a. Kinetic energy of the molecules b. Potential Energy of the molecules c. The intermolecular forces between gas molecules d. The number of gas molecules 126. What is the increase in force between two charges if the separation between them is decreased by 50 percent? a. Becomes four times b. Doubles c. Increases by half d. Triples 127. According to Coulomb’s law, what happens to the electrostatic force between the 2-point charges if the distance between them is doubled? a. The force becomes one-fourth b. The force becomes half c. The force doubles d. The force remains the same 128. What does one Coulomb represent in terms of charge? a. The amount of charge transported by a current of one Ampere in one second b. The charge of one proton c. The charge of one electron d. The charge required to create a force of 1 Newton between two charges separated by 1meter 129. Two points charges, +5uC and -5uC are placed at points A and B, respectively, which are separated by a distance 2d. What is the electric potential at the midpoint M of the line joining A and B? a. 2kQ/d b. kQ/d Page 6 of 10 Khyber Medical University- MDCAT 2024 CODE: C Page 7 of 10 c. -kQ/d d. zero",,D,official_answer_key,,ilovepdf_merged (3) (1).pdf,7
129,2024-kmu-mdcat-2024-code-c-130-129,2024,KMU MDCAT 2024 — Code C,,Physics,130,"In the case of a parallel plate capacitor, when the distance between the two plates is reduced to half and the area of the plate doubled, the capacitance",Increases four times,Increases six times,Is doubled,Remains the same,,A,official_answer_key,,ilovepdf_merged (3) (1).pdf,7
130,2024-kmu-mdcat-2024-code-c-131-130,2024,KMU MDCAT 2024 — Code C,,Physics,131,"If the dielectric material between the plates of the capacitor is removed, what happens to the electric field between the plates?",The electric field becomes zero,The electric field decreases,The electric field increases,The electric field remains the same,,C,official_answer_key,,ilovepdf_merged (3) (1).pdf,7
131,2024-kmu-mdcat-2024-code-c-132-131,2024,KMU MDCAT 2024 — Code C,,Physics,132,Capacitance of a capacitor increases with a decrease in:,Dielectric constant,Plate area,Permittivity,Plate separation,,D,official_answer_key,,ilovepdf_merged (3) (1).pdf,7
132,2024-kmu-mdcat-2024-code-c-133-132,2024,KMU MDCAT 2024 — Code C,,Physics,133,The I-V Graph for a non-Ohmic material is always,Curved,Horizontal,Linear,Perpendicular,,A,official_answer_key,,ilovepdf_merged (3) (1).pdf,7
133,2024-kmu-mdcat-2024-code-c-134-133,2024,KMU MDCAT 2024 — Code C,,Physics,134,Temperature coefficient of resistance is defined as increase in resistance per ohm original resistance per ___?,Degree rise in temperature,Unit increase in electric current,Unit decrease in capacitance,Degree drop in temperature,,A,official_answer_key,,ilovepdf_merged (3) (1).pdf,7
134,2024-kmu-mdcat-2024-code-c-135-134,2024,KMU MDCAT 2024 — Code C,,Physics,135,"For metals, the temperature coefficient of resistance is:",Infinity,Negative,Positive,Zero,,C,official_answer_key,,ilovepdf_merged (3) (1).pdf,7
135,2024-kmu-mdcat-2024-code-c-136-135,2024,KMU MDCAT 2024 — Code C,,Physics,136,"If R1 and R2 are respectively the filament resistance of a 100-Watt bulb and 200-Watt bulb designed to operate on the same voltage, then power of:",R1 is two times R2,R2 is two times R1,R2 is four times R1,R1 is four times R2,,A,official_answer_key,,ilovepdf_merged (3) (1).pdf,7
136,2024-kmu-mdcat-2024-code-c-137-136,2024,KMU MDCAT 2024 — Code C,,Physics,137,The maximum power transfer theorem states that maximum power is delivered to the load when,The load resistance is half of the source resistance,The load resistance is zero,The load resistance is double the source resistance,The load resistance is equal to the source resistance,,D,official_answer_key,,ilovepdf_merged (3) (1).pdf,7
137,2024-kmu-mdcat-2024-code-c-138-137,2024,KMU MDCAT 2024 — Code C,,Physics,138,Electron Volt (eV) is another unit of,Charge,Current,Energy,Power,,C,official_answer_key,,ilovepdf_merged (3) (1).pdf,7
138,2024-kmu-mdcat-2024-code-c-139-138,2024,KMU MDCAT 2024 — Code C,,Physics,139,"An electron is moving perpendicular to the magnetic field, which of the following is correct statement about electromagnetic force acting on the electron?",Force acting is equal to electron charge,Force acting is equal to the magnetic field strength,Force acting is maximum,Zero force is acting on it,,C,official_answer_key,,ilovepdf_merged (3) (1).pdf,7
139,2024-kmu-mdcat-2024-code-c-140-139,2024,KMU MDCAT 2024 — Code C,,Physics,140,"For a positive charged particle (q) moving with a velocity (v) in a magnetic Filed of flux density B, the force (F) acting on the charge particle is given by the expression?",q = Fv × B,F = qv × B,F = v × B/q,q = v × B/F,,B,official_answer_key,,ilovepdf_merged (3) (1).pdf,7
140,2024-kmu-mdcat-2024-code-c-141-140,2024,KMU MDCAT 2024 — Code C,,Physics,141,Which of the following statement is true about the magnetic field inside a solenoid?,It is along the axis of the coil,It is circular around the wires,It is strongest at the ends of the solenoid,It is zero when current flows through it,,A,official_answer_key,,ilovepdf_merged (3) (1).pdf,8
141,2024-kmu-mdcat-2024-code-c-142-141,2024,KMU MDCAT 2024 — Code C,,Physics,142,One-meter-long copper rod is moving with speed 20 m/sec in the magnetic field of strength 0.6 tesla what is the value of induced emf?,12 V,19.4 V,20.6 V,25 V,,A,official_answer_key,,ilovepdf_merged (3) (1).pdf,8
142,2024-kmu-mdcat-2024-code-c-143-142,2024,KMU MDCAT 2024 — Code C,,Physics,143,The inductance of a coil depends on.,Number of turns,Resistance of the wire used,Type of insulation used on the wire,Voltage applied to the coil,,A,official_answer_key,,ilovepdf_merged (3) (1).pdf,8
143,2024-kmu-mdcat-2024-code-c-144-143,2024,KMU MDCAT 2024 — Code C,,Physics,144,The direction of induced current is determined by?,Ampere’s law,Faraday’s law,Lenz’s law,Ohm’s law,,C,official_answer_key,,ilovepdf_merged (3) (1).pdf,8
144,2024-kmu-mdcat-2024-code-c-145-144,2024,KMU MDCAT 2024 — Code C,,Physics,145,Lenz’s law is consistent with the,Ampere’s Law,Faraday’s law,Law of conservation of energy,Ohm’s Law,,C,official_answer_key,,ilovepdf_merged (3) (1).pdf,8
145,2024-kmu-mdcat-2024-code-c-146-145,2024,KMU MDCAT 2024 — Code C,,Physics,146,The basic principle behind the operation of the transformer is.,Coulomb’s law,Electromagnetic induction,Gas’s Law,Hess’s law,,B,official_answer_key,,ilovepdf_merged (3) (1).pdf,8
146,2024-kmu-mdcat-2024-code-c-147-146,2024,KMU MDCAT 2024 — Code C,,Physics,147,"When the PN junction is reverse-biased, its reverse current is of the order of:",Gigaamperes,Kiloamperes,Megaamperes,Microamperes,,D,official_answer_key,,ilovepdf_merged (3) (1).pdf,8
147,2024-kmu-mdcat-2024-code-c-148-147,2024,KMU MDCAT 2024 — Code C,,Physics,148,The momentum of moving photon is:,mc2,λ / h,h / λ,zero,,C,official_answer_key,,ilovepdf_merged (3) (1).pdf,8
148,2024-kmu-mdcat-2024-code-c-149-148,2024,KMU MDCAT 2024 — Code C,,Physics,149,"In every instant of time, wavelength associated with a freely falling body:",Decreases,Increases two times $k Forseruetca. veer,-kQ/d,"zero 130. In the case of a parallel plate capacitor, when the distance between the two plates is reduced to half and the area of the plate doubled, the capacitance a. Increases four times b. Increases six times c. Is doubled d. Remains the same 131. If the dielectric material between the plates of the capacitor is removed, what happens to the electric field between the plates? a. The electric field becomes zero b. The electric field decreases c. The electric field increases d. The electric field remains the same 132. Capacitance of a capacitor increases with a decrease in: a. Dielectric constant b. Plate area c. Permittivity d. Plate separation 133. The I-V Graph for a non-Ohmic material is always a. Curved b. Horizontal c. Linear d. Perpendicular 134. Temperature coefficient of resistance is defined as increase in resistance per ohm original resistance per ? a. Degree rise in temperature b. Unit increase in electric current c. Unit decrease in capacitance d. Degree drop in temperature 135. For metals, the temperature coefficient of resistance is: a. Infinity b. Negative c. Positive d. Zero 136. If R1 and R2 are respectively the filament resistance of a 100-Watt bulb and 200-Watt bulb designed to operate on the same voltage, then power of: a. R1 is two times R2 b. R2 is two times R1 c. R2 is four times R1 d. R1 is four times R2 137. The maximum power transfer theorem states that maximum power is delivered to the load when a. The load resistance is half of the source resistance b. The load resistance is zero c. The load resistance is double the source resistance d. The load resistance is equal to the source resistance 138. Electron Volt (eV) is another unit of a. Charge b. Current c. Energy d. Power 139. An electron is moving perpendicular to the magnetic field, which of the following is correct Khyber Medical University- MDCAT 2024 CODE: C statement about electromagnetic force acting on the electron? a. Force acting is equal to electron charge b. Force acting is equal to the magnetic field strength c. Force acting is maximum d. Zero force is acting on it 140. For a positive charged particle (q) moving with a velocity (v) in a magnetic Filed of flux density B, the force (F) acting on the charge particle is given by the expression? a. q=FvxB b. F=qvxB c. F=vxB/q d. q=v~xB/F 141. Which of the following statement is true about the magnetic field inside a solenoid? a. It is along the axis of the coil b. It is circular around the wires c. It is strongest at the ends of the solenoid d. It is zero when current flows through it 142. One-meter-long copper rod is moving with speed 20 m/sec in the magnetic field of strength 0.6 tesla what is the value of induced emf? a. 12V b. 19.4V c. 20.6V d. 25V 143. The inductance of a coil depends on. a. Number of turns b. Resistance of the wire used c. Type of insulation used on the wire d. Voltage applied to the coil 144. The direction of induced current is determined by? a. Ampere’s law b. Faraday’s law c. Lenz’s law d. Ohm’s law 145. Lenz’s law is consistent with the a. Ampere’s Law b. Faraday’s law c. Law of conservation of energy d. Ohm’s Law 146. The basic principle behind the operation of the transformer is. a. Coulomb’s law b. Electromagnetic induction c. Gas’s Law d. Hess’s law 147. When the PN junction is reverse-biased, its reverse current is of the order of: a. Gigaamperes b. Kiloamperes c. Megaamperes d. Microamperes 148. The momentum of moving photon is: a. mc? b. A/h c. hH/A d. zero 149. In every instant of time, wavelength associated with a freely falling body: a. Decreases b. Increases two times Page 7 of 10 Khyber Medical University- MDCAT 2024 CODE: C Page 8 of 10 c. Increases four times d. Remains constant",,A,official_answer_key,,ilovepdf_merged (3) (1).pdf,8
149,2024-kmu-mdcat-2024-code-c-150-149,2024,KMU MDCAT 2024 — Code C,,Physics,150,"As per 2nd photoelectric experiment, photoelectric effect does not occur if the frequency of the incident light is?",Below the threshold frequency,Equals the threshold frequency,Three times the threshold frequency,Twice the threshold frequency,,A,official_answer_key,,ilovepdf_merged (3) (1).pdf,8
150,2024-kmu-mdcat-2024-code-c-151-150,2024,KMU MDCAT 2024 — Code C,,Physics,151,"If an electron in the hydrogen atom jumps from second to first orbit, the emitted radiation has a wavelength of?",4/3RH,3/4RH,RH,4RH,,A,official_answer_key,,ilovepdf_merged (3) (1).pdf,8
151,2024-kmu-mdcat-2024-code-c-152-151,2024,KMU MDCAT 2024 — Code C,,Physics,152,Black body is an ideal radiator that radiates __________ at all wavelengths,Inconsistently,Distinctly,Equally,Unequally,,C,official_answer_key,,ilovepdf_merged (3) (1).pdf,8
152,2024-kmu-mdcat-2024-code-c-153-152,2024,KMU MDCAT 2024 — Code C,,Physics,153,Mass number A refers to _____,Number of electrons,Number of nucleons,Number of neutrons,Number of protons,,B,official_answer_key,,ilovepdf_merged (3) (1).pdf,8
153,2024-kmu-mdcat-2024-code-c-154-153,2024,KMU MDCAT 2024 — Code C,,Physics,154,λ is a ____________ constant:,Decay,Dielectric,Plank’s,Proportionality,,A,official_answer_key,,ilovepdf_merged (3) (1).pdf,8
154,2024-kmu-mdcat-2024-code-c-155-154,2024,KMU MDCAT 2024 — Code C,,Physics,155,Gamma ray camera can observe radiations from the _________ that are concentrated in the organs,Atoms,Isotopes,Nucleons,Neutrons,,B,official_answer_key,,ilovepdf_merged (3) (1).pdf,8
155,2024-kmu-mdcat-2024-code-c-156-155,2024,KMU MDCAT 2024 — Code C,,Physics,156,A car is moving in a circular path at a constant speed. What provides the necessary centripetal force to keep the car moving in this path?,The car’s inertia resisting any change in direction,The car’s mass pulling it towards the centre of the circle,The engine’s power pushing the car forward,The friction between the tyres and the road,,D,official_answer_key,,ilovepdf_merged (3) (1).pdf,8
156,2024-kmu-mdcat-2024-code-c-157-156,2024,KMU MDCAT 2024 — Code C,,Physics,157,Which of the following pairs correctly matches a physical quantity with its SI unit?,Energy- Newton,Force – Joule,Power- Watt,Velocity-m/s2,,C,official_answer_key,,ilovepdf_merged (3) (1).pdf,8
157,2024-kmu-mdcat-2024-code-c-158-157,2024,KMU MDCAT 2024 — Code C,,Physics,158,_______ is the natural tendency of an object to remain at rest or in motion with constant velocity?,Friction,Inertia,Mass,Weight,,B,official_answer_key,,ilovepdf_merged (3) (1).pdf,8
158,2024-kmu-mdcat-2024-code-c-159-158,2024,KMU MDCAT 2024 — Code C,,Physics,159,"A car in motion hits and gets crashed into a tree trunk, what is NOT conserved?",Kinetic energy alone,Momentum alone,Momentum and kinetic energy both,Neither kinetic energy nor momentum,,A,official_answer_key,,ilovepdf_merged (3) (1).pdf,8
159,2024-kmu-mdcat-2024-code-c-160-159,2024,KMU MDCAT 2024 — Code C,,Physics,160,The vertical and horizontal component of the projectile motion are,Correlated with each other,Dependent on each other,Independent of each other,Associated with each other,,C,official_answer_key,,ilovepdf_merged (3) (1).pdf,8
160,2024-kmu-mdcat-2024-code-c-161-160,2024,KMU MDCAT 2024 — Code C,,Physics,161,"A ball is kicked horizontally from the top of a 10m high cliff with an initial speed of 15m/s. After 2 seconds, which of the following statement describes the ball’s horizontal and vertical components?",The horizontal velocity is 15m/s while vertical velocity is 20m/s downwards,The horizontal velocity is 15m/s while vertical velocity is 15m/s downwards,The horizontal velocity is 30m/s while vertical velocity is 20m/s downwards,The horizontal velocity is 15m/s while vertical velocity is 0m/s,,A,official_answer_key,,ilovepdf_merged (3) (1).pdf,9
161,2024-kmu-mdcat-2024-code-c-162-161,2024,KMU MDCAT 2024 — Code C,,Physics,162,How does an angle between the force applied and the direction of motion influence the work done on an object?,Work is constant regardless of the angle,Work is maximum when the angle is 0o,Work is negative when the angle is 90o,Work is 0 when the angle is 45°,,B,official_answer_key,,ilovepdf_merged (3) (1).pdf,9
162,2024-kmu-mdcat-2024-code-c-163-162,2024,KMU MDCAT 2024 — Code C,,Physics,163,A nurse is pushing a wheelchair with an 80kg patient sitting on it. How much work is done by the patient’s weight?,Half of the work,Maximum work,Minimum work,No work,,D,official_answer_key,,ilovepdf_merged (3) (1).pdf,9
163,2024-kmu-mdcat-2024-code-c-164-163,2024,KMU MDCAT 2024 — Code C,,Physics,164,"If a constant force of 10N is applied to move an object 5m in the direction of the force, what is the work done?",2 J,5 J,15 J,50 J,,D,official_answer_key,,ilovepdf_merged (3) (1).pdf,9
164,2024-kmu-mdcat-2024-code-c-165-164,2024,KMU MDCAT 2024 — Code C,,Physics,165,The escape velocity of a body in the gravitational field of Earth is dependent on:,Angle on which it is thrown,Both mass of the body and the angle at which it is thrown,Mass of earth,Mass of the body,,C,official_answer_key,,ilovepdf_merged (3) (1).pdf,9
165,2024-kmu-mdcat-2024-code-c-166-165,2024,KMU MDCAT 2024 — Code C,,Physics,166,A wheel makes 3 complete revolutions. What is the total number of radians through which a point on wheel has rotated?,2π,3π,6π,9π,,C,official_answer_key,,ilovepdf_merged (3) (1).pdf,9
166,2024-kmu-mdcat-2024-code-c-167-166,2024,KMU MDCAT 2024 — Code C,,Physics,167,"For rigid body that rotates about a fixed axis, the angle swept out by a line passing through any point on the body and intersecting the axis of rotation perpendicularly is called?",Angular acceleration,Angular displacement,Angular momentum,Angular velocity,,B,official_answer_key,,ilovepdf_merged (3) (1).pdf,9
167,2024-kmu-mdcat-2024-code-c-168-167,2024,KMU MDCAT 2024 — Code C,,Physics,168,"In a rotating spaceship, to produce artificial gravity, what does the centripetal force do? Skmu c. Increases four times d. Remains constant 150. As per 2nd photoelectric experiment, photoelectric effect does not occur if the frequency of the incident light is? Below the threshold frequency Equals the threshold frequency Three times the threshold frequency Twice the threshold frequency 151. If an electron in the hydrogen atom jumps from second to first orbit, the emitted radiation has a wavelength of?",4/3RH,3/4RH,RH,"4RH 152. Black body is an ideal radiator that radiates at all wavelengths a. Inconsistently b. Distinctly c. Equally d. Unequally 153. Mass numberA refers to a. Number of electrons b. Number of nucleons c. Number of neutrons d. Number of protons 154. Aisa constant: a. Decay b. Dielectric c. Plank’s d. Proportionality 155. Gamma ray camera can observe radiations from the that are concentrated in the organs a. Atoms b. Isotopes c. Nucleons d. Neutrons 156. A car is moving in a circular path at a constant speed. What provides the necessary centripetal force to keep the car moving in this path? a. The car’s inertia resisting any change in direction b. The car’s mass pulling it towards the centre of the circle c. The engine’s power pushing the car forward d. The friction between the tyres and the road 157. Which of the following pairs correctly matches a physical quantity with its SI unit? a. Energy- Newton b. Force - Joule c. Power- Watt d. Velocity-m/s? 158. is the natural tendency of an object to remain at rest or in motion with constant velocity? a. Friction b. Inertia c. Mass d. Weight 159. A car in motion hits and gets crashed into a tree trunk, what is NOT conserved? a. Kinetic energy alone b. Momentum alone c. Momentum and kinetic energy both — Khyber Medical University- MDCAT 2024 CODE: C d. Neither kinetic energy nor momentum 160. The vertical and horizontal component of the projectile motion are a. Correlated with each other b. Dependent on each other c. Independent of each other d. Associated with each other 161. A ball is kicked horizontally from the top of a 10m high cliff with an initial speed of 15m/s. After 2 seconds, which of the following statement describes the ball’s horizontal and vertical components? a. The horizontal velocity is 15m/s while vertical velocity is 20m/s downwards b. The horizontal velocity is 15m/s while vertical velocity is 15m/s downwards c. The horizontal velocity is 30m/s while vertical velocity is 20m/s downwards d. The horizontal velocity is 15m/s while vertical velocity is Om/s 162. How does an angle between the force applied and the direction of motion influence the work done on an object? a. Work is constant regardless of the angle b. Work is maximum when the ansle is 0° c. Work is negative when the angle is 90° d. Work is 0 when the ansle is 45° 163. A nurse is pushing a wheelchair with an 80kg patient sitting on it. How much work is done by the patient’s weight? a. Half of the work b. Maximum work c. Minimum work d. No work 164. If a constant force of 10N is applied to move an object 5m in the direction of the force, what is the work done? a. 2J b. 5J c. 15J d. 50J 165. The escape velocity of a body in the gravitational field of Earth is dependent on: a. Angle on which it is thrown b. Both mass of the body and the angle at which it is thrown c. Mass of earth d. Mass of the body 166. A wheel makes 3 complete revolutions. What is the total number of radians through which a point on wheel has rotated? a. 27 b. 31 c. 67 d. 9n 167. For rigid body that rotates about a fixed axis, the angle swept out bya line passing through any point on the body and intersecting the axis of rotation perpendicularly is called? a. Angular acceleration b. Angular displacement c. Angular momentum d. Angular velocity 168. In a rotating spaceship, to produce artificial gravity, what does the centripetal force do? Page 8 of 10 Khyber Medical University- MDCAT 2024 CODE: C Page 9 of 10 a. Has no effect inside the spaceship b. Increases spaceship’s rotation c. Pulls objects towards the centre d. Pushes the objects towards the outer wall",,D,official_answer_key,,ilovepdf_merged (3) (1).pdf,9
168,2024-kmu-mdcat-2024-code-c-169-168,2024,KMU MDCAT 2024 — Code C,,Physics,169,"When the mass of a body moving along a circle becomes half and radius becomes double, and v is constant, the centripetal force becomes?",Double,Half,One-fourth,Remains Same,,C,official_answer_key,,ilovepdf_merged (3) (1).pdf,9
169,2024-kmu-mdcat-2024-code-c-170-169,2024,KMU MDCAT 2024 — Code C,,Physics,170,What happens when two waves of the same frequency and amplitude meet in phase?,They cancel each other out resulting in a destructive interference,"They combine to form a wave double the amplitude, resulting in constructive interference",They produce a wave with zero amplitude,They produce a wave with the same amplitude as the individual waves,,B,official_answer_key,,ilovepdf_merged (3) (1).pdf,9
170,2024-kmu-mdcat-2024-code-c-171-170,2024,KMU MDCAT 2024 — Code C,,Physics,171,Which type of waves can be polarized?,Longitudinal waves,Mechanical waves,Sound waves,Transverse waves,,D,official_answer_key,,ilovepdf_merged (3) (1).pdf,9
171,2024-kmu-mdcat-2024-code-c-172-171,2024,KMU MDCAT 2024 — Code C,,Physics,172,For longitudinal waves______,The particles of the medium oscillate perpendicular to the wave’s propagation,The particles of the medium remain stationary as the wave passes through,The particles of the medium oscillate along the direction of the wave’s propagation,Their velocity is enhanced when they travel through vacuum,,C,official_answer_key,,ilovepdf_merged (3) (1).pdf,9
172,2024-kmu-mdcat-2024-code-c-173-172,2024,KMU MDCAT 2024 — Code C,,Physics,173,"According to the principle of superimposition, when 2 or more waves overlap at a point in space, the amplitude of the resultant wave at that point is",Always zero,The product of the individual wave amplitude,The product of the frequencies of the individual waves,The sum of the amplitudes of the individual waves,,D,official_answer_key,,ilovepdf_merged (3) (1).pdf,9
173,2024-kmu-mdcat-2024-code-c-174-173,2024,KMU MDCAT 2024 — Code C,,Physics,174,The speed of sound in a medium containing ideal gas is NOT dependent on,Density,Moisture,Pressure,Temperature,,C,official_answer_key,,ilovepdf_merged (3) (1).pdf,9
174,2024-kmu-mdcat-2024-code-c-176-174,2024,KMU MDCAT 2024 — Code C,,Physics,176,"A police car, with its siren on, is moving towards a stationary listener. How does the stationary listener receive the frequency of the sound emitted by the siren? It",Decreases,Increases,Stays the same,Varies randomly ENGLISH,,B,official_answer_key,,ilovepdf_merged (3) (1).pdf,9
175,2024-kmu-mdcat-2024-code-c-177-175,2024,KMU MDCAT 2024 — Code C,,English,177,Punctuate the given sentence correctly. The teacher asked did you complete your homework,"The teacher asked, did you complete your homework?","The teacher asked, ""Did you complete your homework?""","The teacher asked, ""did you complete your homework"".","The teacher asked, did you complete your homework.",,B,official_answer_key,,ilovepdf_merged (3) (1).pdf,9
176,2024-kmu-mdcat-2024-code-c-178-176,2024,KMU MDCAT 2024 — Code C,,English,178,Punctuate the following sentence correctly. Lets meet at Sarahs house after school,Let's meet at Sarah's house after school.,Let's meet at Sarahs' house after school.,Lets meet at Sarah's house after school.,"Let's meet, at Sarah's house after school.",,A,official_answer_key,,ilovepdf_merged (3) (1).pdf,9
177,2024-kmu-mdcat-2024-code-c-179-177,2024,KMU MDCAT 2024 — Code C,,English,179,Do you usually take a bus………………the market?,By,For,Of,To,,D,official_answer_key,,ilovepdf_merged (3) (1).pdf,9
178,2024-kmu-mdcat-2024-code-c-180-178,2024,KMU MDCAT 2024 — Code C,,English,180,He has been working ______ this project for two weeks.,At,By,To,On,,D,official_answer_key,,ilovepdf_merged (3) (1).pdf,9
179,2024-kmu-mdcat-2024-code-c-181-179,2024,KMU MDCAT 2024 — Code C,,English,181,"Identify the sentence that contains an ERROR in word order, style, or vocabulary:",He has a talent for solving complex problems.,"She enjoys reading, writing, and to paint.",The quick brown fox jumps over the lazy dog.,They quickly adapted to the new environment.,,B,official_answer_key,,ilovepdf_merged (3) (1).pdf,10
180,2024-kmu-mdcat-2024-code-c-182-180,2024,KMU MDCAT 2024 — Code C,,English,182,"Identify the ERROR in the sentence: The chef quickly prepared, delicious and it served a meal.",Punctuation,Style,Vocabulary,Word order,,D,official_answer_key,,ilovepdf_merged (3) (1).pdf,10
181,2024-kmu-mdcat-2024-code-c-183-181,2024,KMU MDCAT 2024 — Code C,,English,183,Order is the law of civilization as chaos is the law of the ______. The most appropriate word to be filled in is:,City,Metropolis,Physician,Wilderness,,D,official_answer_key,,ilovepdf_merged (3) (1).pdf,10
182,2024-kmu-mdcat-2024-code-c-184-182,2024,KMU MDCAT 2024 — Code C,,English,184,Blueprint is to architect as algorithm is to_______,Designer,Engineer,Mathematician,Programmer,,D,official_answer_key,,ilovepdf_merged (3) (1).pdf,10
183,2024-kmu-mdcat-2024-code-c-185-183,2024,KMU MDCAT 2024 — Code C,,English,185,"""Regular exercise has been shown to improve overall health by reducing the risk of chronic diseases, such as heart disease and diabetes. Additionally, exercise enhances mental well-being by reducing stress, anxiety, and depression. Despite these benefits, many people find it challenging to maintain a consistent exercise routine due to busy schedules and a lack of motivation."" $k Forseruetca. veer",Has no effect inside the spaceship,Increases spaceship’s rotation,Pulls objects towards the centre,"Pushes the objects towards the outer wall 169. When the mass of a body moving along a circle becomes half and radius becomes double, andv is constant, the centripetal force becomes? a. Double b. Half c. One-fourth d. Remains Same 170. What happens when two waves of the same frequency and amplitude meet in phase? a. They cancel each other out resulting in a destructive interference b. They combine to form a wave double the amplitude, resulting in constructive interference c. They produce a wave with zero amplitude d. They produce a wave with the same amplitude as the individual waves 171. Which type of waves can be polarized? a. Longitudinal waves b. Mechanical waves c. Sound waves d. Transverse waves 172. For longitudinal waves a. The particles of the medium oscillate perpendicular to the wave’s propagation b. The particles of the medium remain stationary as the wave passes through c. The particles of the medium oscillate along the direction of the wave’s propagation d. Their velocity is enhanced when they travel through vacuum 173. According to the principle of superimposition, when 2 or more waves overlap at a point in space, the amplitude of the resultant wave at that point is a. Always zero b. The product of the individual wave amplitude c. The product of the frequencies of the individual waves d. The sum of the amplitudes of the individual waves 174. The speed of sound in a medium containing ideal gas is NOT dependent on a. Density b. Moisture c. Pressure d. Temperature 175. A tuning fork having angular frequency equal 440Hz produces sound waves which travel with the speed of 340 m/s. What is the separation between a compression and the adjacent rarefaction of the sound waves? a. 0.57m b. 0.67m c. 0.77m d. 0.87m 176. A police car, with its siren on, is moving towards a stationary listener. How does the stationary listener receive the frequency of the sound emitted by the siren? It a. Decreases b. Increases Khyber Medical University- MDCAT 2024 CODE: C c. Stays the same d. Varies randomly ENGLISH 177. Punctuate the given sentence correctly. The teacher asked did you complete your homework a. The teacher asked, did you complete your homework? b. The teacher asked, ""Did you complete your homework?"" c. The teacher asked, ""did you complete your homework"". d. The teacher asked, did you complete your homework. 178. Punctuate the following sentence correctly. Lets meet at Sarahs house after school a. Let's meet at Sarah's house after school. b. Let's meet at Sarahs' house after school. c. Lets meet at Sarah's house after school. d. Let's meet, at Sarah's house after school. 179. Do you usually take a bus..................the market? a. By b. For c. Of d. To 180. He has been working this project for two weeks. a. At b. By c. To d. On 181. Identify the sentence that contains an ERROR in word order, style, or vocabulary: a. He has a talent for solving complex problems. b. She enjoys reading, writing, and to paint. c. The quick brown fox jumps over the lazy dog. d. They quickly adapted to the new environment. 182. Identify the ERROR in the sentence: The chef quickly prepared, delicious and it served a meal. a. Punctuation b. Style c. Vocabulary d. Word order 183. Order is the law of civilization as chaos is the law of the. The most appropriate word to be filled in is: City Metropolis Physician Wilderness 184. Blueprint is to architect as algorithm is to Designer Engineer Mathematician Programmer 185. ""Regular exercise has been shown to improve overall health by reducing the risk of chronic diseases, such as heart disease and diabetes. Additionally, exercise enhances mental well-being by reducing stress, anxiety, and depression. Despite these benefits, many people find it challenging to maintain a consistent exercise routine due to busy schedules and a lack of motivation."" Page 9 of 10 Khyber Medical University- MDCAT 2024 CODE: C Page 10 of 10 Based on the paragraph, which of the following statements can be inferred? a. Busy schedules and lack of motivation are barriers to regular exercise. b. Chronic diseases cannot be prevented by regular exercise. c. Exercise is only beneficial for physical health, not mental health. d. People who exercise regularly never experience stress or anxiety.",,A,official_answer_key,,ilovepdf_merged (3) (1).pdf,10
184,2024-kmu-mdcat-2024-code-c-186-184,2024,KMU MDCAT 2024 — Code C,,English,186,"Which of the following words is a synonym for ""meticulous""?",Abhorrent,Heedless,Incautious,Precise,,D,official_answer_key,,ilovepdf_merged (3) (1).pdf,10
185,2024-kmu-mdcat-2024-code-c-187-185,2024,KMU MDCAT 2024 — Code C,,English,187,A person who sells goods and services is a ______,Consumer,Purchaser,Patron,Vendor,,D,official_answer_key,,ilovepdf_merged (3) (1).pdf,10
186,2024-kmu-mdcat-2024-code-c-188-186,2024,KMU MDCAT 2024 — Code C,,English,188,"The detective noticed a subtle change in the suspect’s tone when he asked about her whereabouts on the night of the crime, which hinted at something more significant. What does ""subtle"" most likely mean?",Dramatic,Notable,Obvious,Slight,,D,official_answer_key,,ilovepdf_merged (3) (1).pdf,10
187,2024-kmu-mdcat-2024-code-c-189-187,2024,KMU MDCAT 2024 — Code C,,English,189,"Despite the complicated situation, she remained __________, calmly assessing her options before deciding. Fill in the blank with the appropriate choice:",Composed,Erratic,Frantic,Hysterical,,A,official_answer_key,,ilovepdf_merged (3) (1).pdf,10
188,2024-kmu-mdcat-2024-code-c-190-188,2024,KMU MDCAT 2024 — Code C,,English,190,"Find out synonym of ""Elated""",Confused,Disappointed,Nervous,Overjoyed,,D,official_answer_key,,ilovepdf_merged (3) (1).pdf,10
189,2024-kmu-mdcat-2024-code-c-191-189,2024,KMU MDCAT 2024 — Code C,,English,191,Choose the sentence with the correct tense and sentence structure:,He is going to the market yesterday.,"I had been waiting for the bus, and it arrives.",She will finish her homework before she went to bed.,They were playing football when it started to rain.,,D,official_answer_key,,ilovepdf_merged (3) (1).pdf,10
190,2024-kmu-mdcat-2024-code-c-192-190,2024,KMU MDCAT 2024 — Code C,,English,192,Choose the correct sentence.,My father was talking to his friend on mobile phone when I fall from the bicycle.,My father is talking to his friend on mobile phone when I fall from the bicycle.,My father was talking to his friend on mobile phone when I fell from the bicycle.,My father was talking to his friend on mobile phone when I am falling from the bicycle.,,C,official_answer_key,,ilovepdf_merged (3) (1).pdf,10
191,2024-kmu-mdcat-2024-code-c-193-191,2024,KMU MDCAT 2024 — Code C,,English,193,Choose the correct sentence:,She didn’t knew about the surprise party.,She hasn't knew about the surprise party.,She didn't know about the surprise party.,She doesn't knew about the surprise party.,,C,official_answer_key,,ilovepdf_merged (3) (1).pdf,10
192,2024-kmu-mdcat-2024-code-c-194-192,2024,KMU MDCAT 2024 — Code C,,English,194,"After she______the stairs, her heart almost gave out from exhaustion.",Has climbed,Have climbed,Had climbed,Was climbing LOGICAL REASONING,,C,official_answer_key,,ilovepdf_merged (3) (1).pdf,10
193,2024-kmu-mdcat-2024-code-c-195-193,2024,KMU MDCAT 2024 — Code C,,Logical Reasoning,195,"A store offers a 10% discount on all items. After applying the discount, the price of an item is Rs. 450. What was the original price of the item?",Rs. 490,Rs. 495,Rs. 500,Rs. 505,,C,official_answer_key,,ilovepdf_merged (3) (1).pdf,10
194,2024-kmu-mdcat-2024-code-c-196-194,2024,KMU MDCAT 2024 — Code C,,Logical Reasoning,196,"I went 10 m to the East from my house, then turned north and walked another 15m, and then I turned west and covered 12 m, and then turned south and covered 15m. How far am I from my house?",0 m,1 m,2 m,3 m,,C,official_answer_key,,ilovepdf_merged (3) (1).pdf,10
195,2024-kmu-mdcat-2024-code-c-197-195,2024,KMU MDCAT 2024 — Code C,,Logical Reasoning,197,"If a>b, b>c, and d>a then?",b<d,a<c,b>d,c>d,,A,official_answer_key,,ilovepdf_merged (3) (1).pdf,10
196,2024-kmu-mdcat-2024-code-c-198-196,2024,KMU MDCAT 2024 — Code C,,Logical Reasoning,198,"Find out the missing term in the sequence: 15, 14, 12, 9?",5,6,7,8,,A,official_answer_key,,ilovepdf_merged (3) (1).pdf,10
197,2024-kmu-mdcat-2024-code-c-199-197,2024,KMU MDCAT 2024 — Code C,,Logical Reasoning,199,All omnivores are herbivores. No herbivores are carnivores. Some carnivores are humans. Which of the following conclusions are TRUE? CONCLUSIONS: I. Some humans are carnivores. II. No carnivores are omnivores. III. Some omnivores are carnivores.,I and II,I and III,II and III,III,,A,official_answer_key,,ilovepdf_merged (3) (1).pdf,10
198,2024-kmu-mdcat-2024-code-c-200-198,2024,KMU MDCAT 2024 — Code C,,Logical Reasoning,200,Read the following statements and identify the best cause-and-effect relation: i. Sara’s productivity at work has significantly decreased over the past month. ii. Sara has been experiencing frequent interruptions due to ongoing construction work near her office. Which of the following best describes the cause-and-effect relationship?,Sara’s decreased productivity is causing the construction work.,The ongoing construction work is causing Sara’s decreased productivity.,Sara’s productivity was already decreasing before the construction work began.,"The construction work is unrelated to Sara’s productivity. $kmu — Khyber Medical University- MDCAT 2024 Based on the paragraph, which of the following statements can be inferred? a. Busy schedules and lack of motivation are barriers to regular exercise. b. Chronic diseases cannot be prevented by regular exercise. c. Exercise is only beneficial for physical health, not mental health. d. People who exercise regularly never experience stress or anxiety. 186. Which of the following words is a synonym for “meticulous”? a. Abhorrent b. Heedless c. Incautious d. Precise 187. A person who sells goods and services is a a. Consumer b. Purchaser c. Patron d. Vendor 188. The detective noticed a subtle change in the suspect’s tone when he asked about her whereabouts on the night of the crime, which hinted at something more significant. What does ""subtle"" most likely mean? a. Dramatic b. Notable c. Obvious d. Slight 189. Despite the complicated situation, she remained, calmly assessing her options before deciding. Fill in the blank with the appropriate choice: a. Composed b. Erratic c. Frantic d. Hysterical 190. Find out synonym of ""Elated"" a. Confused b. Disappointed c. Nervous d. Overjoyed 191. Choose the sentence with the correct tense and sentence structure: a. He is going to the market yesterday. b. | had been waiting for the bus, and it arrives. c. She will finish her homework before she went to bed. d. They were playing football when it started to rain. 192. Choose the correct sentence. a. My father was talking to his friend on mobile phone when| fall from the bicycle. b. My father is talking to his friend on mobile phone when| fall from the bicycle. c. My father was talking to his friend on mobile phone when| fell from the bicycle. d. My father was talking to his friend on mobile phone when | am falling from the bicycle. 193. Choose the correct sentence: a. She didn’t knew about the surprise party. b. She hasn't knew about the surprise party. c. She didn't know about the surprise party. d. She doesn't knew about the surprise party. CODE: C 194. After she the stairs, her heart almost gave out from exhaustion. a. Has climbed b. Have climbed c. Had climbed d. Was climbing LOGICAL REASONING 195. A store offers a 10% discount on all items. After applying the discount, the price of an item is Rs. 450. What was the original price of the item? a. Rs. 490 b. Rs. 495 c. Rs. 500 d. Rs. 505 196. | went 10 m to the East from my house, then turned north and walked another 15m, and then | turned west and covered 12 m, and then turned south and covered 15m. How far am | from my house? a. Om b. 1m c. 2m d. 3m 197. If a>b, b>c, and d>a then? a. b<d b. a<c c. bed d. cod 198. Find out the missing term in the sequence: 15, 14, 12, 9? a 5 b. 6 c. 7 d. 8 199. All omnivores are herbivores. No herbivores are carnivores. Some carnivores are humans. Which of the following conclusions are TRUE? CONCLUSIONS: |. Some humans are carnivores. Il. No carnivores are omnivores. Ill. Some omnivores are carnivores. a. landlil b. land Ill c. Il and Ill d. iil 200. Read the following statements and identify the best cause-and-effect relation: i. Sara’s productivity at work has significantly decreased over the past month. ii. Sara has been experiencing frequent interruptions due to ongoing construction work near her office. Which of the following best describes the cause-and-effect relationship? a. Sara’s decreased productivity is causing the construction work. b. The ongoing construction work is causing Sara’s decreased productivity. c. Sara’s productivity was already decreasing before the construction work began. d. The construction work is unrelated to Sara’s productivity. Page 10 of 10",,B,official_answer_key,,ilovepdf_merged (3) (1).pdf,10
199,2024-szabmu-mdcat-2024-blue-1-199,2024,SZABMU MDCAT 2024 — Blue,,Biology,1,Which one of the following is the main component of lipid bilayer of plasma membrane?,Acylglycerol,Lecithin,Triglyceride,Waxes,,B,official_answer_key,,ilovepdf_merged (3) (1).pdf,18
200,2024-szabmu-mdcat-2024-blue-2-200,2024,SZABMU MDCAT 2024 — Blue,,Biology,2,"At which of the following stage of Prophase I, crossing over takes place?",Diplotene,Leptotene,Pachytene,Zygotene,,C,official_answer_key,,ilovepdf_merged (3) (1).pdf,18
201,2024-szabmu-mdcat-2024-blue-3-201,2024,SZABMU MDCAT 2024 — Blue,,Biology,3,Which one of the following type of plastids helps in pollination and seed dispersal?,Amyloplast,Chloroplast,Chromoplast,Leucoplast,,C,official_answer_key,,ilovepdf_merged (3) (1).pdf,18
202,2024-szabmu-mdcat-2024-blue-4-202,2024,SZABMU MDCAT 2024 — Blue,,Biology,4,Which one of the following types of bonds is formed between the hydroxyl group of one amino acid and hydrogen of amino group of another amino acid with release of water?,Ester bond,Glycosidic linkage,Peptide bond,Phosphodiester bond,,C,official_answer_key,,ilovepdf_merged (3) (1).pdf,18
203,2024-szabmu-mdcat-2024-blue-5-203,2024,SZABMU MDCAT 2024 — Blue,,Biology,5,How much delay is required in seconds for conductance from the S.A node to,V node? A. 0.10,0.15,0.20,"0.30 BIOLOGY 1. Which one of the following is the main component of lipid bilayer of plasma membrane? A. Acylglycerol B. Lecithin C. Triglyceride D. Waxes over takes place? 2. At which of the following stage of Prophase I, cig A. Diplotene B. Leptotene C. Pachytene D. Zygotene 3. Which one of the following type pollination and seed dispersal? A. Amyloplast Y B. Chloroplast \> C. Chromoplast oS D. Leucoplast ¢ 4. Which one of the between the h hydrogen of ami release of water? A Ypier bond. lycosidic linkage Peptide bond Phosphodiester bond ~y os ids helps in eying types of bonds is formed group of one amino acid and group of another amino acid with 5. much delay is required in seconds for conductance from the S.A node to A.V node? A. 0.10 B. 0.15 Cc. 0.20 D. 0.30 MDCAT-2024-SZABMU-BLUE MDCAT-2024-SZABMU-BLUE 2",,B,official_answer_key,,ilovepdf_merged (3) (1).pdf,18
204,2024-szabmu-mdcat-2024-blue-6-204,2024,SZABMU MDCAT 2024 — Blue,,Biology,6,Who purified filterable agents for the first time?,Charles Chamberland,Ivanowski,Louis Pasteur,Stanley,,D,official_answer_key,,ilovepdf_merged (3) (1).pdf,19
205,2024-szabmu-mdcat-2024-blue-7-205,2024,SZABMU MDCAT 2024 — Blue,,Biology,7,"When neurotransmitter molecules bind to the receptors on post synoptic membrane, triggering an action potential in the postsynaptic neuron, by causing changes in its ____________.",concentrations of certain ion,concentrations of hydrogen ion,permeability of calcium ion,permeability to certain ion,,D,official_answer_key,,ilovepdf_merged (3) (1).pdf,19
206,2024-szabmu-mdcat-2024-blue-8-206,2024,SZABMU MDCAT 2024 — Blue,,Biology,8,The living cells of cartilage are called __________.,Chondroblast,Chondroclasts,Chondrocytes,Osteocytes,,C,official_answer_key,,ilovepdf_merged (3) (1).pdf,19
207,2024-szabmu-mdcat-2024-blue-9-207,2024,SZABMU MDCAT 2024 — Blue,,Biology,9,"When diaphragm moves downward, ribs moves upward and outward, volume in _________ increases while pressure in ________ decreases.","abdominal cavity, lungs","chest cavity, lungs","lungs, abdominal cavity","lungs, chest cavity",,B,official_answer_key,,ilovepdf_merged (3) (1).pdf,19
208,2024-szabmu-mdcat-2024-blue-10-208,2024,SZABMU MDCAT 2024 — Blue,,Biology,10,Which one of the following is the acoelomates?,Aurelia,Chaetopterus,Euplectella,"Taenia 6. Who purified filterable agents for the first time? A. Charles Chamberland B. Ivanowski C. Louis Pasteur D. Stanley 7. When neurotransmitter molecules bind to the receptors on post synoptic membrane, triggering an action potential in the postsynaptic neuron, by causing c es in its. A. concentrations of certain ion B. concentrations of hydrogen ion Qy C. permeability of calcium ion D. permeability to certain ion AY 8. The living cells of cartilage are cael. A. Chondroblast B. Chondroclasts C. Chondrocytes Y D. Osteocytes 9. When diaphragm moves dewnward, ribs moves upward and outward, volu increases while pressure in ecreases. A. abdo cavity, lungs B. chestycavity, lungs C. _lungs, abdominal cavity D s, chest cavity 10. Which one of the following is the acoelomates?. Aurelia B. Chaetopterus C. Euplectella D. Taenia MDCAT-2024-SZABMU-BLUE 2 MDCAT-2024-SZABMU-BLUE 3",,D,official_answer_key,,ilovepdf_merged (3) (1).pdf,19
209,2024-szabmu-mdcat-2024-blue-11-209,2024,SZABMU MDCAT 2024 — Blue,,Biology,11,What will be CO2 fixation efficiency in plants with photorespiration?,20%,25%,50%,75%,,D,official_answer_key,,ilovepdf_merged (3) (1).pdf,20
210,2024-szabmu-mdcat-2024-blue-12-210,2024,SZABMU MDCAT 2024 — Blue,,Biology,12,Which one of the following conditions produce a sterile female with Turner’s syndrome in human but sterile male in Drosophila?,X0,XX0,XXX,XXY,,A,official_answer_key,,ilovepdf_merged (3) (1).pdf,20
211,2024-szabmu-mdcat-2024-blue-13-211,2024,SZABMU MDCAT 2024 — Blue,,Biology,13,"By the fusion of ilium, ischium and pubis in pelvic girdle ___________ is formed.",ball and socket joint,cartilaginous joint,fibrous joint,hinge joint,,A,official_answer_key,,ilovepdf_merged (3) (1).pdf,20
212,2024-szabmu-mdcat-2024-blue-14-212,2024,SZABMU MDCAT 2024 — Blue,,Biology,14,"Which of the following parts of brain is related to sensation of pleasure, feeling of fear, rage and punishment or sexual arousal when stimulated?",Amygdala,Hippocampus,Hypothalamus,Thalamus,,A,official_answer_key,,ilovepdf_merged (3) (1).pdf,20
213,2024-szabmu-mdcat-2024-blue-15-213,2024,SZABMU MDCAT 2024 — Blue,,Biology,15,How much energy is present in the chemical bond of glucose that is converted into ATP by anaerobic respiration?,2%,4%,10%,"36% 11. What will be CO2 fixation efficiency in plants with photorespiration? A. 20% B. 25% C. 50% D. 75% 12. Which one of the following conditions produce a sterile female with Turner’s syndrome in human but steri male in Drosophila? S xo WwW Xx0O XXX XXY Ay 13. By the fusion of ilium, ischium an is in pelvic girdle is ame) A. _ ball and socket join B. cartilaginous joi C. fibrous joint Cc D. hinge joint DOD 14. Which of the follo i arts of brain is related to sensation of ple feeling of fear, rage and punishment onto arousal when stimulated? A. ygdala B: ippocampus WPypothaiamus. alamus 15. uch energy is present in the chemical bond of se that is converted into ATP by anaerobic spiration? A. 2% B. 4% Cc. 10% D. 36% MDCAT-2024-SZABMU-BLUE 3 MDCAT-2024-SZABMU-BLUE 4",,A,official_answer_key,,ilovepdf_merged (3) (1).pdf,21
214,2024-szabmu-mdcat-2024-blue-16-214,2024,SZABMU MDCAT 2024 — Blue,,Biology,16,"In Calvin Cycle, the conversion of 5 molecules of Glyceraldehyde 3-phosphate into 3 molecules of Ribulose 1-5, bisphosphate by utilization of ATP is termed as __________.",CO2 Fixation,Phosphorylation,Reduction,Regeneration,,D,official_answer_key,,ilovepdf_merged (3) (1).pdf,21
215,2024-szabmu-mdcat-2024-blue-17-215,2024,SZABMU MDCAT 2024 — Blue,,Biology,17,"Movement of materials across plasma membrane of Amoeba, to engulf the liquid food is termed as __________.",Endocytosis,Exocytosis,Phagocytosis,Pinocytosis,,D,official_answer_key,,ilovepdf_merged (3) (1).pdf,21
216,2024-szabmu-mdcat-2024-blue-18-216,2024,SZABMU MDCAT 2024 — Blue,,Biology,18,Which one of the following carbohydrates show dark brown color with iodine solution?,Cellulose,Glucose,Glycogen,Sucrose,,A,official_answer_key,,ilovepdf_merged (3) (1).pdf,21
217,2024-szabmu-mdcat-2024-blue-19-217,2024,SZABMU MDCAT 2024 — Blue,,Biology,19,At 25oC the concentration of each of H+ and OH- ions in pure water is about _____ mole/liter.,10-6,10-7,10-9,10-14,,B,official_answer_key,,ilovepdf_merged (3) (1).pdf,21
218,2024-szabmu-mdcat-2024-blue-20-218,2024,SZABMU MDCAT 2024 — Blue,,Biology,20,"Inner surface of cristae, in the mitochondrial matrix have many small knob-like structures, which are actually _______.",ATP synthetase,Coenzyme Q,Cytochromes,"Mesosomes 16. 17. 18. 19. MDCAT-2024-SZABMU-BLUE In Calvin Cycle, the conversion of 5 molecules of Glyceraldehyde 3-phosphate into 3 molecules of Ribulose 1-5, bisphosphate by utilization of ATP is termed as A. CO2 Fixation B. Phosphorylation C. Reduction D. Regeneration Movement of materials across plasma membra Amoeba, to engulf the liquid food is termed as Endocytosis Exocytosis Phagocytosis Pinocytosis Which one of the following = rates show dark brown color with iodine solu A. Cellulose B. Glucose Ae C. Glycogen ¢ D. Sucrose * DOD At 25°C the c ration of each of Ht and OH’ ions in pure water J a t mole/liter. A. oO 10°9 10°14 er surface of cristae, in the mitochondrial matrix ave many small knob-like structures, which are actually A. ATP synthetase B. Coenzyme Q C. Cytochromes D. Mesosomes MDCAT-2024-SZABMU-BLUE 5",,A,official_answer_key,,ilovepdf_merged (3) (1).pdf,22
219,2024-szabmu-mdcat-2024-blue-21-219,2024,SZABMU MDCAT 2024 — Blue,,Biology,21,When ovulation occurs during uterine cycle in human female?,After 6 days of start of menstruation,After 10 days of start of menstruation,After 14 days of start of menstruation,After 27 days of start of menstruation,,C,official_answer_key,,ilovepdf_merged (3) (1).pdf,22
220,2024-szabmu-mdcat-2024-blue-22-220,2024,SZABMU MDCAT 2024 — Blue,,Biology,22,"In eukaryotic cells, autophagosomes are being originate from __________.",Endoplasmic reticulum,Golgi bodies,Mitochondria,Ribosomes,,B,official_answer_key,,ilovepdf_merged (3) (1).pdf,22
221,2024-szabmu-mdcat-2024-blue-23-221,2024,SZABMU MDCAT 2024 — Blue,,Biology,23,Which one of the following malfunctioned organelles is mainly related to Tay-Sachs disease?,Endoplasmic reticulum,Glyoxysomes,Golgi bodies,Lysosomes,,D,official_answer_key,,ilovepdf_merged (3) (1).pdf,22
222,2024-szabmu-mdcat-2024-blue-24-222,2024,SZABMU MDCAT 2024 — Blue,,Biology,24,Which type of antibodies are present in the serum of AB blood type?,Anti-A and anti-B antibodies,Anti-A antibodies,Anti-B antibodies,No antibodies at all,,D,official_answer_key,,ilovepdf_merged (3) (1).pdf,23
223,2024-szabmu-mdcat-2024-blue-25-223,2024,SZABMU MDCAT 2024 — Blue,,Biology,25,"When 3 fatty acids combine with ________, they form triglycerides and 3 molecules of water.",Alcohol,Ester,Glyceride,"Glycerol 21. When ovulation occurs during uterine cycle in human female? A. After 6 days of start of menstruation B. After 10 days of start of menstruation C. After 14 days of start of menstruation D. After 27 days of start of menstruation 22. In eukaryotic cells, autophagosomes are being originate from A. Endoplasmic reticulum a» B. Golgi bodies C. Mitochondria Qy D. Ribosomes ¢ 23. Which one of the following malfunc bac’ organelles is mainly related to Tay-Sachs disease? A. Endoplasmic reticulu B. Glyoxysomes C. Golgi bodies ay D. Lysosomes 24. Which type of antib one present in the serum of AB blood type? A. Anti- an ti-B antibodies. Anti- bodies B B Cc. i- tibodies D. o ‘antibodies at all 25. Whe tty acids combine with, they form tri erides and 3 molecules of water.. Alcohol B. Ester C. Glyceride D. Glycerol MDCAT-2024-SZABMU-BLUE MDCAT-2024-SZABMU-BLUE 6",,D,official_answer_key,,ilovepdf_merged (3) (1).pdf,23
224,2024-szabmu-mdcat-2024-blue-26-224,2024,SZABMU MDCAT 2024 — Blue,,Biology,26,"The science of discovery, identification, and interpretation of fossils by Darwin was __________ evidence.",biogeography,chronology,homology,paleontology,,D,official_answer_key,,ilovepdf_merged (3) (1).pdf,23
225,2024-szabmu-mdcat-2024-blue-27-225,2024,SZABMU MDCAT 2024 — Blue,,Biology,27,Which one of the following is the end product in electron transport chain taking place at inner mitochondrial membrane?,Carbon dioxide,NADPH,Oxygen,Water,,D,official_answer_key,,ilovepdf_merged (3) (1).pdf,23
226,2024-szabmu-mdcat-2024-blue-28-226,2024,SZABMU MDCAT 2024 — Blue,,Biology,28,Which one of the following plants has modified bilobed leaves with midrib between them having long stiff bristles along the margins of each lobe?,Dionaea muscipula,Drosera excelsa,Drosera intermedia,Nepenthes pupurea,,A,official_answer_key,,ilovepdf_merged (3) (1).pdf,23
227,2024-szabmu-mdcat-2024-blue-29-227,2024,SZABMU MDCAT 2024 — Blue,,Biology,29,"In which one of the following types of dominance, genotypic and phenotypic ratios are same in F1 generation?",Co-dominance,Complete dominance,Incomplete dominance,Over dominance,,C,official_answer_key,,ilovepdf_merged (3) (1).pdf,24
228,2024-szabmu-mdcat-2024-blue-30-228,2024,SZABMU MDCAT 2024 — Blue,,Biology,30,A covalently bonded inorganic ion with protein part of an enzyme is termed as __________.,Apoenzyme,Coenzyme,Holoenzyme,"Prosthetic group 26. 27. 28. 29. 3 The science of discovery, identification, and interpretation of fossils by Darwin was evidence. A. biogeography B. chronology C. homology D. paleontology Which one of the following is the end product in electron transport chain taking place at inner mitochondrial membrane? A. Carbon dioxide Qy B. NADPH C. Oxygen ¢ D. Water Which one of the following plan odified bilobed leaves with midrib between the ing long stiff bristles along the margins of obe? A. Dionaea musci ‘A> B. Drosera excels) C. Drosera int ia D. Nepenth urea In which one te ollowing types of dominance, genotypic a dp notypic ratios are same in Fi generatio A ominance mplete dominance Incomplete dominance Over dominance ovalently bonded inorganic ion with protein part of n enzyme is termed as Apoenzyme Coenzyme Holoenzyme Prosthetic group DOR> MDCAT-2024-SZABMU-BLUE MDCAT-2024-SZABMU-BLUE 7",,D,official_answer_key,,ilovepdf_merged (3) (1).pdf,24
229,2024-szabmu-mdcat-2024-blue-31-229,2024,SZABMU MDCAT 2024 — Blue,,Biology,31,Which one of the following group of chemicals are used to kill or inhibit the growth of microorganisms in living tissues?,Antiseptics,Chemotherapeutics,Disinfectants,Vaccines,,B,official_answer_key,,ilovepdf_merged (3) (1).pdf,24
230,2024-szabmu-mdcat-2024-blue-32-230,2024,SZABMU MDCAT 2024 — Blue,,Biology,32,"In Cyclic Photophosphorylation, which one of the following processes of light dependent reaction of photosynthesis is NOT included?",Absorption of light,ATP synthesis,Photoexcitation,Photolysis of water,,D,official_answer_key,,ilovepdf_merged (3) (1).pdf,24
231,2024-szabmu-mdcat-2024-blue-33-231,2024,SZABMU MDCAT 2024 — Blue,,Biology,33,What is the range of carbon dioxide in the air?,0.003-0.004%,0.03-0.04%,0.3-0.4%,3-4%,,B,official_answer_key,,ilovepdf_merged (3) (1).pdf,25
232,2024-szabmu-mdcat-2024-blue-34-232,2024,SZABMU MDCAT 2024 — Blue,,Biology,34,Which one of the following cells produce the first polar body during oogenesis in female reproductive system?,Oogonia,Ovum,Primary oocytes,Secondary oocytes,,C,official_answer_key,,ilovepdf_merged (3) (1).pdf,25
233,2024-szabmu-mdcat-2024-blue-35-233,2024,SZABMU MDCAT 2024 — Blue,,Biology,35,"Cyanides occupy the active site of enzymes by forming covalent bond, thus comes under the ________ inhibitors.",competitive,irreversible,non-competitive,"reversible 31. Which one of the following group of chemicals are used to kill or inhibit the growth of microorganisms in living tissues? A. Antiseptics B. Chemotherapeutics C. Disinfectants D. Vaccines 32. In Cyclic Photophosphorylation, which one of the following processes of light dependent reaction photosynthesis is NOT included? A. Absorption of light Qy B. ATP synthesis C. Photoexcitation ¢ D. Photolysis of water 33. What is the range of carbon dioxi the air? A. 0.003-0.004% B. 0.03-0.04% Y C. 0.3-0.4% D. 3-4% oS ¢ 34. Which one of the IDeing cells produce the first polar body during oo esis in female reproductive system? A. Oogdhia,. Ovuny B C. ri ry oocytes D ondary oocytes 35. nides occupy the active site of enzymes by forming ‘ byalent bond, thus comes under the bitors. competitive irreversible non-competitive reversible DOR> MDCAT-2024-SZABMU-BLUE 7 MDCAT-2024-SZABMU-BLUE 8",,B,official_answer_key,,ilovepdf_merged (3) (1).pdf,25
234,2024-szabmu-mdcat-2024-blue-36-234,2024,SZABMU MDCAT 2024 — Blue,,Biology,36,Which one of the following is the first electron accepter from FADH2 during electron transport chain?,Coenzyme Q,Cytochrome a,Cytochrome b,Cytochrome c,,A,official_answer_key,,ilovepdf_merged (3) (1).pdf,25
235,2024-szabmu-mdcat-2024-blue-37-235,2024,SZABMU MDCAT 2024 — Blue,,Biology,37,Which one of the following is anaerobic bacterium?,Campylobacter,E. coli,Pseudomonas,Spirochete,,D,official_answer_key,,ilovepdf_merged (3) (1).pdf,25
236,2024-szabmu-mdcat-2024-blue-38-236,2024,SZABMU MDCAT 2024 — Blue,,Biology,38,Which one of the following hormones has greater influence on peripheral vasoconstriction with net effect in the rise of blood pressure?,Antidiuretic hormone,Epinephrine,Nor-epinephrine,Thyroid stimulating hormone,,C,official_answer_key,,ilovepdf_merged (3) (1).pdf,26
237,2024-szabmu-mdcat-2024-blue-39-237,2024,SZABMU MDCAT 2024 — Blue,,Biology,39,"At the end of ileum, there is a/an _________ sphincter that opens and closes time to time to allow a small amount of residue to enter the large intestine.",hepatic,cardiac,ileocolic,pyloric,,C,official_answer_key,,ilovepdf_merged (3) (1).pdf,26
238,2024-szabmu-mdcat-2024-blue-40-238,2024,SZABMU MDCAT 2024 — Blue,,Biology,40,Which one of the following was key point of Darwinism?,Decent with modification,Endosymbiont hypothesis,Inheritance of acquired characters,"Use and disuse of organs 36. 37. 38. 39. 40. Whi MDCAT-2024-SZABMU-BLUE Which one of the following is the first electron accepter from FADH2 during electron transport chain? A. Coenzyme Q B. Cytochrome a C. Cytochrome b D. Cytochrome c Which one of the following is anaerobic bacterium? A. Campylobacter B. E. coli a» C. Pseudomonas D. Spirochete QR Sg Which one of the following hormones ater influence on peripheral vasoconstri ith net effect in the rise of blood pressure? A. Antidiuretic hormone <2 B. Epinephrine C. Nor-epinephrine hn D. Thyroid stimul mone At the end of ileum, a/an sphincter that opens and cl me to time to allow a small amount of atc. nter the large intestine. A. hepatid > » Cc iac B C. _ ile lic D ric one of the following was key point of nism? Decent with modification Endosymbiont hypothesis Inheritance of acquired characters Use and disuse of organs DOR> MDCAT-2024-SZABMU-BLUE 9",,A,official_answer_key,,ilovepdf_merged (3) (1).pdf,26
239,2024-szabmu-mdcat-2024-blue-41-239,2024,SZABMU MDCAT 2024 — Blue,,Biology,41,Which one of the following chemicals in blood circulation is the cause of inflammation in upper respiratory tract?,Acetyl amine,Ampicillin,Histamine,Tetracycline,,C,official_answer_key,,ilovepdf_merged (3) (1).pdf,26
240,2024-szabmu-mdcat-2024-blue-42-240,2024,SZABMU MDCAT 2024 — Blue,,Biology,42,Hemophilia type A and B zigzag from ___________ grandfather through a carrier daughter to a _______.,"maternal, granddaughter","maternal, grandson","paternal, granddaughter","paternal, grandson",,B,official_answer_key,,ilovepdf_merged (3) (1).pdf,27
241,2024-szabmu-mdcat-2024-blue-43-241,2024,SZABMU MDCAT 2024 — Blue,,Biology,43,"At which of the following reactions of glycolysis, ATP is NOT involved directly?","When 1,3-Bisphosphoglycerate is converted into 3-phosphoglycerate","When Fructose 6-phospate is converted into fructose 1,6-bisphosphate",When glucose is converted into glucose 6- phosphate,"When glyceraldehyde 3-phosphate is converted into 1,3-Bisphosphoglycerate",,D,official_answer_key,,ilovepdf_merged (3) (1).pdf,27
242,2024-szabmu-mdcat-2024-blue-44-242,2024,SZABMU MDCAT 2024 — Blue,,Biology,44,Which one of the following is NOT the bacteria?,Acanthurus nigrofuscus,Epulopiscium fishelsoni,Hyphomicrobium,Mycoplasma Spp,,A,official_answer_key,,ilovepdf_merged (3) (1).pdf,27
243,2024-szabmu-mdcat-2024-blue-45-243,2024,SZABMU MDCAT 2024 — Blue,,Biology,45,"Groups of ribosomes associated with rough endoplasmic reticulum and Golgi apparatus present in the cell body of neurons, is termed as __________.",Axoplasm,Nissl’s granules,Node,"Polysomes 41. Which one of the following chemicals in blood circulation is the cause of inflammation in upper respiratory tract? A. Acetyl amine B. Ampicillin C. Histamine D. Tetracycline 42. Hemophilia type A and B zigzag from 75 grandfather through a carrier daughter to a: S A. maternal, granddaughter B. maternal, grandson C. paternal, granddaughter D. paternal, grandson ¢ 43. At which of the following reaction colysis, ATP is NOT involved directly? A. When phosphoulveerate erate is converted t into 3-phosphoglyce B. When Fructose 6- pate is converted into fructose 1,6-bi phate is C. When olucong. onverted into glucose 6- phospha D. When as Idehyde 3-phosphate is into 1,3-Bisphosphoglycerate aA, 44. Which one th following is NOT the bacteria? A nthurus nigrofuscus. ulopiscium fishelsoni Hyphomicrobium Mycoplasma Spp 4 ups of ribosomes associated with rough ndoplasmic reticulum and Golgi apparatus present in the cell body of neurons, is termed as A. Axoplasm B. Nissl’s granules C. Node D. Polysomes MDCAT-2024-SZABMU-BLUE 9 MDCAT-2024-SZABMU-BLUE 10",,B,official_answer_key,,ilovepdf_merged (3) (1).pdf,27
244,2024-szabmu-mdcat-2024-blue-46-244,2024,SZABMU MDCAT 2024 — Blue,,Biology,46,Lungs are covered with double layered thin membranous sacs called ________.,Epicardium,Larynx,Parabronchi,Pleura,,D,official_answer_key,,ilovepdf_merged (3) (1).pdf,27
245,2024-szabmu-mdcat-2024-blue-47-245,2024,SZABMU MDCAT 2024 — Blue,,Biology,47,Which one of the following monosaccharides is a hexose-aldehyde form of sugar?,Fructose,Galactose,Glucose,Ribose,,C,official_answer_key,,ilovepdf_merged (3) (1).pdf,28
246,2024-szabmu-mdcat-2024-blue-48-246,2024,SZABMU MDCAT 2024 — Blue,,Biology,48,"In the roots, apoplast pathway becomes discontinuous in the endodermis due to the presence of __________.",casparian strips,hydathodes,pericyclic,plasmodesmata,,A,official_answer_key,,ilovepdf_merged (3) (1).pdf,28
247,2024-szabmu-mdcat-2024-blue-49-247,2024,SZABMU MDCAT 2024 — Blue,,Biology,49,Which of the following glands is mainly related to the secretion of stress hormones?,Adrenal gland,Parathyroid gland,Pituitary gland,Thymus gland,,A,official_answer_key,,ilovepdf_merged (3) (1).pdf,28
248,2024-szabmu-mdcat-2024-blue-50-248,2024,SZABMU MDCAT 2024 — Blue,,Biology,50,Which one of the following organelles is ONLY present in Cyanobacteria?,Heterocyst,Lysosomes,Mitochondria,Ribosomes,,A,official_answer_key,,ilovepdf_merged (3) (1).pdf,28
249,2024-szabmu-mdcat-2024-blue-51-249,2024,SZABMU MDCAT 2024 — Blue,,Biology,51,Which of the following conjugate molecules are present as surfactants in respiratory distress syndrome?,Glycolipids,Glycoproteins,Lipopolysaccharides,"Lipoproteins 46. Lungs are covered with double layered thin membranous Sacs called A. Epicardium B. Larynx C. Parabronchi D. Pleura 47. Which one of the following monosaccharides is a hexose-aldehyde form of sugar? A. Fructose B. Galactose re C. Glucose oo D. Ribose 48. In the roots, apoplast pathway beco ontinuous in the endodermis due to the presen A. casparian strips B. hydathodes C. pericyclic Y D. plasmodesmata 49. Which of the tress hoya ds is mainly related to the secretion of stress Qnyriones? A. Adrenalne B. Porat r gland C. itary gland D. us gland 50.wi f the following organelles is ONLY present obacteria? Heterocyst Lysosomes Mitochondria D. Ribosomes 51. Which of the following conjugate molecules are present as surfactants in respiratory distress syndrome? A. Glycolipids B. Glycoproteins C. Lipopolysaccharides D. Lipoproteins MDCAT-2024-SZABMU-BLUE 10 MDCAT-2024-SZABMU-BLUE 11",,D,official_answer_key,,ilovepdf_merged (3) (1).pdf,29
250,2024-szabmu-mdcat-2024-blue-52-250,2024,SZABMU MDCAT 2024 — Blue,,Biology,52,"In Drosophila, the heterozygote(w/w+) exceeds in quality of fluorescent pigment in eyes than wild(w+/w+) or white eye (w/w), this kind of dominance is termed as ____________.",Co-Dominance,Complete Dominance,Incomplete Dominance,Over Dominance,,D,official_answer_key,,ilovepdf_merged (3) (1).pdf,29
251,2024-szabmu-mdcat-2024-blue-53-251,2024,SZABMU MDCAT 2024 — Blue,,Biology,53,"In human testes, spermatozoa are present in _______.",epididymis,interstitial cells,seminiferous tubules,sertoli cells,,C,official_answer_key,,ilovepdf_merged (3) (1).pdf,29
252,2024-szabmu-mdcat-2024-blue-54-252,2024,SZABMU MDCAT 2024 — Blue,,Biology,54,"Which one of the following types of phosphorylation occurs in electron transport chain, when NADH transfer electrons to coenzyme Q in inner mitochondrial membrane?",Cyclic-Phosphorylation,Non-cyclic Phosphorylation,Oxidative Phosphorylation,Substrate level Phosphorylation,,C,official_answer_key,,ilovepdf_merged (3) (1).pdf,29
253,2024-szabmu-mdcat-2024-blue-55-253,2024,SZABMU MDCAT 2024 — Blue,,Biology,55,Gall stones are mostly made up of ______________.,Calcium,Calcium Phosphate,Cholesterol,Proteins,,C,official_answer_key,,ilovepdf_merged (3) (1).pdf,29
254,2024-szabmu-mdcat-2024-blue-56-254,2024,SZABMU MDCAT 2024 — Blue,,Biology,56,Which one of the following allows the exchange of RNA and protein between the nucleus and cytoplasm?,Nuclear matrix,Nuclear pores,Nucleolus,"Nucleoplasm 52. 53. 54. 55. 56. In Drosophila, the heterozygote(w/wt ) exceeds in quality of fluorescent pigment in eyes than wild(wt/wt) or white eye (w/w), this kind of dominance is termed as A. Co-Dominance B. Complete Dominance C. Incomplete Dominance D. Over Dominance In human testes, spermatozoa are present in A. epididymis WwW B. interstitial cells C. seminiferous tubules y, D. sertoli cells Which one of the following types sphorylation occurs in electron transport ch en NADH transfer electrons to coenzyme Q in inne itochondrial membrane? ~ A. Cyclic-Phosph jon B. Non-cyclic Phos rylation C. Oxidative phorylation D. Substr el Phosphorylation Gall stones ar tly made up of A. idm B. alcitum Phosphate 2 lesterol. roteins one of the following allows the exchange of RNA protein between the nucleus and cytoplasm? Nuclear matrix Nuclear pores Nucleolus Nucleoplasm DOR> MDCAT-2024-SZABMU-BLUE 11 MDCAT-2024-SZABMU-BLUE 12",,B,official_answer_key,,ilovepdf_merged (3) (1).pdf,30
255,2024-szabmu-mdcat-2024-blue-57-255,2024,SZABMU MDCAT 2024 — Blue,,Biology,57,The side of sheath attached to head region in bacteriophage is termed as __________.,Capsid,Collar,Core,End plate,,B,official_answer_key,,ilovepdf_merged (3) (1).pdf,30
256,2024-szabmu-mdcat-2024-blue-58-256,2024,SZABMU MDCAT 2024 — Blue,,Biology,58,"During resting membrane potential, K+ are _________ higher in concentration inside than outside the membrane surface.",ten-times,fifteen-times,twenty times,twenty-five times,,C,official_answer_key,,ilovepdf_merged (3) (1).pdf,30
257,2024-szabmu-mdcat-2024-blue-59-257,2024,SZABMU MDCAT 2024 — Blue,,Biology,59,Which one of the following bones is NOT the part of eye orbit?,Ethmoid,Lacrimal,Sphenoid,Zygomatic,,C,official_answer_key,,ilovepdf_merged (3) (1).pdf,30
258,2024-szabmu-mdcat-2024-blue-60-258,2024,SZABMU MDCAT 2024 — Blue,,Biology,60,"Lock and key model (1890), was modified by _______.",Emil Fischer,Erwin Chargaff,Koshland,Lorenz Oken,,C,official_answer_key,,ilovepdf_merged (3) (1).pdf,30
259,2024-szabmu-mdcat-2024-blue-61-259,2024,SZABMU MDCAT 2024 — Blue,,Biology,61,Which of the following part of phospholipids constitutes hydrophobic zone in plasma membrane?,Cholesterol,Fatty acid tail,Glycolipids,"Phosphate head 57. 58. 59. 60. The side of sheath attached to head region in bacteriophage is termed as A. Capsid B. Collar Cc. Core D. End plate During resting membrane potential, K* are higher in concentration inside than outside the membrane surface. A. ten-times B. fifteen-times Ww) C. twenty times D. twenty-five times ¢ Which one of the following bones Na? the part of eye A. Ethmoid B. Lacrimal C. Sphenoid C 7? D. Zygomatic Lock and key moge\ 350, was modified by. A. Emil Ei B. Erwi rgaff C. hland D. z Oken Lor. Which o one following part of phospholipids es hydrophobic zone in plasma membrane? Cholesterol ~Y B. Fatty acid tail C. Glycolipids D. Phosphate head MDCAT-2024-SZABMU-BLUE 12 MDCAT-2024-SZABMU-BLUE 13",,B,official_answer_key,,ilovepdf_merged (3) (1).pdf,31
260,2024-szabmu-mdcat-2024-blue-62-260,2024,SZABMU MDCAT 2024 — Blue,,Biology,62,Which of the following types of salivary glands are located behind the jaws?,Maxillary glands,Parotid glands,Sublingual glands,Submaxillary glands,,D,official_answer_key,,ilovepdf_merged (3) (1).pdf,31
261,2024-szabmu-mdcat-2024-blue-63-261,2024,SZABMU MDCAT 2024 — Blue,,Biology,63,"Which one of the following blood vessels has larger bore, thin walls, and without pulse?",Aorta,Arteries,Capillaries,Veins,,D,official_answer_key,,ilovepdf_merged (3) (1).pdf,31
262,2024-szabmu-mdcat-2024-blue-64-262,2024,SZABMU MDCAT 2024 — Blue,,Biology,64,"During which stage of bacteriophage replication, lysozyme is involved?",Adsorption,Attachment,Multiplication,Penetration,,D,official_answer_key,,ilovepdf_merged (3) (1).pdf,31
263,2024-szabmu-mdcat-2024-blue-65-263,2024,SZABMU MDCAT 2024 — Blue,,Biology,65,Which of the following proteins do NOT exhibit quaternary structure?,Actin,Haemoglobin,Insulin,Myoglobin,,D,official_answer_key,,ilovepdf_merged (3) (1).pdf,32
264,2024-szabmu-mdcat-2024-blue-66-264,2024,SZABMU MDCAT 2024 — Blue,,Biology,66,"When a person is exposed to HIV, becomes ill but survive, as a result the immunity developed against disease is called _________.",Artificial Active Immunity,Artificial Passive Immunity,Natural Active Immunity,"Natural Passive Immunity 62. Which of the following types of salivary glands are located behind the jaws? A. Maxillary glands B. Parotid glands C. Sublingual glands D. Submaxillary glands 63. Which one of the following blood vessels has larger bore, thin walls, and without pulse? A. Aorta SY B. Arteries C. Capillaries Qy D. Veins ¢ 64. During which stage of bacteriophag tepiication, lysozyme is involved? A. Adsorption B. Attachment C. Multiplication ay D. Penetration 65. Which of the followi Wine do NOT exhibit quaternary structure A. Actin B. Haemo in Cc. I lin D. yoglobin 66. erson is exposed to HIV, becomes ill but as a result the immunity developed against A. Artificial Active Immunity B. Artificial Passive Immunity C. Natural Active Immunity D. Natural Passive Immunity MDCAT-2024-SZABMU-BLUE 13 MDCAT-2024-SZABMU-BLUE 14",,C,official_answer_key,,ilovepdf_merged (3) (1).pdf,32
265,2024-szabmu-mdcat-2024-blue-67-265,2024,SZABMU MDCAT 2024 — Blue,,Biology,67,Which one of the following sexually transmitted disease attack on T4 Lymphocytes?,AIDS,Genital Herpes,Gonorrhea,Syphilis,,A,official_answer_key,,ilovepdf_merged (3) (1).pdf,32
266,2024-szabmu-mdcat-2024-blue-68-266,2024,SZABMU MDCAT 2024 — Blue,,Biology,68,"When muscle contract, Z-line is ______, I-band _____ and H-zone disappear.","closer, enlarged","closer, shorten","distant, enlarged","distant, shorten 67. Which one of the following sexually transmitted disease attack on T4 Lymphocytes? A. AIDS B. Genital Herpes C. Gonorrhea D. Syphilis 68. When muscle contract, Z-line is, I-band and H-zone disappear. A. closer, enlarged SY B. closer, shorten C. distant, enlarged WwW D. distant, shorten ae) AY ¢ Ov MDCAT-2024-SZABMU-BLUE 14 MDCAT-2024-SZABMU-BLUE 15 CHEMISTRY",,B,official_answer_key,,ilovepdf_merged (3) (1).pdf,32
267,2024-szabmu-mdcat-2024-blue-69-267,2024,SZABMU MDCAT 2024 — Blue,,Chemistry,69,Which compound is used as a reference for calculating the extent of stability of benzene?,Cyclohexane,Cyclohexene,"1,3,5-cyclohexene","1,3,5-cyclohexatriene",,D,official_answer_key,,ilovepdf_merged (3) (1).pdf,32
268,2024-szabmu-mdcat-2024-blue-70-268,2024,SZABMU MDCAT 2024 — Blue,,Chemistry,70,"When CO2 reacts with propyl magnesium chloride followed by acid hydrolysis, the product formed is __________.",Butanoic acid,Ethanoic acid,Pentanoic acid,Propanoic acid,,A,official_answer_key,,ilovepdf_merged (3) (1).pdf,33
269,2024-szabmu-mdcat-2024-blue-71-269,2024,SZABMU MDCAT 2024 — Blue,,Chemistry,71,What is the range of atomic numbers of the 3d series of transition elements?,20-30,21-30,22-30,24-30,,B,official_answer_key,,ilovepdf_merged (3) (1).pdf,33
270,2024-szabmu-mdcat-2024-blue-72-270,2024,SZABMU MDCAT 2024 — Blue,,Chemistry,72,What will be the number of atoms in 2 moles of water molecule?,6.02X1023,1.24X1024,1.92X1024,3.61X1024,,D,official_answer_key,,ilovepdf_merged (3) (1).pdf,33
271,2024-szabmu-mdcat-2024-blue-73-271,2024,SZABMU MDCAT 2024 — Blue,,Chemistry,73,"Consider a reaction of A into B, if K value is 3x10-12 at 200oC then what will be the value of K at 250oC?",K = 9 x 10-3s-1,K = 12 x 10-3s-1,K = 6 x 10-12s-1,"K = 15 x 10-12s-1 69. 70. 71. 72. CHEMISTRY Which compound is used as a reference for calculating the extent of stability of benzene? A. Cyclohexane B. Cyclohexene C. 1,3,5-cyclohexene D. 1,3,5-cyclohexatriene When CO: reacts with propyl magnesium chlori followed by acid hydrolysis, the product formed\is A. Butanoic acid B. Ethanoic acid C. Pentanoic acid D. Propanoic acid What is the range of atomic — of the 3d series of transition elements? A. 20-30 B. 21-30 Ve C. 22-30 D. 24-30 ay: What will be SD ber of atoms in 2 moles of water molecule? A. 1023:4x1024.92X1024 Re 3.61X1024 sider a reaction of A into B, if K value is 3x10712 at 00°C then what will be the value of K at 250°C? K =9x 1073s""! K = 12x 10°3s""4 K = 6x 10712571 K = 15x 10712571 pO p> MDCAT-2024-SZABMU-BLUE 15 MDCAT-2024-SZABMU-BLUE 16",,D,official_answer_key,,ilovepdf_merged (3) (1).pdf,33
272,2024-szabmu-mdcat-2024-blue-74-272,2024,SZABMU MDCAT 2024 — Blue,,Chemistry,74,"For boiling point, vapor pressure of liquid DOES NOT depend upon _______.",amount of liquid,external atmospheric pressure,intermolecular forces,type of bond,,A,official_answer_key,,ilovepdf_merged (3) (1).pdf,34
273,2024-szabmu-mdcat-2024-blue-75-273,2024,SZABMU MDCAT 2024 — Blue,,Chemistry,75,NaCl is an example of ____________ arrangement of crystal lattice.,Monoclinic,Octahedral,Tetrahedral,Triangular,,B,official_answer_key,,ilovepdf_merged (3) (1).pdf,34
274,2024-szabmu-mdcat-2024-blue-76-274,2024,SZABMU MDCAT 2024 — Blue,,Chemistry,76,Formula for partial pressure calculation of any component in mixture of gases is ______.,Pi = Pt / Xi,Pi = Pt + Xi,Pi = Pt R,Pi = Pt Xi,,D,official_answer_key,,ilovepdf_merged (3) (1).pdf,34
275,2024-szabmu-mdcat-2024-blue-77-275,2024,SZABMU MDCAT 2024 — Blue,,Chemistry,77,What will be the internal energy of a system at constant volume?,ΔE = 0,ΔE = q + P,ΔE = q + PΔV,ΔE = qv,,D,official_answer_key,,ilovepdf_merged (3) (1).pdf,34
276,2024-szabmu-mdcat-2024-blue-78-276,2024,SZABMU MDCAT 2024 — Blue,,Chemistry,78,Which of the following law helps to calculate the absolute temperature?,Avogadro’s Law,Boyle’s Law,Charles Law,"Dalton’s Law 74. For boiling point, vapor pressure of liquid DOES NOT depend upon A. amount of liquid B. external atmospheric pressure C. intermolecular forces D. type of bond 75. NaCl is an example of arrangement of crystal lattice. A. Monoclinic SY B. Octahedral C. Tetrahedral ae) 0 D. Triangular 76. Formula for partial pressure calculation of any component in mixture of a. is A. Pi = Pt / Xi B. Pi = Pt + Xi Cc. Pi=PrR ay D. Pi = Pt Xi 77. What will be the int n\n of a system at constant paniey. ~ AL sa PAV 78. Whi“ee e following law helps to calculate the emperature? ae Avogadro's Law B. Boyle’s Law C. Charles Law D. Dalton’s Law MDCAT-2024-SZABMU-BLUE 16 MDCAT-2024-SZABMU-BLUE 17",,C,official_answer_key,,ilovepdf_merged (3) (1).pdf,34
277,2024-szabmu-mdcat-2024-blue-79-277,2024,SZABMU MDCAT 2024 — Blue,,Chemistry,79,The IUPAC name of given organic compound is ______.,2-Chloropentanal,2-Chloropentanol,4-Chloropentanal,4-Chloropentanol,,C,official_answer_key,,ilovepdf_merged (3) (1).pdf,35
278,2024-szabmu-mdcat-2024-blue-80-278,2024,SZABMU MDCAT 2024 — Blue,,Chemistry,80,"Which type of reaction will be occur, when an alcohol reacts with a carboxylic acid?",Dehydration reaction,Dehydrogenation reaction,Esterification reaction,Reduction reaction,,C,official_answer_key,,ilovepdf_merged (3) (1).pdf,35
279,2024-szabmu-mdcat-2024-blue-81-279,2024,SZABMU MDCAT 2024 — Blue,,Chemistry,81,Diamagnetic behavior of Flourine molecule is due to presence of _______.,paired electrons in d orbitals,paired electrons in p orbitals,unpaired electrons in d orbitals,unpaired electrons in p orbitals,,B,official_answer_key,,ilovepdf_merged (3) (1).pdf,35
280,2024-szabmu-mdcat-2024-blue-82-280,2024,SZABMU MDCAT 2024 — Blue,,Chemistry,82,Metallic character of alkaline earth metals ________ down the groups.,decreases,gradually increases then decreases,increases,remains same,,C,official_answer_key,,ilovepdf_merged (3) (1).pdf,35
281,2024-szabmu-mdcat-2024-blue-83-281,2024,SZABMU MDCAT 2024 — Blue,,Chemistry,83,Which of the following is the unit of rate of reaction?,(mol-dm3)-1s1,mol(dm3)s-1,mol(dm3)-1s,"mol(dm3)-1s-1 79. The IUPAC name of given organic compound is CH3-CH-CH>5-CH>-CHO Cl 2-Chloropentanal 2-Chloropentanol 4-Chloropentanal 4-Chloropentanol. I 80. Which type of reaction will be occur, when Ww ol pOm> reacts with a carboxylic acid? A. Dehydration reaction ? B. Dehydrogenation reaction C. Esterification reaction D. Reduction reaction 81. Diamagnetic behavior of raw is due to presence of. A. paired electro A tat B. paired elect ons in p orbitals C. unpaired adivons in d orbitals D. unpaired‘electrons in p orbitals 82. Metallic char f alkaline earth metals down the ups. A. ecréases: radually increases then decreases increases remains same oa liv of the following is the unit of rate of reaction? (mol-dm?)-1s? mol(dm?)s""1 mol(dm?)-1s mol(dm?)-1s""1 pO p> MDCAT-2024-SZABMU-BLUE 17 MDCAT-2024-SZABMU-BLUE 18",,D,official_answer_key,,ilovepdf_merged (3) (1).pdf,36
282,2024-szabmu-mdcat-2024-blue-84-282,2024,SZABMU MDCAT 2024 — Blue,,Chemistry,84,"If percentage yield of chemical reaction is 60%, actual yield is 15g, what is its theoretical yield?",18g,20g,25g,30g,,C,official_answer_key,,ilovepdf_merged (3) (1).pdf,36
283,2024-szabmu-mdcat-2024-blue-85-283,2024,SZABMU MDCAT 2024 — Blue,,Chemistry,85,The IUPAC name of Malonic acid CH2(COOH)2 is __________.,"1,2-Ethanedioic acid","1,3-Propanedioic acid","1,4-butanedioic acid","1,6-Hexadecanoic acid",,B,official_answer_key,,ilovepdf_merged (3) (1).pdf,36
284,2024-szabmu-mdcat-2024-blue-86-284,2024,SZABMU MDCAT 2024 — Blue,,Chemistry,86,What is the IUPAC name of given compound? CH3-CH=CH-CH2-C≡CH,2-Hexen-5-yne,2-Hexen-6-yne,4-Hexen-1-yne,5-Hexen-1-yne,,C,official_answer_key,,ilovepdf_merged (3) (1).pdf,36
285,2024-szabmu-mdcat-2024-blue-87-285,2024,SZABMU MDCAT 2024 — Blue,,Chemistry,87,Which of the following metal forms superoxide when reacted with oxygen?,Beryllium,Lithium,Magnesium,Potassium,,D,official_answer_key,,ilovepdf_merged (3) (1).pdf,36
286,2024-szabmu-mdcat-2024-blue-88-286,2024,SZABMU MDCAT 2024 — Blue,,Chemistry,88,Chemical equilibrium given below will shift to backward direction by ___________.,decreasing pressure and increasing temperature,decreasing the temperature,increasing the concentration of NO & O2,"increasing the pressure 84. 85. 86. 87. 88. If percentage yield of chemical reaction is 60%, actual yield is 15g, what is its theoretical yield? A. 18g B. 20g C. 25g D. 30g The IUPAC name of Malonic acid CH2(COOH):2 is,2-Ethanedioic acid 1,3-Propanedioic acid 1,4-butanedioic acid ae) ¢ ound? DOR> 1,6-Hexadecanoic acid What is the IUPAC name of given co. CH3-CH=CH-CH2-C=CH A. 2-Hexen-5-yne B. 2-Hexen-6-yne C. 4-Hexen-1-yne Y D. 5-Hexen-1-yn Which of the followi i forms superoxide when reacted with ey A. Beryl iun\ B. _Lithi C. nesium D. otassium Chemicak equilibrium given below will shift to b ard direction by. O, == 2NO, + Heat A. decreasing pressure and increasing temperature decreasing the temperature increasing the concentration of NO & O2 increasing the pressure 908 MDCAT-2024-SZABMU-BLUE 18 MDCAT-2024-SZABMU-BLUE 19",,A,official_answer_key,,ilovepdf_merged (3) (1).pdf,37
287,2024-szabmu-mdcat-2024-blue-89-287,2024,SZABMU MDCAT 2024 — Blue,,Chemistry,89,"Which of the following element will show electronic configuration of outermost shell like ns2, np5?",C,Cl,S,Si,,B,official_answer_key,,ilovepdf_merged (3) (1).pdf,37
288,2024-szabmu-mdcat-2024-blue-90-288,2024,SZABMU MDCAT 2024 — Blue,,Chemistry,90,"What will be formula of work, when work is done on the system by the surrounding?",W = - P/ΔV,W = - PΔV,W = P/ΔV,W = PΔV,,D,official_answer_key,,ilovepdf_merged (3) (1).pdf,37
289,2024-szabmu-mdcat-2024-blue-91-289,2024,SZABMU MDCAT 2024 — Blue,,Chemistry,91,Which product is formed by the reaction of phenol with concentrated nitric acid?,Adipic acid,m-Nitrophenol,Picric acid,p-Nitrophenol,,C,official_answer_key,,ilovepdf_merged (3) (1).pdf,37
290,2024-szabmu-mdcat-2024-blue-92-290,2024,SZABMU MDCAT 2024 — Blue,,Chemistry,92,What is the percentage mass ratio of carbon and hydrogen in benzene?,1:1,3:1,6:1,12:1,,D,official_answer_key,,ilovepdf_merged (3) (1).pdf,38
291,2024-szabmu-mdcat-2024-blue-93-291,2024,SZABMU MDCAT 2024 — Blue,,Chemistry,93,Transition element Vanadium mostly act as ________.,Amphoteric,Neutral,Oxidizing agent,Reducing agent,,D,official_answer_key,,ilovepdf_merged (3) (1).pdf,38
292,2024-szabmu-mdcat-2024-blue-94-292,2024,SZABMU MDCAT 2024 — Blue,,Chemistry,94,Which type of redox reaction takes place at cathode of the electrochemical cell?,Decomposition,Dissociation,Oxidation,"Reduction 89. Which of the following element will show electronic configuration of outermost shell like ns2, np>? A. C B. Cl Cc. Ss D. Si the system by the surrounding? A. W=-P/AV a» B. W=-PAV WwW Cc. W=P/AV ae) ¢ 90. What will be formula of work, when work is me D. W= PAV 91. Which product is formed by the reacti f phenol with concentrated nitric acid? A. Adipic acid xe) B. m-Nitrophenol C. Picric acid D. p-Nitrophenol 92. What is the percent = ratio of carbon and hydrogen in pene A. 1:1 ~Q) B. 3:1 ay C. ¢ D. \12: 93. TranSiti % element Vanadium mostly act as. Amphoteric. Neutral C. Oxidizing agent D. Reducing agent 94. Which type of redox reaction takes place at cathode of the electrochemical cell? A. Decomposition B. Dissociation C. Oxidation D. Reduction MDCAT-2024-SZABMU-BLUE 19 MDCAT-2024-SZABMU-BLUE 20",,D,official_answer_key,,ilovepdf_merged (3) (1).pdf,38
293,2024-szabmu-mdcat-2024-blue-95-293,2024,SZABMU MDCAT 2024 — Blue,,Chemistry,95,Which type of catalyst is used during electrophilic substitution reactions of benzene?,Amphoteric,Lewis’s acid,Lewis’s base,Transition metals,,B,official_answer_key,,ilovepdf_merged (3) (1).pdf,38
294,2024-szabmu-mdcat-2024-blue-96-294,2024,SZABMU MDCAT 2024 — Blue,,Chemistry,96,The correct stability order of M+4 cations is ________.,Ge+4 Pb+4 Sn+4,Ge+4 Sn+4 Pb+4,Ge+4 Pb+4 Sn+4,Ge+4 Sn+4 Pb+4,,D,official_answer_key,,ilovepdf_merged (3) (1).pdf,38
295,2024-szabmu-mdcat-2024-blue-97-295,2024,SZABMU MDCAT 2024 — Blue,,Chemistry,97,Which type of isomerism is shown by fumaric acid and maleic acid?,Functional group isomers,Geometrical isomers,Optical isomers,Position isomers,,B,official_answer_key,,ilovepdf_merged (3) (1).pdf,39
296,2024-szabmu-mdcat-2024-blue-98-296,2024,SZABMU MDCAT 2024 — Blue,,Chemistry,98,Unimolecular nucleophilic substitution reaction involves ________.,1st order kinetics,2nd order kinetics,3rd order kinetics,zero order kinetics,,A,official_answer_key,,ilovepdf_merged (3) (1).pdf,39
297,2024-szabmu-mdcat-2024-blue-99-297,2024,SZABMU MDCAT 2024 — Blue,,Chemistry,99,What will be the molarity of HCl solution with pH=4?,0.0001,0.0004,0.004,4.0 95. Which type of catalyst is used during electrophilic substitution reactions of benzene? A. Amphoteric B. Lewis’s acid C. Lewis’s base D. Transition metals 96. The correct stability order of M** cations is A. Get4 < Pbt4 < Snt4 SX B. Get4 < Snt4 < Pbt4 C. Get4 5 Pbt4 5 Snt4 Qy D. Get* 5 Snt4 s Pbt4 maleic acid? ¢ 97. Which type of isomerism is nemo acid and Functional group isom@dy Geometrical isomer Optical isomers Position isome 98. Unimolecular nucleophiliccSubstitution reaction involves A. 1st ora esc B. 24 order kinetics Cc. rder kinetics D DOR> Keg order kinetics 99. < wilP’be the molarity of HCI solution with pH=4? » 0.0001 B. 0.0004 Cc. 0.004 D. 4.0 MDCAT-2024-SZABMU-BLUE MDCAT-2024-SZABMU-BLUE 21,,A,official_answer_key,,ilovepdf_merged (3) (1).pdf,39
298,2024-szabmu-mdcat-2024-blue-100-298,2024,SZABMU MDCAT 2024 — Blue,,Chemistry,100,"If weak acid is diluted with water, then H+ ions concentration will ______.",decrease,gradually decreases then increase,increase,remain same,,A,official_answer_key,,ilovepdf_merged (3) (1).pdf,39
299,2024-szabmu-mdcat-2024-blue-101-299,2024,SZABMU MDCAT 2024 — Blue,,Chemistry,101,Which one the following is NOT an example of electrochemical cell?,Electrolytic cell,Photovoltaic cell,Solar cell,Voltic cell,,B,official_answer_key,,ilovepdf_merged (3) (1).pdf,40
300,2024-szabmu-mdcat-2024-blue-102-300,2024,SZABMU MDCAT 2024 — Blue,,Chemistry,102,The saturated alicyclic hydrocarbons have the general formula _______.,CnH2n,CnH2n+1,CnH2n+2,CnH2n-2,,A,official_answer_key,,ilovepdf_merged (3) (1).pdf,40
301,2024-szabmu-mdcat-2024-blue-103-301,2024,SZABMU MDCAT 2024 — Blue,,Chemistry,103,"If half-life of a chemical reaction is 30 minutes, how much time is required for its 87.5% completion?",30 min,60 min,90 min,120 min,,C,official_answer_key,,ilovepdf_merged (3) (1).pdf,40
302,2024-szabmu-mdcat-2024-blue-104-302,2024,SZABMU MDCAT 2024 — Blue,,Chemistry,104,The oxidation of methanal results in the formation of ______.,Acetic acid,Formic acid,Methanol,"Propanoic acid 100. If weak acid is diluted with water, then Ht ions concentration will A. decrease B. gradually decreases then increase C. increase D. remain same 101. Which one the following is NOT an example of electrochemical cell? Q> a S Electrolytic cell B. Photovoltaic cell C. Solar cell Qy formula A. CnHan xe) B. CnHoan+1 C. CnHoan+2 D. CnHoan-2 C 103. If half-life of a chemicalyeaction is 30 minutes, how a OKtor its 87.5% completion? much time is aps A. 30 mi D. Voltic cell, 102. The saturated alicyclic macnn the general B. 60min C. min D. (12 in 104. Th Sotion of methanal results in the formation of. Acetic acid B. Formic acid C. Methanol D. Propanoic acid MDCAT-2024-SZABMU-BLUE 21 MDCAT-2024-SZABMU-BLUE 22",,B,official_answer_key,,ilovepdf_merged (3) (1).pdf,40
303,2024-szabmu-mdcat-2024-blue-105-303,2024,SZABMU MDCAT 2024 — Blue,,Chemistry,105,Which of the following metal hydroxide is the strongest base?,Ca(OH)2,LiOH,Mg(OH)2,NaOH,,D,official_answer_key,,ilovepdf_merged (3) (1).pdf,40
304,2024-szabmu-mdcat-2024-blue-106-304,2024,SZABMU MDCAT 2024 — Blue,,Chemistry,106,Which one of the following molecules has zero dipole movement?,Ammonia,Carbon dioxide,Hydrogen fluoride,Water,,B,official_answer_key,,ilovepdf_merged (3) (1).pdf,41
305,2024-szabmu-mdcat-2024-blue-107-305,2024,SZABMU MDCAT 2024 — Blue,,Chemistry,107,How many electrons will be accommodated in sub- shell with Azimuthal quantum number ℓ =2?,2,6,10,12,,C,official_answer_key,,ilovepdf_merged (3) (1).pdf,41
306,2024-szabmu-mdcat-2024-blue-108-306,2024,SZABMU MDCAT 2024 — Blue,,Chemistry,108,Which of the following mixture will constitute the buffer solution?,Acetic acid & sodium acetate,Acetic acid & ammonia,Acetic acid and its ammonium acetate,Ammonia & ammonium acetate,,A,official_answer_key,,ilovepdf_merged (3) (1).pdf,41
307,2024-szabmu-mdcat-2024-blue-109-307,2024,SZABMU MDCAT 2024 — Blue,,Chemistry,109,What will be the IUPAC name of neopentane?,"2,2-Dimethypentane","2,2-Dimethypropane",2-Methylbutane,"3-Methylbutane 105. Which of the following metal hydroxide is the strongest base? A. Ca(OH)2 B. LiOH C. Mg(OH)2 D. NaOH 106. Which one of the following molecules has zero dipole movement? A. Ammonia a» B. Carbon dioxide C. Hydrogen fluoride Qy ? D. Water 107. How many electrons will be accomntedated in sub- shell with Azimuthal quantum n =2? A. 2 xe) B. 6 Cc. 10 Y D. 12 \> 108. Which of the followgin will constitute the buffer solution? A. Aceti acy Mon acetate B. Acetic & ammonia id and its ammonium acetate C. eti i i D. nia & ammonium acetate 109. ye ay | be the IUPAC name of neopentane? 2,2-Dimethypentane. 2,2-Dimethypropane C. 2-Methylbutane D. 3-Methylbutane MDCAT-2024-SZABMU-BLUE 22 MDCAT-2024-SZABMU-BLUE 23",,B,official_answer_key,,ilovepdf_merged (3) (1).pdf,41
308,2024-szabmu-mdcat-2024-blue-110-308,2024,SZABMU MDCAT 2024 — Blue,,Chemistry,110,"According to law of mass action, Kp > Kc when reaction occurs with _______.",decrease in volume on product side,increase in volume on product side,increase in volume on reactant side,simultaneous increase and decrease of product,,B,official_answer_key,,ilovepdf_merged (3) (1).pdf,41
309,2024-szabmu-mdcat-2024-blue-111-309,2024,SZABMU MDCAT 2024 — Blue,,Chemistry,111,The correct reactivity order of the following compounds towards nucleophile is ______________.,H-CO-H < H-CO-R < R-CO-R,H-CO-H > H-CO-R > R-CO-R,H-CO-R < H-CO-H < R-CO-R,H-CO-H > R-CO-R > H-CO-R,,B,official_answer_key,,ilovepdf_merged (3) (1).pdf,42
310,2024-szabmu-mdcat-2024-blue-112-310,2024,SZABMU MDCAT 2024 — Blue,,Chemistry,112,The anion derived by deprotonation of an alcohol acts as _________.,Acidic moiety,Electrophile,Lewis acid,Lewis base,,D,official_answer_key,,ilovepdf_merged (3) (1).pdf,42
311,2024-szabmu-mdcat-2024-blue-113-311,2024,SZABMU MDCAT 2024 — Blue,,Chemistry,113,Who stated that enthalpy change in a chemical reaction is same whether the reaction takes place in single step or in several steps?,Arrhenius’ Law,Born Haber’s Law,Dalton’s Law,Hess’s Law,,D,official_answer_key,,ilovepdf_merged (3) (1).pdf,42
312,2024-szabmu-mdcat-2024-blue-114-312,2024,SZABMU MDCAT 2024 — Blue,,Chemistry,114,Which type of substituent will increase the acidic strength of phenols?,Electron donating substituents,Electron withdrawing substituents,Lewis’s bases,"Nucleophiles 110. According to law of mass action, Kp > Kc when reaction occurs with decrease in volume on product side increase in volume on product side increase in volume on reactant side simultaneous increase and decrease of product 111. The correct reactivity order of the following compounds towards nucleophile is y. aN f A. H-CO-H < H-CO-R < R-CO-R N B. H-CO-H > H-CO-R > R-CO-R C. H-CO-R < H-CO-H < R-CO-R D. H-CO-H > R-CO-R > H-CO-R <4 112. The anion derived by deprotonati an alcohol acts as. xe). Acidic moiety DOR> A B. Electrophile C. Lewis acid D. Lewis base ¢ 113. Who stated that py change in a chemical reaction is ol ther the reaction takes place in i veral steps? single step ay A. adhehi s’ Law B..BorhHaber’s Law \Paiton’s Law - ess’s Law 11 h type of substituent will increase the acidic ngth of phenols? Electron donating substituents Electron withdrawing substituents Lewis’s bases Nucleophiles DOR> MDCAT-2024-SZABMU-BLUE 23 MDCAT-2024-SZABMU-BLUE 24",,B,official_answer_key,,ilovepdf_merged (3) (1).pdf,42
313,2024-szabmu-mdcat-2024-blue-115-313,2024,SZABMU MDCAT 2024 — Blue,,Chemistry,115,Water is liquid at room temperature as compared to ammonia and hydrogen disulphide due to presence of ____________.,Co-ordinate covalent bond,Hydrogen bond,Ionic bond,Metallic bond,,B,official_answer_key,,ilovepdf_merged (3) (1).pdf,43
314,2024-szabmu-mdcat-2024-blue-116-314,2024,SZABMU MDCAT 2024 — Blue,,Chemistry,116,Which of the following is an example of molecular solid?,Al3N2,CO2,CsF,NaCl,,B,official_answer_key,,ilovepdf_merged (3) (1).pdf,43
315,2024-szabmu-mdcat-2024-blue-117-315,2024,SZABMU MDCAT 2024 — Blue,,Chemistry,117,What will be mole ratio of Al to O2 after balancing equation given below?,1:1,2:3,3:4,4:3,,D,official_answer_key,,ilovepdf_merged (3) (1).pdf,43
316,2024-szabmu-mdcat-2024-blue-118-316,2024,SZABMU MDCAT 2024 — Blue,,Chemistry,118,Which product will be formed finally on the reduction of acetic acid with LiAlH4?,Ethanal,Ethane,Ethanoic acid,Ethanol,,D,official_answer_key,,ilovepdf_merged (3) (1).pdf,43
317,2024-szabmu-mdcat-2024-blue-119-317,2024,SZABMU MDCAT 2024 — Blue,,Chemistry,119,The melting and boiling point of alcohols are high as compared to corresponding alkanes due to ________.,Dipole-dipole interaction,Hydrogen bonding,Ionic interactions,"Van der Waal interactions 115. Water is liquid at room temperature as compared to ammonia and hydrogen disulphide due to presence of Co-ordinate covalent bond Hydrogen bond Ionic bond Metallic bond 116. Which of the following is an example of molecul solid? A. AlIsN2 B. CO2 Qy DOR> C. CsF D. NaCl YY 117. What will be mole ratio of Al to r balancing equation given below? R Al,O; ————» Al + Ry A. 1:1 B. 2:3 Cc. 3:4 we D. 4:3 118. Which prod 5 be formed finally on the reduction of acetic id, jth LiAlH4? A. An. hanoic acid: Ethanol ual melting and boiling point of alcohols are high as ompared to corresponding alkanes due to Dipole-dipole interaction Hydrogen bonding Ionic interactions Van der Waal interactions DOm> MDCAT-2024-SZABMU-BLUE 24 MDCAT-2024-SZABMU-BLUE 25",,B,official_answer_key,,ilovepdf_merged (3) (1).pdf,43
318,2024-szabmu-mdcat-2024-blue-120-318,2024,SZABMU MDCAT 2024 — Blue,,Chemistry,120,How many moles of oxygen gas are needed for combustion of 2 moles of propane?,08,10,12,14,,B,official_answer_key,,ilovepdf_merged (3) (1).pdf,44
319,2024-szabmu-mdcat-2024-blue-121-319,2024,SZABMU MDCAT 2024 — Blue,,Chemistry,121,The e/m ratio of proton is ________ that of an electron.,1837 times greater than,equal to,greater than,smaller than,,D,official_answer_key,,ilovepdf_merged (3) (1).pdf,44
320,2024-szabmu-mdcat-2024-blue-122-320,2024,SZABMU MDCAT 2024 — Blue,,Chemistry,122,"At constant volume, the heat supplied to a system is always equal to its __________.",bond energy,enthalpy change,heat of sublimation,"internal energy change 120. How many moles of oxygen gas are needed for combustion of 2 moles of propane? A. 08 B. 10 Cc. 12 D. 14 121. The e/m ratio of proton is that of an electron. A. 1837 times greater than B. equal to C. greater than D. smaller than 122. At constant volume, the heat Saece a system is always equal to its A. bond energy B. enthalpy change C. heat of sublimati D. internal =n ¢ MDCAT-2024-SZABMU-BLUE 25 MDCAT-2024-SZABMU-BLUE 26 PHYSICS",,D,official_answer_key,,ilovepdf_merged (3) (1).pdf,44
321,2024-szabmu-mdcat-2024-blue-123-321,2024,SZABMU MDCAT 2024 — Blue,,Physics,123,The gradient/slope of I-V (Current-Potential) graph provides ___________.,Conductance,Conductivity,Resistance,Resistivity,,A,official_answer_key,,ilovepdf_merged (3) (1).pdf,44
322,2024-szabmu-mdcat-2024-blue-124-322,2024,SZABMU MDCAT 2024 — Blue,,Physics,124,Under which condition Newton performed experiment for calculation of speed of sound in air?,Adiabatic,Isobaric,Isochoric,Isothermal,,D,official_answer_key,,ilovepdf_merged (3) (1).pdf,45
323,2024-szabmu-mdcat-2024-blue-125-323,2024,SZABMU MDCAT 2024 — Blue,,Physics,125,Which one of the following is an example of transverse waves?,Sound waves,Water waves,Waves associated with electron,Waves in spring,,B,official_answer_key,,ilovepdf_merged (3) (1).pdf,45
324,2024-szabmu-mdcat-2024-blue-126-324,2024,SZABMU MDCAT 2024 — Blue,,Physics,126,"Diode is a/an __________ device, which can be used for rectification process.",insulating,perfect conducting,perfect insulating,"semiconductor PHYSICS 123. The gradient/slope of I-V (Current-Potential) graph provides. A. Conductance B. Conductivity C. Resistance D. Resistivity 124. Under which condition Newton performed exp for calculation of speed of sound in air? A. Adiabatic B. Isobaric C. Isochoric ¢ D. Isothermal 125. Which one of the following is ple of transverse waves? XR A. Sound waves Y B. Water waves C. Waves associated ith electron D. Waves in spring 126. Diode is a/an for rectificati device, which can be used A. i latifig B. _ perfect conducting Cc fect insulating B miconductor YY MDCAT-2024-SZABMU-BLUE 26 MDCAT-2024-SZABMU-BLUE 27",,D,official_answer_key,,ilovepdf_merged (3) (1).pdf,45
325,2024-szabmu-mdcat-2024-blue-128-325,2024,SZABMU MDCAT 2024 — Blue,,Physics,128,"The strength of radiation source is indicated by its activity measured in Becquerel. So, 10 Becquerel is equal to ______ decay per second.",10,100,1000,10000,,A,official_answer_key,,ilovepdf_merged (3) (1).pdf,45
326,2024-szabmu-mdcat-2024-blue-129-326,2024,SZABMU MDCAT 2024 — Blue,,Physics,129,If 60A current passes through a wire in 60 seconds. What will be the value of charge existing in the wire?,4.6 x 10-3 C,3.6 x 10-3 C,2.6 x 103 C,3.6 x 103 C,,D,official_answer_key,,ilovepdf_merged (3) (1).pdf,46
327,2024-szabmu-mdcat-2024-blue-130-327,2024,SZABMU MDCAT 2024 — Blue,,Physics,130,"What will be the fundamental frequency in a stretched string, when it is plucked at central point while it has a speed of 48 ms-1 with string length of 8m?",3 Hz,6 Hz,9 Hz,"12 Hz 127. The SI-unit of capacitance of capacitor is Farad, it can also be expressed as As’ A.. Nm A’s 3 B.. Nm A’s C. s Nm Q> p. 43 re Nm WwW 128. The strength of radiation source is indi aAedby its éc indic activity measured in Becquerel. So, uerel is equal to decay per second. A. 10 B. 100 xe) Cc. 1000 Y D. 10000 “\p 129. If 60A current passes try gh a wire in 60 seconds. What will be the aN charge existing in the wire? A. 4.6 x 10% B. 3.6x C. 2,6xA0° C D. _3.6% 10°C 130. What wil be the fundamental frequency in a stretched i hen it is plucked at central point while it has ed of 48 ms“! with string length of 8m? WS A. 3Hz 6 Hz B. Cc. 9Hz D. 12Hz MDCAT-2024-SZABMU-BLUE 27 MDCAT-2024-SZABMU-BLUE 28",,A,official_answer_key,,ilovepdf_merged (3) (1).pdf,46
328,2024-szabmu-mdcat-2024-blue-131-328,2024,SZABMU MDCAT 2024 — Blue,,Physics,131,"At what value of angle between the magnetic field intensity and vector area, the magnetic flux becomes zero?",0°,30°,45°,90°,,D,official_answer_key,,ilovepdf_merged (3) (1).pdf,46
329,2024-szabmu-mdcat-2024-blue-132-329,2024,SZABMU MDCAT 2024 — Blue,,Physics,132,The kinetic energy of emitted electrons in photoelectric effect can be increased by increasing ___________.,applied potential of electrodes,frequency of electromagnetic wave,intensity of incident light,momentum of incident photon,,B,official_answer_key,,ilovepdf_merged (3) (1).pdf,46
330,2024-szabmu-mdcat-2024-blue-133-330,2024,SZABMU MDCAT 2024 — Blue,,Physics,133,Which of the following rule helps us to detect the direction of angular velocity?,Head to tail rule,Kirchhoff rule,Left hand rule,Right hand rule,,D,official_answer_key,,ilovepdf_merged (3) (1).pdf,47
331,2024-szabmu-mdcat-2024-blue-134-331,2024,SZABMU MDCAT 2024 — Blue,,Physics,134,Which one of the following is the best condition for performing maximum work by any thermodynamic system?,Adiabatic condition,Isobaric condition,Isochoric condition,Isothermal condition,,D,official_answer_key,,ilovepdf_merged (3) (1).pdf,47
332,2024-szabmu-mdcat-2024-blue-135-332,2024,SZABMU MDCAT 2024 — Blue,,Physics,135,The acceleration can be determined by the gradient of __________.,Displacement-time graph,Force-time graph,Speed-time graph,"Velocity-time graph 131. At what value of angle between the magnetic field intensity and vector area, the magnetic flux becomes zero? A. 0° B. 30° C. 45° D. 90° 132. The kinetic energy of emitted electrons in & photoelectric effect can be increased by incre A. applied potential of electrodes B. frequency of electromagnetic wa C. intensity of incident light ¢ D. momentum of incident pho 133. Which of the following rule he o detect the direction of angular velocity? A. Head to tail rule B. Kirchhoff rile C. Left hand rule S D. Right han le 134. Which one of tes owing is the best condition for System? 1 m work by any thermodynamic system? A. d “ condition B aric condition ochoric condition Isothermal condition WV acceleration can be determined by the gradient of A. Displacement-time graph B. Force-time graph C. Speed-time graph D. Velocity-time graph MDCAT-2024-SZABMU-BLUE 28 MDCAT-2024-SZABMU-BLUE 29",,D,official_answer_key,,ilovepdf_merged (3) (1).pdf,47
333,2024-szabmu-mdcat-2024-blue-136-333,2024,SZABMU MDCAT 2024 — Blue,,Physics,136,Alternating current generator is a device which is used to convert __________ into _______________.,"Chemical energy, Electrical energy","Chemical energy, Mechanical energy","Electrical energy, Mechanical energy","Mechanical energy, Electrical energy",,D,official_answer_key,,ilovepdf_merged (3) (1).pdf,47
334,2024-szabmu-mdcat-2024-blue-137-334,2024,SZABMU MDCAT 2024 — Blue,,Physics,137,Electron-volt is the unit of _________.,Charge,Current,Electric potential,Energy,,D,official_answer_key,,ilovepdf_merged (3) (1).pdf,47
335,2024-szabmu-mdcat-2024-blue-138-335,2024,SZABMU MDCAT 2024 — Blue,,Physics,138,"The electric flash attachment for a camera contains a capacitor for storing the energy used to produce the flash. In one such unit, the potential difference between the plates of 20F capacitor is 5V. Calculate the energy that is used to produce the flash?",250 J,310 J,500 J,650 J,,A,official_answer_key,,ilovepdf_merged (3) (1).pdf,48
336,2024-szabmu-mdcat-2024-blue-139-336,2024,SZABMU MDCAT 2024 — Blue,,Physics,139,Cancerous thyroid is treated with _________.,Chlorine-36,Coblt-60,Iodine-131,Radium-226,,C,official_answer_key,,ilovepdf_merged (3) (1).pdf,48
337,2024-szabmu-mdcat-2024-blue-140-337,2024,SZABMU MDCAT 2024 — Blue,,Physics,140,The rate of change of magnetic flux is measured in _______.,Coulomb,Ohm,Volt,"Watt 136. Alternating current generator is a device which is used to convert into A. Chemical energy, Electrical energy B. Chemical energy, Mechanical energy C. Electrical energy, Mechanical energy D. Mechanical energy, Electrical energy 137. Electron-volt is the unit of. A. Charge Q> B. Current a» C. Electric potential D. Energy ave, 138. The electric flash attachment for a camera Contains a capacitor for storing the energy us o produce the flash. In one such unit, the potenti erence between the plates of 20F produce 5V. Calculate the energy that is used to pro he flash? A. 2503 Y B. 3103) Cc. 500] oS D. 650] ¢ 139. Cancerous PNY treated with. A. chlorite? 6 B. Cablitr6 C. e-131 D ium-226 140. T ate of change of magnetic flux is measured in SsA. Coulomb B. Ohm Cc. Volt D. Watt MDCAT-2024-SZABMU-BLUE 29 MDCAT-2024-SZABMU-BLUE 30",,C,official_answer_key,,ilovepdf_merged (3) (1).pdf,48
338,2024-szabmu-mdcat-2024-blue-141-338,2024,SZABMU MDCAT 2024 — Blue,,Physics,141,"Two bodies with kinetic energies having ratio of 4:1, are moving with equal linear momentum. The ratio of their masses is ______.",1:1,1:2,1:4,4:1,,C,official_answer_key,,ilovepdf_merged (3) (1).pdf,48
339,2024-szabmu-mdcat-2024-blue-142-339,2024,SZABMU MDCAT 2024 — Blue,,Physics,142,The Lyman series contain the wavelengths in the __________ of the hydrogen spectrum.,far-infrared region,infrared region,ultraviolet region,visible region,,C,official_answer_key,,ilovepdf_merged (3) (1).pdf,49
340,2024-szabmu-mdcat-2024-blue-143-340,2024,SZABMU MDCAT 2024 — Blue,,Physics,143,The rate of change of linear momentum is equal to ________.,Force,Impulse,Torque,Velocity,,A,official_answer_key,,ilovepdf_merged (3) (1).pdf,49
341,2024-szabmu-mdcat-2024-blue-144-341,2024,SZABMU MDCAT 2024 — Blue,,Physics,144,"The slope of velocity-time graph gradually decreases, then the body is said to be moving with ___________.",Negative acceleration,Positive acceleration,Uniform velocity,Variable acceleration,,A,official_answer_key,,ilovepdf_merged (3) (1).pdf,49
342,2024-szabmu-mdcat-2024-blue-145-342,2024,SZABMU MDCAT 2024 — Blue,,Physics,145,"In British Engineering system, the unit of power is horsepower. Numerically 1000 hp is equal to ___________.",7460 watts,74600 watts,746000 watts,"7460000 watts 141. Two bodies with kinetic energies having ratio of 4:1, are moving with equal linear momentum. The ratio of their masses is A. 1:1 B. 1:2 Cc. 1:4 D. 4:1 142. The Lyman series contain the wavelengths in th of the hydrogen spectrum. far-infrared region infrared region WwW ultraviolet region S. e is equal to DOR> visible region 143. The rate of change of linear mane Force A. B. Impulse Y C. Torque \> D. Velocity oS ¢ ime graph gradually decreases, to be moving with 144. The slope of vel then the body i A. Negafits cceleration B. Pasitive’ acceleration C. niform velocity D iable acceleration 145.1 itish Engineering system, the unit of power is C epower. Numerically 1000 hp is equal to YY” 7460 watts 74600 watts 746000 watts 7460000 watts DOR> MDCAT-2024-SZABMU-BLUE 30 MDCAT-2024-SZABMU-BLUE 31",,C,official_answer_key,,ilovepdf_merged (3) (1).pdf,49
343,2024-szabmu-mdcat-2024-blue-146-343,2024,SZABMU MDCAT 2024 — Blue,,Physics,146,Kilowatt hour is the commercial unit of electrical energy. 1Kwh is equal to ___________.,3.6 meV,3.6 MeV,3.6 J,3.6 MJ,,D,official_answer_key,,ilovepdf_merged (3) (1).pdf,49
344,2024-szabmu-mdcat-2024-blue-147-344,2024,SZABMU MDCAT 2024 — Blue,,Physics,147,"If kinetic energy of a body becomes four times of the initial value, then the new momentum will ______________.",become twice of its initial value,become three times of its initial value,become four times of its initial value,remain constant,,A,official_answer_key,,ilovepdf_merged (3) (1).pdf,50
345,2024-szabmu-mdcat-2024-blue-148-345,2024,SZABMU MDCAT 2024 — Blue,,Physics,148,The turns ratio of a step-up transformer is 5. A current of 20A is passed through its primary coil at 220V. Calculate the value of voltage in secondary coil?,1000V,1025V,1050V,1100V,,D,official_answer_key,,ilovepdf_merged (3) (1).pdf,50
346,2024-szabmu-mdcat-2024-blue-149-346,2024,SZABMU MDCAT 2024 — Blue,,Physics,149,"In any electric circuit, power output (Pout) will be maximum when ____________. (Whereas R = External Resistance, r = Internal Resistance)",R = 0 but r 0,r = 0 but R 0,R = ∞ and r = 0,R = r,,D,official_answer_key,,ilovepdf_merged (3) (1).pdf,50
347,2024-szabmu-mdcat-2024-blue-150-347,2024,SZABMU MDCAT 2024 — Blue,,Physics,150,"A man pulls a trolley through a distance of 50 m by applying a force of 100N, which makes an angle of 60o with x-axis. Calculate the work done by the man? (Cos60o=0.5)",2500 J,5340 J,6430 J,"7120 J 146. 147. 148. 149. Kilowatt hour is the commercial unit of electrical energy. 1Kwh is equal to A. 3.6 meV B. 3.6 MeV Cc. 3.63 D. 3.6 MJ If kinetic energy of a body becomes four times of the initial value, then the new momentum will become twice of its initial value S become three times of its initial become four times of its initial va. remain constant AN’ The turns ratio of a step-up transfo is5.A current of 20A is passed of vale rimary coil at 9ODD 220V. Calculate the value of in secondary coil? A. 1000V Y B. 1025V \> C. 1050V oS D. 1100V y In any mare power output (Pout) will be maximum w (Whereas av«ternal Resistance, r = Internal Resista Obutr+ O Wr D but ra O R=oandr=0 R=r man pulls a trolley through a distance of 50 m by applying a force of 100N, which makes an angle of 60° with x-axis. Calculate the work done by the man? (Cos60°=0.5) A. 25003] B. 53403] C. 64304) D. 71203 MDCAT-2024-SZABMU-BLUE 31 MDCAT-2024-SZABMU-BLUE 32",,A,official_answer_key,,ilovepdf_merged (3) (1).pdf,50
348,2024-szabmu-mdcat-2024-blue-151-348,2024,SZABMU MDCAT 2024 — Blue,,Physics,151,"In an isothermal condition of any thermodynamic system, the change in internal energy _________.",becomes maximum,becomes minimum but greater than zero,becomes zero,remains constant,,C,official_answer_key,,ilovepdf_merged (3) (1).pdf,51
349,2024-szabmu-mdcat-2024-blue-152-349,2024,SZABMU MDCAT 2024 — Blue,,Physics,152,Which one of the following factors is the best for calculation Compton's shift?,Angular spin of electron,Energy of electron,Energy of photon,Scattering angle of photon,,D,official_answer_key,,ilovepdf_merged (3) (1).pdf,51
350,2024-szabmu-mdcat-2024-blue-153-350,2024,SZABMU MDCAT 2024 — Blue,,Physics,153,The instantaneous acceleration of an object travelling with uniform speed in a circle directed towards the center of circle is referred as __________.,Angular acceleration,Centrifugal acceleration,Centripetal acceleration,Tangential acceleration,,C,official_answer_key,,ilovepdf_merged (3) (1).pdf,51
351,2024-szabmu-mdcat-2024-blue-154-351,2024,SZABMU MDCAT 2024 — Blue,,Physics,154,"If the half-life of any radioactive nucleus is 0.693 year, what will be the value of decay constant?",0.001 s-1,0.01 s-1,0.1 s-1,1 s-1,,D,official_answer_key,,ilovepdf_merged (3) (1).pdf,51
352,2024-szabmu-mdcat-2024-blue-155-352,2024,SZABMU MDCAT 2024 — Blue,,Physics,155,Which one of the following is the SI-unit of angular displacement?,Degree,Radian,Revolution,"Steradian 151. In an isothermal condition of any thermodynamic system, the change in internal energy A. becomes maximum B. becomes minimum but greater than zero C. becomes zero D. remains constant 152. Which one of the following factors is the best for calculation Compton's shift? A. Angular spin of electron a» B. Energy of electron C. Energy of photon Qy ¢ D. Scattering angle of photon bject travelling owards the 153. The instantaneous acceleration of with uniform speed in a circle direc center of circle is referred as A. Angular acceleratio B. Centrifugal accel ati C. Centripetal ac n D. Tangential acc ion ¢ 154. If the half-life of \PtAdioactive nucleus is 0.693 year, what wana ie value of decay constant? A. 0.01 3 B. ad ¢ C. 131 155 one of the following is the SI-unit of angular isplacement? A. Degree B. Radian C. Revolution D. Steradian MDCAT-2024-SZABMU-BLUE 32 MDCAT-2024-SZABMU-BLUE 33",,B,official_answer_key,,ilovepdf_merged (3) (1).pdf,51
353,2024-szabmu-mdcat-2024-blue-156-353,2024,SZABMU MDCAT 2024 — Blue,,Physics,156,"By increasing the temperature of medium about 1oC, the speed of sound is increased up to ___________.",0.41 ms-1,0.51 ms-1,0.61 ms-1,0.71 ms-1,,C,official_answer_key,,ilovepdf_merged (3) (1).pdf,52
354,2024-szabmu-mdcat-2024-blue-157-354,2024,SZABMU MDCAT 2024 — Blue,,Physics,157,"At what angle made by projectile with x-axis, we can get 1/4th value of maximum height achieved by projectile?",30o,45o,60o,90o,,A,official_answer_key,,ilovepdf_merged (3) (1).pdf,52
355,2024-szabmu-mdcat-2024-blue-158-355,2024,SZABMU MDCAT 2024 — Blue,,Physics,158,Which one of the following materials has negative temperature coefficient of resistance?,Copper,Germanium,Sulphur,Zinc,,B,official_answer_key,,ilovepdf_merged (3) (1).pdf,52
356,2024-szabmu-mdcat-2024-blue-159-356,2024,SZABMU MDCAT 2024 — Blue,,Physics,159,There is no net transfer of energy by particles of medium in ________.,Longitudinal wave,Progressive wave,Stationary wave,Transverse wave,,C,official_answer_key,,ilovepdf_merged (3) (1).pdf,52
357,2024-szabmu-mdcat-2024-blue-160-357,2024,SZABMU MDCAT 2024 — Blue,,Physics,160,"In which of the following condition, the thermodynamic system DOES NOT perform any work?",Adiabatic condition,Isobaric condition,Isochoric condition,"Isothermal condition 156. By increasing the temperature of medium about 1°C, the speed of sound is increased up to A. 0.41 ms“ B. 0.51 ms? C. 0.61 ms“! D. 0.71 ms? get 1/4* value of maximum height achieved by projectile? A. 30° Qy B. 45° ¢ c. 60° D. 90° 157. At what angle made by projectile with x-axis, RO 158. Which one of the following m s has negative temperature coefficient of résistance? A. Copper B. Germanium oS C. Sulphur 7 D. Zinc 159. There is no rer of energy by particles of medium i A. L jtudinal wave B (Progressive wave. tationary wave Transverse wave 160 hich of the following condition, the ermodynamic system DOES NOT perform any work? Adiabatic condition Isobaric condition Isochoric condition Isothermal condition DOR> MDCAT-2024-SZABMU-BLUE 33 MDCAT-2024-SZABMU-BLUE 34",,C,official_answer_key,,ilovepdf_merged (3) (1).pdf,52
358,2024-szabmu-mdcat-2024-blue-161-358,2024,SZABMU MDCAT 2024 — Blue,,Physics,161,"At what angle made by scattered photon with x-axis, we can get maximum value of Compton’s shift?",0o,45o,90o,180o,,D,official_answer_key,,ilovepdf_merged (3) (1).pdf,53
359,2024-szabmu-mdcat-2024-blue-162-359,2024,SZABMU MDCAT 2024 — Blue,,Physics,162,Which of the following series of hydrogen spectrum lies in visible region?,Balmer,Bracket,Lyman,Paschen,,A,official_answer_key,,ilovepdf_merged (3) (1).pdf,53
360,2024-szabmu-mdcat-2024-blue-163-360,2024,SZABMU MDCAT 2024 — Blue,,Physics,163,How many electrons are there in one Coulomb charge?,6.25 x 1015,6.25 x 1016,6.25 x 1017,6.25 x 1018,,D,official_answer_key,,ilovepdf_merged (3) (1).pdf,53
361,2024-szabmu-mdcat-2024-blue-164-361,2024,SZABMU MDCAT 2024 — Blue,,Physics,164,The SI-unit of magnetic flux is weber. Weber can also be expressed as ____________.,Joule per ampere,Joule per coulomb,Newton per ampere,Newton per coulomb,,A,official_answer_key,,ilovepdf_merged (3) (1).pdf,53
362,2024-szabmu-mdcat-2024-blue-165-362,2024,SZABMU MDCAT 2024 — Blue,,Physics,165,The electrostatic force between two point-charges is independent of one of the following quantities?,Distance between charges,Magnitude of charges,Medium between charges,"Temperature of charges 161. 162. 163. 164. 165. At what angle made by scattered photon with x-axis, we can get maximum value of Compton’s shift? A. 0° B. 45° Cc. 90° D. 180° Which of the following series of hydrogen meee lies in visible region? S A. Balmer B. Bracket WwW Cc. Lyman ae) D. Paschen ? ulo How many electrons are there in o ~~ mb charge? A. 6.25 x 1015 xe) B. 6.25 x 1016 Y C. 6.25 x 1027 \> D. 6.25 x 1018 — ? The SI-unit of m Y¥. flux is weber. Weber can also be expressed A. Jo le p ampere B. robe per coulomb C. ewton per ampere ane per coulomb ctrostatic force between two point-charges is SRapendont of one of the following quantities? A. Distance between charges B. Magnitude of charges C. Medium between charges D. Temperature of charges MDCAT-2024-SZABMU-BLUE 34 MDCAT-2024-SZABMU-BLUE 35",,D,official_answer_key,,ilovepdf_merged (3) (1).pdf,54
363,2024-szabmu-mdcat-2024-blue-166-363,2024,SZABMU MDCAT 2024 — Blue,,Physics,166,What will be the time period of wave generator if it produces 1000 waves in 10 seconds?,0.001s,0.01s,0.02s,0.1s,,B,official_answer_key,,ilovepdf_merged (3) (1).pdf,54
364,2024-szabmu-mdcat-2024-blue-167-364,2024,SZABMU MDCAT 2024 — Blue,,Physics,167,The quantity of motion present in a body can be measured by ____________.,Acceleration,Momentum,Speed,Velocity,,B,official_answer_key,,ilovepdf_merged (3) (1).pdf,54
365,2024-szabmu-mdcat-2024-blue-169-365,2024,SZABMU MDCAT 2024 — Blue,,Physics,169,"A coil of 100 turns is linked by a flux of 20 mWb. If this flux is reversed in a time of 2 ms, calculate the average induced emf in the coil?",1000 volts,2000 volts,3000 volts,4000 volts,,B,official_answer_key,,ilovepdf_merged (3) (1).pdf,54
366,2024-szabmu-mdcat-2024-blue-170-366,2024,SZABMU MDCAT 2024 — Blue,,Physics,170,The Lenz’s law of electromagnetic induction is in accordance with law of conservation of ___________.,Charge,Energy,Mass,"Momentum 166. What will be the time period of wave generator if it produces 1000 waves in 10 seconds? A. 0.001s B. 0.01s Cc. 0.02s D. O.1s 167. The quantity of motion present in a body can be measured by A. Acceleration SY B. Momentum D. Velocity C. Speed Qy ¢ 168. The SI-unit of relative permittivity i Cc * New Re D. no no Unit ay 169. A coil of 100 © is linked by a flux of 20 mWD. If this flux i ibeue ed in a time of 2 ms, calculate the averageihuiced emfin the coil? (ooo volts Yoo volts 3000 volts 4000 volts a Lenz’s law of electromagnetic induction is in ’ accordance with law of conservation of A. Charge B. Energy C. Mass D. Momentum MDCAT-2024-SZABMU-BLUE 35 MDCAT-2024-SZABMU-BLUE 36",,B,official_answer_key,,ilovepdf_merged (3) (1).pdf,55
367,2024-szabmu-mdcat-2024-blue-171-367,2024,SZABMU MDCAT 2024 — Blue,,Physics,171,Which one of the following is the SI-unit of conventional current in a conductor?,Ampere,Coulomb,Ohm,Ohm meter,,A,official_answer_key,,ilovepdf_merged (3) (1).pdf,55
368,2024-szabmu-mdcat-2024-blue-172-368,2024,SZABMU MDCAT 2024 — Blue,,Physics,172,How much phase difference is required between two waves to form destructive interference?,0°,45°,90°,180°,,D,official_answer_key,,ilovepdf_merged (3) (1).pdf,55
369,2024-szabmu-mdcat-2024-blue-173-369,2024,SZABMU MDCAT 2024 — Blue,,Physics,173,Which one of the following is the unit of electric field intensity?,Newton per Ampere,Newton per volt,Volt per Coulomb,Volt per meter,,D,official_answer_key,,ilovepdf_merged (3) (1).pdf,55
370,2024-szabmu-mdcat-2024-blue-174-370,2024,SZABMU MDCAT 2024 — Blue,,Physics,174,"A rotating pulley completes twelve revolutions in 4 seconds, calculate the average angular velocity of rotating pulley in revelation per second?",3,4,5,6,,A,official_answer_key,,ilovepdf_merged (3) (1).pdf,56
371,2024-szabmu-mdcat-2024-blue-175-371,2024,SZABMU MDCAT 2024 — Blue,,Physics,175,Tesla is the SI-unit of magnetic field intensity. Tesla can also be expressed as ____________.,N-1A-1m-1,N-1Am-1,NA-1m-1,"NAm-1 171. Which one of the following is the SI-unit of conventional current in a conductor? A. Ampere B. Coulomb Cc. Ohm D. Ohm meter 172. How much phase difference is required between two waves to form destructive interference? A. 0° NS es D. 180° ¢ 173. Which one of the following is the of)electric field intensity? A. Newton per Ampere B. Newton per volt C. Volt per Coulomb Y D. Volt per meter 174. A rotating pulley c s twelve revolutions in 4 seconds, calculate,t Vaverage angular velocity of rotating pulleyin reyelation per second? 8. aa B C. D 175. T Ci the SI-unit of magnetic field intensity. Tesla we be expressed as. A. N‘Atm B. N“Am c. NA“‘tm? D. NAm-! MDCAT-2024-SZABMU-BLUE 36 MDCAT-2024-SZABMU-BLUE 37",,C,official_answer_key,,ilovepdf_merged (3) (1).pdf,56
372,2024-szabmu-mdcat-2024-blue-176-372,2024,SZABMU MDCAT 2024 — Blue,,Physics,176,"In one dimensional elastic collision of two bodies of same masses, what will happen if moving body collides with the mass which is initially at rest?",The collision would become inelastic,Their velocities will be interchanged,Their velocities will remain same,"Velocities of both bodies will be zero 176. In one dimensional elastic collision of two bodies of same masses, what will happen if moving body collides with the mass which is initially at rest? The collision would become inelastic Their velocities will be interchanged Their velocities will remain same Velocities of both bodies will be zero Q> ~ > Y aay ¢ Ov DOR> MDCAT-2024-SZABMU-BLUE 37 MDCAT-2024-SZABMU-BLUE 38 ENGLISH Complete the sentences by choosing the best option, from the given lettered choices (A to D) below each.",,B,official_answer_key,,ilovepdf_merged (3) (1).pdf,56
373,2024-szabmu-mdcat-2024-blue-177-373,2024,SZABMU MDCAT 2024 — Blue,,English,177,Supply the correct preposition: I was almost back _____ my classroom door when I heard a strange noise.,at,by,in,to,,A,official_answer_key,,ilovepdf_merged (3) (1).pdf,56
374,2024-szabmu-mdcat-2024-blue-178-374,2024,SZABMU MDCAT 2024 — Blue,,English,178,Supply the correct form of verb: Farah has planned ______ before the next term.,resign,resignation,resigning,to resign,,D,official_answer_key,,ilovepdf_merged (3) (1).pdf,56
375,2024-szabmu-mdcat-2024-blue-179-375,2024,SZABMU MDCAT 2024 — Blue,,English,179,Identify the type of sentence given below: The caliph noticed the merchant.,Complex,Compound,Compound-complex,Simple,,D,official_answer_key,,ilovepdf_merged (3) (1).pdf,57
376,2024-szabmu-mdcat-2024-blue-180-376,2024,SZABMU MDCAT 2024 — Blue,,English,180,Supply the correct preposition: Have you been in this company _____ six weeks?,during,for,just,"since ENGLISH Complete the sentences by choosing the best option, from the given lettered choices (A to D) below each. 177. Supply the correct preposition: I was almost back my classroom door WS heard a strange noise. xS A. at B. by WwW in D. to AY 178. Supply the correct form of verb: Farah has planned ae) e next term. A. resign B. resignation ‘ C. resigning C D. to resign ¢ 179. Identify the typ tence given below: The caliph nee e merchant. A. Campte B. o ound C \Bompound-complex B imple 180 a the correct preposition: ~ e you been in this company six weeks? A. during B. for C. just D. since MDCAT-2024-SZABMU-BLUE 38 MDCAT-2024-SZABMU-BLUE 39",,B,official_answer_key,,ilovepdf_merged (3) (1).pdf,57
377,2024-szabmu-mdcat-2024-blue-181-377,2024,SZABMU MDCAT 2024 — Blue,,English,181,"Identify the correct indirect form for the sentence given below: The speaker said to the audience, “Will you listen to me?”",The speaker asked the audience if they had listened to him.,The speaker asked the audience if they will listen to him.,The speaker asked the audience if they would listen to him.,The speaker asked the audience to listen to him.,,C,official_answer_key,,ilovepdf_merged (3) (1).pdf,57
378,2024-szabmu-mdcat-2024-blue-182-378,2024,SZABMU MDCAT 2024 — Blue,,English,182,Identify the correct spelling:,Discremination,Discrimenation,Discrimination,Disscrimnation,,C,official_answer_key,,ilovepdf_merged (3) (1).pdf,57
379,2024-szabmu-mdcat-2024-blue-183-379,2024,SZABMU MDCAT 2024 — Blue,,English,183,Supply the correct antonym for the capitalized word: Your RECKLESS behavior is not acceptable. You have to be more _______.,careful,happy,hardworking,kind,,A,official_answer_key,,ilovepdf_merged (3) (1).pdf,58
380,2024-szabmu-mdcat-2024-blue-184-380,2024,SZABMU MDCAT 2024 — Blue,,English,184,Complete the sentence using the appropriate punctuation mark: Punishment brings wisdom ___ it is the healing art of wickedness.,",",-,;,": 181. Identify the correct indirect form for the sentence given below: The speaker said to the audience, “Will you listen to me?” A. The speaker asked the audience if they had listened to him. B. The speaker asked the audience if they will listen to him. C. The speaker asked the audience if the listen to him. ten to D. The speaker asked the audience to fetes him. 182. Identify the correct spelling: Wy A. Discremination B. Discrimenation Q C. Discrimination D. Disscrimnation Your RECKLESS behav not acceptable. You have 183. Supply the correct ant hes r the capitalized word: 5 to be more A. careful\\ B. nappe\ Cc. h w ing D 184. Co ove the sentence using the appropriate punctuation mark: shment brings wisdom it is the healing art of ickedness. A., B. - Cc.; D.: MDCAT-2024-SZABMU-BLUE 39 MDCAT-2024-SZABMU-BLUE 40",,C,official_answer_key,,ilovepdf_merged (3) (1).pdf,58
381,2024-szabmu-mdcat-2024-blue-185-381,2024,SZABMU MDCAT 2024 — Blue,,English,185,Identify the figure of speech in the following sentence: He is considered the black sheep of the family.,Alliteration,Imagery,Metaphor,Simile,,C,official_answer_key,,ilovepdf_merged (3) (1).pdf,58
382,2024-szabmu-mdcat-2024-blue-186-382,2024,SZABMU MDCAT 2024 — Blue,,English,186,Supply the correct form of verb: We had taken our meal before we _____.,had left,have left,left,were leaving,,C,official_answer_key,,ilovepdf_merged (3) (1).pdf,58
383,2024-szabmu-mdcat-2024-blue-187-383,2024,SZABMU MDCAT 2024 — Blue,,English,187,Supply the correct antonym for the capitalized word: What can be done to ALLEVIATE the situation?,Aggravate,Anticipate,Clear,Manipulate,,A,official_answer_key,,ilovepdf_merged (3) (1).pdf,58
384,2024-szabmu-mdcat-2024-blue-188-384,2024,SZABMU MDCAT 2024 — Blue,,English,188,Supply the correct synonym for the capitalized word: An ORTHODOX is a _______ person.,clever,confident,confused,conservative,,D,official_answer_key,,ilovepdf_merged (3) (1).pdf,59
385,2024-szabmu-mdcat-2024-blue-189-385,2024,SZABMU MDCAT 2024 — Blue,,English,189,Identify the correct passive form for the sentence given below: The guard did not open the gate.,The gate did not open by the guard.,The gate had not been opened by the guard.,The gate was not being opened by the guard.,The gate was not opened by the guard. 185. Identify the figure of speech in the following sentence: He is considered the black sheep of the family. A. Alliteration B. Imagery C. Metaphor D. Simile We had taken our meal before we A. had left Qy B. have left 186. Supply the correct form of verb: SY C. left AY D. were leaving a 187. Supply the correct antonym ice) pitalized word: What can be done to ALLEV e situation? A. Aggravate \> B. Anticipate oS C. Clear ? D. Manipula \* 188. Supply the c feet ynonym for the capitalized word: An ORTHO ish a A. clever \fonfident. nfused conservative ntify the correct passive form for the sentence 189 iven below: The guard did not open the gate. person. The gate did not open by the guard. The gate had not been opened by the guard. The gate was not being opened by the guard. The gate was not opened by the guard. DOR> MDCAT-2024-SZABMU-BLUE 40 MDCAT-2024-SZABMU-BLUE 41,,D,official_answer_key,,ilovepdf_merged (3) (1).pdf,59
386,2024-szabmu-mdcat-2024-blue-190-386,2024,SZABMU MDCAT 2024 — Blue,,English,190,Supply the correct synonym for the capitalized word: The new government brought STUPENDOUS changes in the economy and ______ its critics.,destroyed,fooled,involved,surprised,,D,official_answer_key,,ilovepdf_merged (3) (1).pdf,59
387,2024-szabmu-mdcat-2024-blue-191-387,2024,SZABMU MDCAT 2024 — Blue,,English,191,"The underlined part in the sentence given below is an adverbial clause of _______: Although Mehran is hardworking, yet he failed.",Concession,Condition,Manner,Reason,,A,official_answer_key,,ilovepdf_merged (3) (1).pdf,59
388,2024-szabmu-mdcat-2024-blue-192-388,2024,SZABMU MDCAT 2024 — Blue,,English,192,Supply the correct form of verb: Had I known the answer I __________ it.,got written,have written,would have written,"wrote 190. Supply the correct synonym for the capitalized word: The new government brought STUPENDOUS changes in the economy and its critics. A. destroyed B. fooled C. involved D. surprised 191. The underlined part in the sentence given belo adverbial clause of Although Mehran is hardworking, yet he EWS A. Concession B. Condition ? C. Manner D. Reason 192. Supply the correct form of ve Had I known the - A) I got written have written would nae Se ol wrote OF a Y Ss pOm> MDCAT-2024-SZABMU-BLUE 41 MDCAT-2024-SZABMU-BLUE 42 Questions 193-194 “This is the way, Jess,” said my father, pointing with his cane across the deep valley below us. “I want to show you something you’ve not seen for many years!” “Isn’t it too hot for you to do much walking?” I wiped the streams of sweat from my face to keep them from stinging my eyes. I didn’t want to go with him. I had just finished walking a half mile uphill from my home to his. I had carried a basket of dishes to Mom. There were two slips in the road and I couldn’t drive my car and I knew how hot it was. It was 97 in the shade. I knew that from January until April my father had gone to eight different doctors. One of the doctors had told him to get a taxi to take him home. But my father walked home five miles across the mountain and told my Mom what the doctor had said. Forty years ago, a doctor had told him the same thing. And he had lived to raise a family of five children. He had done so much hard work in those years as any man.",,C,official_answer_key,,ilovepdf_merged (3) (1).pdf,60
389,2024-szabmu-mdcat-2024-blue-193-389,2024,SZABMU MDCAT 2024 — Blue,,English,193,The sentence “It was 97 in the shade.” refers to the ______.,age,distance,temperature,year,,C,official_answer_key,,ilovepdf_merged (3) (1).pdf,60
390,2024-szabmu-mdcat-2024-blue-194-390,2024,SZABMU MDCAT 2024 — Blue,,English,194,The narrator has ______ siblings.,four,five,six,"no Questions 193-194 “This is the way, Jess,” said my father, pointing with his cane across the deep valley below us. “I want to show you something you've not seen for many years!” “Isn't it too hot for you to do much walking?” I wiped the streams of sweat from my face to keep them from stinging my eyes. I didn’t want to go with him. I had just finished walking a half mile uphill from my home to his. I had carried t of dishes to Mom. There were two slips in the roadéan couldn’t drive my car and I knew how hot it was¢ It s 97 in the shade. I knew that from January until i father had gone to eight different doctors. On the doctors had told him to get a taxi to take,him‘home. But my father walked home five miles acro mountain and told my Mom what the doctor had sai Yy years ago, a doctor had told him the same He haga e had lived to h ve) raise a family of five children. H ne so much hard work in those years as any m ee 193. The sentence “It was ithe shade.” refers to the » age OY dista ~*~) temperafure r7 194. The ad has siblings. ‘S our OO DD MDCAT-2024-SZABMU-BLUE 42 MDCAT-2024-SZABMU-BLUE 43 LOGICAL REASONING The high school math department needs to appoint a new chairperson on the basis of seniority. Ms. Madiha is less senior than Mr. Tanvir but more than Ms. Aiyza. Mr. Rehan is more senior than Ms. Madiha but less than Mr. Tanvir. Mr. Tanvir doesn't want the job.",,A,official_answer_key,,ilovepdf_merged (3) (1).pdf,60
391,2024-szabmu-mdcat-2024-blue-195-391,2024,SZABMU MDCAT 2024 — Blue,,Logical Reasoning,195,Who will be the new chairperson of math department?,Mr. Rehan,Mr. Tanvir,Ms. Aiyza,Ms. Madiha,,A,official_answer_key,,ilovepdf_merged (3) (1).pdf,60
392,2024-szabmu-mdcat-2024-blue-196-392,2024,SZABMU MDCAT 2024 — Blue,,Logical Reasoning,196,"What are the missing alphabets in the sequence EZFA, GBHY, IXJC, _____?",KDLW,KLDW,KWLD,LDKW,,A,official_answer_key,,ilovepdf_merged (3) (1).pdf,60
393,2024-szabmu-mdcat-2024-blue-197-393,2024,SZABMU MDCAT 2024 — Blue,,Logical Reasoning,197,“All practical numbers are even” is a false statement then the true statement is ______.,all practical numbers are odd,some practical numbers are not even,some practical numbers are even,some practical numbers are not odd,,B,official_answer_key,,ilovepdf_merged (3) (1).pdf,61
394,2024-szabmu-mdcat-2024-blue-198-394,2024,SZABMU MDCAT 2024 — Blue,,Logical Reasoning,198,"In a group of 100 players, 70 play football, 50 play hockey, and 55 play cricket. 30 play both hockey and cricket, 25 play both football and hockey and 20 play all three games. How many players play both football and cricket?",25,30,35,"40 LOGICAL REASONING The high school math department needs to appoint a new chairperson on the basis of seniority. Ms. Madiha is less senior than Mr. Tanvir but more than Ms. Aiyza. Mr. Rehan is more senior than Ms. Madiha but less than Mr. Tanvir. Mr. Tanvir doesn't want the job. 195. Who will be the new chairperson of math sens oe A. Mr. Rehan Qy B. Mr. Tanvir C. Ms. Aiyza D. Ms. Madiha 196. What are the missing alphabet a EZFA, GBHY, IXJC,__ A. KDLW ~ B. KLDW AM Cc. KWLD ye D. LDKW then the tru ntis cal numbers are odd B spr practical numbers are not even on e practical numbers are even me practical numbers are not odd 198 group of 100 players, 70 play football, 50 play Ww ey, and 55 play cricket. 30 play both hockey and I I 197. “All practical wee are even” is a false statement e cket, 25 play both football and hockey and 20 play all three games. How many players play both football and cricket? A. 25 B. 30 Cc. 35 D. 40 MDCAT-2024-SZABMU-BLUE 43 MDCAT-2024-SZABMU-BLUE 44",,D,official_answer_key,,ilovepdf_merged (3) (1).pdf,61
395,2024-szabmu-mdcat-2024-blue-199-395,2024,SZABMU MDCAT 2024 — Blue,,Logical Reasoning,199,"A customer has filed a complaint about your product, stating it does NOT meet his expectation. What is your course of action?",Argue with the customer about the validity of their complaint,Customer complaint is not filed within the time limit,Offer a replacement,Tell the customer it’s his fault for not using the product correctly,,C,official_answer_key,,ilovepdf_merged (3) (1).pdf,61
396,2024-szabmu-mdcat-2024-blue-200-396,2024,SZABMU MDCAT 2024 — Blue,,Logical Reasoning,200,Statements: I. Large numbers of people have fallen sick after consuming sweets from a particular shop in the locality. II. Major part of the locality is flooded and has become inaccessible.,Statement I is the cause and statement II is its effect.,Statement II is the cause and statement I is its effect.,Both the statements I and II are independent causes.,"Both the statements I and II are effects of independent causes. 199. A customer has filed a complaint about your product, stating it does NOT meet his expectation. What is your course of action? A. Argue with the customer about the validity of their complaint B. Customer complaint is not filed within the time limit C. Offer a replacement D. Tell the customer it’s his fault for not usi the product correctly 200. Statements: I. Large numbers of people have fallen s er consuming sweets from a particul hop in the locality. II. Major part of the locality is f and has become inaccessible. A. Statement I is theyc and statement II is its effect. B. Statement II i ause and statementI is its effect. ¢ C. Both the ent I and II are independent t causes D. Both iS ements I and II are effects of > YY MDCAT-2024-SZABMU-BLUE 44",,D,official_answer_key,,ilovepdf_merged (3) (1).pdf,61
397,2024-nums-2024-1-397,2024,NUMS 2024,,Biology,1,NUMS 2024 1 Q.1 Q.2 Q.3 Q.4 Q.6 Q.7 Q.8 Q.9 NUMS QUESTION PAPER 2024 BY SKN BIOLOGY Which function cannot be attributed to plasma membrane lipids?,Recognition of cells having non-self-surface markers —_,Maintaining cell membrane flexibility,Control of metabolic reaction across cell membrane,Binding ligands for intracellular response Follow the route of pepsinogen secreted by zymogen cells:,,C,official_answer_key,,ilovepdf_merged (3) (1).pdf,67
398,2024-nums-2024-2-398,2024,NUMS 2024,,Biology,2,Follow the route of pepsinogen secreted by zymogen cells:,SER — RER — Golgi complex — Secretory vesicles,SER — Mitochondria — Golgi complex — Secretory vesicles,RER — SER — Golgi complex — Secretory vesicles,Golgi complex > RER — SER — Secretory vesicles Less reactivity of sucrose is due to its:,,C,official_answer_key,,ilovepdf_merged (3) (1).pdf,67
399,2024-nums-2024-3-399,2024,NUMS 2024,,Biology,3,Less reactivity of sucrose is due to its:,High solubility in water,Polar nature,Unavailability of functional group,Alpha 1-2 Glycosidie linkage Sucrose is used as a transport carbohydrate instead of glucose because:,,C,official_answer_key,,ilovepdf_merged (3) (1).pdf,67
400,2024-nums-2024-4-400,2024,NUMS 2024,,Biology,4,Sucrose is used as a transport carbohydrate instead of glucose because:,It is a disaccharide,It is non-reducing sugar,It is soluble in water,"It does not change osmotic, potential of water Corona Virus is enveloped virus. Hand sanitizers and surface cleaners were recommended to avoid COVID epidemic. Which property of corona virus made these products effective?",,B,official_answer_key,,ilovepdf_merged (3) (1).pdf,67
401,2024-nums-2024-5-401,2024,NUMS 2024,,Biology,5,Corona Virus is enveloped virus. Hand sanitizers and surface cleaners were recommended to avoid COVID epidemic. Which property of corona virus made these products effective?,pH Sensitivity,Heat sensitivity,ss RNA genome,Hypotonicity Proteins with tertiary structure are helpful in:,,A,official_answer_key,,ilovepdf_merged (3) (1).pdf,67
402,2024-nums-2024-6-402,2024,NUMS 2024,,Biology,6,Proteins with tertiary structure are helpful in:,Carrying messages from glands to target organs,Maintaining epithelial lining of skin,Making the matrix of connective tissue,"Helping muscle contraction Rebounding is process of straightening the curly hairs, which bond is targeted by oxidizing agents used during this process?",,A,official_answer_key,,ilovepdf_merged (3) (1).pdf,67
403,2024-nums-2024-7-403,2024,NUMS 2024,,Biology,7,"Rebounding is process of straightening the curly hairs, which bond is targeted by oxidizing agents used during this process?",Peptide bond,Ionic bond,Disulfide bridge,Hydrogen bond Ions of heavy metals are harmful for living organisms because of their ability to:,,C,official_answer_key,,ilovepdf_merged (3) (1).pdf,67
404,2024-nums-2024-8-404,2024,NUMS 2024,,Biology,8,Ions of heavy metals are harmful for living organisms because of their ability to:,Cleave nucleic acid,Interfere with fat metabolism,Break glycosidic bonds,Destabilize proteins Choose the option showing the correct labeling of the diagram: Light A B Cc D,,D,official_answer_key,,ilovepdf_merged (3) (1).pdf,67
405,2024-nums-2024-9-405,2024,NUMS 2024,,Biology,9,Choose the option showing the correct labeling of the diagram: Light A B Cc D,CO2 Or H2O Sugar,H20 Sugar CO2 Or,H20 CO2 Or Sugar,O2 CO2 H2O Sugar,,C,official_answer_key,,ilovepdf_merged (3) (1).pdf,67
406,2024-nums-2024-10-406,2024,NUMS 2024,,Biology,10,NUMS 2024 2 Q.10 Q.11 Q.12 Q.13 Q.16 Q.17 Q.18 Q.19 Q.20 Q.21 Q.22 Which mechanism would be compromised in the absence of cytochrome complex during light reaction of photosynthesis?,Reduction of reaction center chlorophyll,Photolysis of water,Oxidation of primary electron receptor,"Establishment ofproton gradient across thylakoid membrane During glycolysis, isomerization takes place in the formation of:",,D,official_answer_key,,ilovepdf_merged (3) (1).pdf,67
407,2024-nums-2024-11-407,2024,NUMS 2024,,Biology,11,"During glycolysis, isomerization takes place in the formation of:",Dihydroxyacetone phosphate and 2-phosphoglycerate,G3P and fructose 6 phosphate,PEP and pyruvate,Fructose 6 phosphate and 3-phosphoglycerate Presence of PEP carboxylase in C: plants enables them to avoid photorespiration due to:,,B,official_answer_key,,ilovepdf_merged (3) (1).pdf,67
408,2024-nums-2024-12-408,2024,NUMS 2024,,Biology,12,Presence of PEP carboxylase in C: plants enables them to avoid photorespiration due to:,Presence of enzyme in high concentration,Absence of Rubisco,PEP carboxylase being strictly carboxylase,High yield of enzyme Fats and proteins can be used as respiratory fuel. Which of the following serves as common molecule produced through their catabolism?,,C,official_answer_key,,ilovepdf_merged (3) (1).pdf,67
409,2024-nums-2024-13-409,2024,NUMS 2024,,Biology,13,Fats and proteins can be used as respiratory fuel. Which of the following serves as common molecule produced through their catabolism?,Acetyl CoA,Pyruvate,G3P,Lactate Which of the following virus has a double standard DNA genome?,,A,official_answer_key,,ilovepdf_merged (3) (1).pdf,68
410,2024-nums-2024-14-410,2024,NUMS 2024,,Biology,14,Which of the following virus has a double standard DNA genome?,Rubella,Influenza,HIV,Small pox An enzyme is capable of acting on a wide range of related substrates. Which of the following is a property of this enzyme?,,D,official_answer_key,,ilovepdf_merged (3) (1).pdf,68
411,2024-nums-2024-15-411,2024,NUMS 2024,,Biology,15,An enzyme is capable of acting on a wide range of related substrates. Which of the following is a property of this enzyme?,Inflexible active site,Regulatory enzyme,Non-regulatory enzyme,Highly specific enzyme All are the characteristics responsible for better survival of encapsulated bacteria except:,,B,official_answer_key,,ilovepdf_merged (3) (1).pdf,68
412,2024-nums-2024-16-412,2024,NUMS 2024,,Biology,16,All are the characteristics responsible for better survival of encapsulated bacteria except:,High pathogenicity,Resistance to desiccation,Strict adhesion to internal surfaces,"Ease ofrecognition by host Probiotics in infants formula milk are the normal bacterial flora to, humans. They keep the babies healthy by doing all of the following actions except:",,D,official_answer_key,,ilovepdf_merged (3) (1).pdf,68
413,2024-nums-2024-17-413,2024,NUMS 2024,,Biology,17,"Probiotics in infants formula milk are the normal bacterial flora to, humans. They keep the babies healthy by doing all of the following actions except:",Produce«mportant vitamins,Kill pathogenic bacteria,Prevent colonization of pathogens,Enhance immunity Activation of all of the following enzymes need a regulatory molecule except:,,B,official_answer_key,,ilovepdf_merged (3) (1).pdf,68
414,2024-nums-2024-19-414,2024,NUMS 2024,,Biology,19,"Pepsinegen B. Trypsinogen C. Erepsin D, Chymotrypsinogen Weakened papillary muscles of the right ventricle would result in constant backflow of blood into:",Right atrium,Left ventricle,Right ventricle,Left atrium A person with a removed gall bladder experiences difficulty in fat digestion due to:,,A,official_answer_key,,ilovepdf_merged (3) (1).pdf,68
415,2024-nums-2024-20-415,2024,NUMS 2024,,Biology,20,A person with a removed gall bladder experiences difficulty in fat digestion due to:,Absence of bile,Uncontrolled release of bile,Reduced alkalinity of bile,Absence of bile pigments Enzyme catalase protects the plants cells from:,,B,official_answer_key,,ilovepdf_merged (3) (1).pdf,68
416,2024-nums-2024-21-416,2024,NUMS 2024,,Biology,21,Enzyme catalase protects the plants cells from:,Dehydration,Photosynthesis,Toxic effect of alcohol metabolism,Protein loss Which of the following set of characteristics is related to veins? Valves Wall Thickness Diameter A Present Thick 7 um B Absent Thick 40-50 um C Present Thinner 40-50 um D Absent Thinner 40-50 ium,,C,official_answer_key,,ilovepdf_merged (3) (1).pdf,68
417,2024-nums-2024-22-417,2024,NUMS 2024,,Biology,22,Which of the following set of characteristics is related to veins?,Present; Thick; 7 um,Absent; Thick; 40-50 um,Present; Thinner; 40-50 um,Absent; Thinner; 40-50 um,,C,official_answer_key,,ilovepdf_merged (3) (1).pdf,68
418,2024-nums-2024-23-418,2024,NUMS 2024,,Biology,23,NUMS 2024 3 Q.23 Q.27 Q.28 Q.29 Q.30 Q.31 Q.32 Q.33 Q.34 Q.35 Q.36 Which of the following would not be compromised in the absence of lymphatic system?,Blood pressure,Oxygen carrying capacity of blood,Blood composition,Defense mechanism The presence of which molecules distinguishes blood from interstitial fluid?,,B,official_answer_key,,ilovepdf_merged (3) (1).pdf,68
419,2024-nums-2024-24-419,2024,NUMS 2024,,Biology,24,The presence of which molecules distinguishes blood from interstitial fluid?,Large proteins and electrolytes,Glucose and RBCs,Antibodies and electrolytes,RBCs and large proteins Plants growing in saline soil face the problem of dehydration due to:,,D,official_answer_key,,ilovepdf_merged (3) (1).pdf,68
420,2024-nums-2024-25-420,2024,NUMS 2024,,Biology,25,Plants growing in saline soil face the problem of dehydration due to:,yw of soil > ywofroot,ys of soil < ys of root,yw ofroot > yw of soil,"ww of root = yw of soil During Covid-19 epidemic, the plasma of recovered patients was injected in covid patients. This proved quite effective. Which component of plasma do you think was responsible for this:",,C,official_answer_key,,ilovepdf_merged (3) (1).pdf,69
421,2024-nums-2024-26-421,2024,NUMS 2024,,Biology,26,"During Covid-19 epidemic, the plasma of recovered patients was injected in covid patients. This proved quite effective. Which component of plasma do you think was responsible for this:",Plasminogen,Interferons,Antibodies,Interleukin-1 Choose the one which is example of artificial active immunity,,C,official_answer_key,,ilovepdf_merged (3) (1).pdf,69
422,2024-nums-2024-27-422,2024,NUMS 2024,,Biology,27,Choose the one which is example of artificial active immunity,Fetus receiving antibodies of mother through placenta,Mother-receiving antibodies,Baby receiving MMR shots,Prevention ofa disease due to previous infection Which of the following type of T cells are required for the activation. of B.cells?,,C,official_answer_key,,ilovepdf_merged (3) (1).pdf,69
423,2024-nums-2024-28-423,2024,NUMS 2024,,Biology,28,Which of the following type of T cells are required for the activation. of B.cells?,HelperT cells,"Cytotoxic, T cells",Suppressor T cells,MemoryT cells What is the fate of a neurotransmitter after the transmission of nerve impulse across synapse?,,A,official_answer_key,,ilovepdf_merged (3) (1).pdf,69
424,2024-nums-2024-29-424,2024,NUMS 2024,,Biology,29,What is the fate of a neurotransmitter after the transmission of nerve impulse across synapse?,Is taken into post synaptic neuron,Remains bound to. post synaptic membrane,Remains stray in the synaptic cleft,Broken down by enzymes Which immediate change is brought about in the post synaptic membrane on binding with excitatory neurotransmitter?,,D,official_answer_key,,ilovepdf_merged (3) (1).pdf,69
425,2024-nums-2024-31-425,2024,NUMS 2024,,Biology,31,During the conduction of nerve impulse; hyperpolarization would not occur if:,Sodium gates didn’t close in time,Potassium gates were not so lousy,Sodium potassium pump stopped working,Calcium gates open instantly Which of the following is a characteristic of electrical synapse?,,B,official_answer_key,,ilovepdf_merged (3) (1).pdf,69
426,2024-nums-2024-32-426,2024,NUMS 2024,,Biology,32,Which of the following is a characteristic of electrical synapse?,Presence of neurotransmitters,Transmission of nerve impulse,Sodium potassium. gradient,Absence of neurotransmitter Which option given below characterizes refractory period?,,D,official_answer_key,,ilovepdf_merged (3) (1).pdf,69
427,2024-nums-2024-33-427,2024,NUMS 2024,,Biology,33,Which option given below characterizes refractory period?,Reversal of charges across.neural membrane,Change in the type of ions across the membrane,"Next impulse can be,conducted","Membrane potential -150mV During complex.activity of flight, birds require the coordination of many skeletal muscles. Which part of their brain has to be well developed?",,C,official_answer_key,,ilovepdf_merged (3) (1).pdf,69
428,2024-nums-2024-34-428,2024,NUMS 2024,,Biology,34,"During complex.activity of flight, birds require the coordination of many skeletal muscles. Which part of their brain has to be well developed?",Amygdala,Cerebrum,Cerebellum,Thalamus Which part of the brain is actively used by mathematician trying to formulate a new equation?,,C,official_answer_key,,ilovepdf_merged (3) (1).pdf,69
429,2024-nums-2024-35-429,2024,NUMS 2024,,Biology,35,Which part of the brain is actively used by mathematician trying to formulate a new equation?,Hippocampus,Cerebrum,Amygdala,Pons A desert mammal faces severe dehydration in a hot sunny day. Which internal condition would lead to secretion of ADH?,,B,official_answer_key,,ilovepdf_merged (3) (1).pdf,69
430,2024-nums-2024-36-430,2024,NUMS 2024,,Biology,36,A desert mammal faces severe dehydration in a hot sunny day. Which internal condition would lead to secretion of ADH?,High osmotic pressure of blood,High blood pressure,Low osmotic pressure of blood,Low solute potential of blood,,A,official_answer_key,,ilovepdf_merged (3) (1).pdf,70
431,2024-nums-2024-37-431,2024,NUMS 2024,,Biology,37,"NUMS 2024 4 Q.37 Q.38 Q.39 Q.40 Q.41 Q.42 Q.43 Q.44 Q.45 Q.46 Which disorder would be diagnosed by a doctor on seeing a patient with thick and dry skin, puffy eyes and low metabolic rate?",Cretinism,Cushing’s disease,Myxedema,Addison’s disease Choose the one related to hypoparathyroidism:,,C,official_answer_key,,ilovepdf_merged (3) (1).pdf,70
432,2024-nums-2024-38-432,2024,NUMS 2024,,Biology,38,Choose the one related to hypoparathyroidism:,Kidney stones,Hypocalcemia,Weakness of muscles,Tetany Choose the mismatched pair:,,D,official_answer_key,,ilovepdf_merged (3) (1).pdf,70
433,2024-nums-2024-39-433,2024,NUMS 2024,,Biology,39,Choose the mismatched pair:,Graafian follicle — progesterone,ICSH— interstitialcell,Estrogen — inhibits FSH,LH — ovulation Which of the following is an example of negative feedback mechanism?,,A,official_answer_key,,ilovepdf_merged (3) (1).pdf,70
434,2024-nums-2024-40-434,2024,NUMS 2024,,Biology,40,Which of the following is an example of negative feedback mechanism?,Aggregation of platelets during wound healing,Labour contraction,Milk secretion during suckling,Control of body temperature Most of the carbon dioxide in blood is transported.as bicarbonate ions. Choose the event not taking place during gaseous exchange at.tissue level:,,D,official_answer_key,,ilovepdf_merged (3) (1).pdf,70
435,2024-nums-2024-41-435,2024,NUMS 2024,,Biology,41,Most of the carbon dioxide in blood is transported.as bicarbonate ions. Choose the event not taking place during gaseous exchange at.tissue level:,Formation of HHb,Formation of sodium bicarbonate,Formation of oxyhemoglobin,Chloride shift be All are related to ‘X’ except:,,C,official_answer_key,,ilovepdf_merged (3) (1).pdf,70
436,2024-nums-2024-42-436,2024,NUMS 2024,,Biology,42,be All are related to ‘X’ except:,It passes information.to brain,It passes information to sensory neurons,It synapses. with axon of sensory neurons,It is present in grey matter Which one is the function of plasma membrane proteins?,,B,official_answer_key,,ilovepdf_merged (3) (1).pdf,70
437,2024-nums-2024-43-437,2024,NUMS 2024,,Biology,43,Which one is the function of plasma membrane proteins?,Restricts entry of polar molecules,Prevention of freezing during cold weather,Movement of ions in and out of the cell,Maintenance of membrane flexibility A lizard detaches its tail when attacked by a predator. This is an example of:,,C,official_answer_key,,ilovepdf_merged (3) (1).pdf,70
438,2024-nums-2024-44-438,2024,NUMS 2024,,Biology,44,A lizard detaches its tail when attacked by a predator. This is an example of:,Autophagy,Autolysis,Phagocytosis,Intracellular digestion Choose the option showing the correct set of characteristics for intermediate filaments: Option | Diameter Composition Function A 6-10 nm Vimentin Mechanical support B 0.2-25 um Vimentin Cilia flagella C 8-10 nm Tubulin Muscle contraction D 7nm Tubulin Cyclosis Nucleo proteins are involved in:,,B,official_answer_key,,ilovepdf_merged (3) (1).pdf,70
439,2024-nums-2024-45-439,2024,NUMS 2024,,Biology,45,Choose the option showing the correct set of characteristics for intermediate filaments: Option | Diameter Composition Function A 6-10 nm Vimentin Mechanical support B 0.2-25 um Vimentin Cilia flagella C 8-10 nm Tubulin Muscle contraction D 7nm Tubulin Cyclosis Nucleo proteins are involved in:,Cell to cell recognition,Passing hereditary information to next generation,Ensuring fast speed of nerve impulse,Acting as a cell surface marker,,A,official_answer_key,,ilovepdf_merged (3) (1).pdf,70
440,2024-nums-2024-46-440,2024,NUMS 2024,,Biology,46,Nucleo proteins are involved in:,Cell to cell recognition,Passing hereditary information to next generation,Ensuring fast speed of nerve impulse,Acting as a cell surface marker,,B,official_answer_key,,ilovepdf_merged (3) (1).pdf,70
441,2024-nums-2024-47-441,2024,NUMS 2024,,Biology,47,"NUMS 2024 5 Q.47 If reproductive cycle of a female starts on 10th of July, the ovulation is most likely to occur on:",Ist August,28th of July,24th of July,5th August Q.48 Which of the following would be produced as a result of reduction division during gametogenesis?,,C,official_answer_key,,ilovepdf_merged (3) (1).pdf,70
442,2024-nums-2024-48-442,2024,NUMS 2024,,Biology,48,Q.48 Which of the following would be produced as a result of reduction division during gametogenesis?,Oogontum,Primary oocyte,Primary spermatocyte,"Secondary oocyte Q.49 What will be the probability of purple and terminal flower in Pea plant F2 generation, if we cross true breeding purple axial flower plant with white terminal flower plant: 3 1",,D,official_answer_key,,ilovepdf_merged (3) (1).pdf,71
443,2024-nums-2024-49-443,2024,NUMS 2024,,Biology,49,"Q.49 What will be the probability of purple and terminal flower in Pea plant F2 generation, if we cross true breeding purple axial flower plant with white terminal flower plant: 3 1",T6,76 9 1,76,5 Q.50 A carrier female for hemophilia is married to an affected male. What would be the probable percentage for their sons to be affected?,,B,official_answer_key,,ilovepdf_merged (3) (1).pdf,71
444,2024-nums-2024-50-444,2024,NUMS 2024,,Biology,50,Q.50 A carrier female for hemophilia is married to an affected male. What would be the probable percentage for their sons to be affected?,100%,50%,25%,0% Q.51 Which of the following is not related to ABO blood group system?,,B,official_answer_key,,ilovepdf_merged (3) (1).pdf,71
445,2024-nums-2024-51-445,2024,NUMS 2024,,Biology,51,Q.51 Which of the following is not related to ABO blood group system?,It is an example of multiple alleles,I’ and I® are codominant,Doesn’t code for any antigen,It obeys Mendel’s laws of inheritance Q.52. Which of the following options correct for pattern baldness?,,D,official_answer_key,,ilovepdf_merged (3) (1).pdf,71
446,2024-nums-2024-52-446,2024,NUMS 2024,,Biology,52,Q.52. Which of the following options correct for pattern baldness?,It is sex linked trait,Occurs due to hormonal differences between sexes,Heterozygous male is normal,Heterozygous female is normal Q.53 You must have often heard about the hamstring injury of players. Which of the following is correct about hamstring muscles?,,B,official_answer_key,,ilovepdf_merged (3) (1).pdf,71
447,2024-nums-2024-53-447,2024,NUMS 2024,,Biology,53,Q.53 You must have often heard about the hamstring injury of players. Which of the following is correct about hamstring muscles?,It is an extensor muscle,Its.insertion is on tibia,Originate from pelvic girdle andtop.offemur _,Originate from.ilium and femur Q.54 Choose the correct for muscle in relaxed position:,,B,official_answer_key,,ilovepdf_merged (3) (1).pdf,71
448,2024-nums-2024-54-448,2024,NUMS 2024,,Biology,54,Q.54 Choose the correct for muscle in relaxed position:,Exposed binding sites on actin,Broad H zone in sarcomere,Formation of cross bridges,.Ca™ released in.cytosol Q.55 Children of a mason do not inherit strong muscles developed by father due to hard labour. This is an example of:,,B,official_answer_key,,ilovepdf_merged (3) (1).pdf,71
449,2024-nums-2024-55-449,2024,NUMS 2024,,Biology,55,Q.55 Children of a mason do not inherit strong muscles developed by father due to hard labour. This is an example of:,Survival of the fittest,Over production of offspring,Not — — characters,Use and disuse or — Q.56 Cat+S — CaS If 2.0g of Calcium and 4.0g of Sulphur are available for reaction. Then amount of product formed:,,C,official_answer_key,,ilovepdf_merged (3) (1).pdf,71
450,2024-nums-2024-56-450,2024,NUMS 2024,,Chemistry,56,Q.56 Cat+S — CaS If 2.0g of Calcium and 4.0g of Sulphur are available for reaction. Then amount of product formed:,4.6,2.6,3.6,6.6 Q.57 Select the greatest number of particles in the followings:,,D,official_answer_key,,ilovepdf_merged (3) (1).pdf,71
451,2024-nums-2024-57-451,2024,NUMS 2024,,Chemistry,57,Q.57 Select the greatest number of particles in the followings:,"2g of Sodium (atomic mass,of sodium = 23)",2g of Hydrogen gas (atomic mass of H = 1),"2g of Nitrogen gas (atomic mass of N = 14, N2 = 28)","2g of Carbon dioxide gas (atomic mass of C = 12, O = 16) Q.58 The value of ‘Il’ for 4p orbital is:",,B,official_answer_key,,ilovepdf_merged (3) (1).pdf,71
452,2024-nums-2024-58-452,2024,NUMS 2024,,Chemistry,58,"C = 12, O = 16) Q.58 The value of ‘Il’ for 4p orbital is:",0,1,2,3 Q.59 The element having the electronic configuration of noble gas notation (Kr) 5s? 4d°,,B,official_answer_key,,ilovepdf_merged (3) (1).pdf,71
453,2024-nums-2024-59-453,2024,NUMS 2024,,Chemistry,59,Q.59 The element having the electronic configuration of noble gas notation (Kr) 5s? 4d°,Sr,Ru,Pd,Zr,,B,official_answer_key,,ilovepdf_merged (3) (1).pdf,72
454,2024-nums-2024-60-454,2024,NUMS 2024,,Chemistry,60,NUMS 2024 6 Q.60 Q.61 Q.62 Q.63 Q.64 Q.67 Q.68 Q.69 Q.70 Q.71 Q.72 Choose the allowed sets of quantum numbers from the following:,"n=3,1=2,m=0,s=+1/2","n=3,1=3,m=0,s=-1/2","n=4,1=3,m=4,s=+1/2","n=4,1=2,m=4,s=-1/2 A gas has a volume of 10 dm? at 10°C. At what temperature the volume of the gas is reduced to half?",,A,official_answer_key,,ilovepdf_merged (3) (1).pdf,72
455,2024-nums-2024-61-455,2024,NUMS 2024,,Chemistry,61,A gas has a volume of 10 dm? at 10°C. At what temperature the volume of the gas is reduced to half?,283K,586K,132K,373K The relationship between the absolute temperature and the velocity of gas molecules is given by:,,C,official_answer_key,,ilovepdf_merged (3) (1).pdf,72
456,2024-nums-2024-63-456,2024,NUMS 2024,,Chemistry,63,The maximum polarizability is exhibited in:,CeHi4,CaHs,C4Hi2,CoHe Which of the following compound have any characteristic heat of fusion except?,,A,official_answer_key,,ilovepdf_merged (3) (1).pdf,72
457,2024-nums-2024-64-457,2024,NUMS 2024,,Chemistry,64,Which of the following compound have any characteristic heat of fusion except?,NaCl,Aluminium oxide,Iron oxide,"Silicates If the external pressure is reduced to half, the boiling point of ethanol will be:",,D,official_answer_key,,ilovepdf_merged (3) (1).pdf,72
458,2024-nums-2024-65-458,2024,NUMS 2024,,Chemistry,65,"If the external pressure is reduced to half, the boiling point of ethanol will be:",Greater than 78°C,Less than 78°C,Equal to 78°C,Reduced to half Iodine is a poor conductor of electricity because of:,,B,official_answer_key,,ilovepdf_merged (3) (1).pdf,72
459,2024-nums-2024-66-459,2024,NUMS 2024,,Chemistry,66,Iodine is a poor conductor of electricity because of:,Face centered cubic structure,Body centered cubic structure,Tetragonal structure,Hexagonal structure Predict the shape of CsCl having radius ratio of 0.93:,,A,official_answer_key,,ilovepdf_merged (3) (1).pdf,72
460,2024-nums-2024-67-460,2024,NUMS 2024,,Chemistry,67,Predict the shape of CsCl having radius ratio of 0.93:,Tetrahedral,Octahedral,Body centered cubic,"Hexagonal The solubility of PbS at 25°C is 4.0x10~*, Then ionic concentration will be:",,C,official_answer_key,,ilovepdf_merged (3) (1).pdf,72
461,2024-nums-2024-70-461,2024,NUMS 2024,,Chemistry,70,"200atm, 500°C B. 100aim, 200°C C. 100atm,;400°C D, 200atm, 400°C Select the buffer solution having highest pH:","0.1M CH3COOH, 0.01IM CH3:COO-","0:1M CH3COOH, 0.05M CH3:COO-","0.1M CH3COOH, 0.10M CH3:COO-","0.1M CH3COOH, 0.15M CH3sCOO- The formation of hydrogen gas can be increased by reacting which Zn sample with 1M HCl solution?",,D,official_answer_key,,ilovepdf_merged (3) (1).pdf,72
462,2024-nums-2024-71-462,2024,NUMS 2024,,Chemistry,71,The formation of hydrogen gas can be increased by reacting which Zn sample with 1M HCl solution?,1g Zn Rod,1g Zn Pallets,1g Zn Ribbon,"1g Zn Powder 6CO, + 6H,0O—“""""""5C.H,,0, + 60, Predict the order of reaction:",,D,official_answer_key,,ilovepdf_merged (3) (1).pdf,73
463,2024-nums-2024-72-463,2024,NUMS 2024,,Chemistry,72,"6CO, + 6H,0O—“""""""5C.H,,0, + 60, Predict the order of reaction:",24,1*,Zero,34,,C,official_answer_key,,ilovepdf_merged (3) (1).pdf,73
464,2024-nums-2024-73-464,2024,NUMS 2024,,Chemistry,73,NUMS 2024 7 Q.73 Q.74 Q.75 Q.76 Q.77 Q.78 Q.79 Q.80 Q.81 Q.82 Which of the following mechanism is consistent with the rate law Rate = K[NO]*[H2]?,2NO + H2 — N2 + H202 (slow) H2O2 + H2 — 2H20 (fast),NO + H20 — N> + H20> (slow) H2O2 + H2 — 2H20 (fast),2NO + 2H2 — N20 + Fb (slow) N2O + H2 — H2O> (fast),NO + NO — N?2 + O2 (slow) O» + H2 — H20 (fast) AH? for the sublimation of one mole of iodine from the following equations will be: Hag) + Tx) _ ZHI) AH® = 51.8 kJ/mol Hg) + Tx(g) md 2HI(g) AH?° = -10.5 kJ/mol,,A,official_answer_key,,ilovepdf_merged (3) (1).pdf,73
465,2024-nums-2024-75-465,2024,NUMS 2024,,Chemistry,75,41.3 kJ/mol B. 62.3 kJ/mol C. 53.5 kJ/mol D- 36.5 kJ/mol Identify standard enthalpy of a reaction for the following reaction: 1 1,Hag) + 2 Ox) — H20q),CO) + 3 Or(s) — COr) 3,"2Al() + Fex03¢,) — Al2xO3(s) + 2Fee)",Sw) + 5 O22) — SO3¢@) Expansion takes place whena gas is evolved during a chemical reaction between marble chips and dilute HCl. Predict the energy change and work done:,,B,official_answer_key,,ilovepdf_merged (3) (1).pdf,73
466,2024-nums-2024-76-466,2024,NUMS 2024,,Chemistry,76,Expansion takes place whena gas is evolved during a chemical reaction between marble chips and dilute HCl. Predict the energy change and work done:,"W is positive, q is negative","w is negative, q is positive","q is positive, no work done",".w Is positive, q is positive £n rod acts as cathode when coupled with magnesium electrode. This is because the reduction potential of:",,A,official_answer_key,,ilovepdf_merged (3) (1).pdf,73
467,2024-nums-2024-77-467,2024,NUMS 2024,,Chemistry,77,£n rod acts as cathode when coupled with magnesium electrode. This is because the reduction potential of:,Zn > Mg,Zn < Mg,Zn = Mg,Zn=O Placing a rod of iron metal in a solution of CuSOs:,,A,official_answer_key,,ilovepdf_merged (3) (1).pdf,73
468,2024-nums-2024-78-468,2024,NUMS 2024,,Chemistry,78,Placing a rod of iron metal in a solution of CuSOs:,Cu will be deposited,Fe is precipitated out,Cu and Fe both dissolve,"Novreaction taken place In CH3Cl, bond length of C-Cl is 176.7 pm and covalent radius of Cl atom is 99.4 pm, the covalent radius of. carbon atom is:",,A,official_answer_key,,ilovepdf_merged (3) (1).pdf,73
469,2024-nums-2024-79-469,2024,NUMS 2024,,Chemistry,79,"In CH3Cl, bond length of C-Cl is 176.7 pm and covalent radius of Cl atom is 99.4 pm, the covalent radius of. carbon atom is:",66.3 pm,276.1 pm,175.4 pm,77.3 pm Correct order.of decreasing electron affinities of group VII is:,,D,official_answer_key,,ilovepdf_merged (3) (1).pdf,73
470,2024-nums-2024-80-470,2024,NUMS 2024,,Chemistry,80,Correct order.of decreasing electron affinities of group VII is:,F>Cl>Br>I,Cl>F>Br>I,F<Cl<Br<I,Cl<F<Br<I Predict the highest bond. energy of the following single bond:,,B,official_answer_key,,ilovepdf_merged (3) (1).pdf,73
471,2024-nums-2024-81-471,2024,NUMS 2024,,Chemistry,81,Predict the highest bond. energy of the following single bond:,C—-H,C—N,C-—O,C-C Identify the type of hybridization of nitrogen in the following molecule: Nt=NCI,,A,official_answer_key,,ilovepdf_merged (3) (1).pdf,73
472,2024-nums-2024-83-472,2024,NUMS 2024,,Chemistry,83,NUMS 2024 8 Q.83 Q.84 Q.86 Q.87 Q.88 Q.89 Q.90 Q.91 Q.92 Compound X + NazCO3 — compound Y + CO2 + H20 The compoundY is:,CH2 = CH — CH2 — CH3,CH3CH2CHO,CHs3COOCH3,CH3CH2COOH Compound A + I + Na2CO3 — compound B + RCOONa + NaI + H20 Identify compound B:,,D,official_answer_key,,ilovepdf_merged (3) (1).pdf,74
473,2024-nums-2024-84-473,2024,NUMS 2024,,Chemistry,84,Compound A + I + Na2CO3 — compound B + RCOONa + NaI + H20 Identify compound B:,Acetone,Acetic acid,Acetamide,Acetic anhydride Select the carboxylic acid with the highest melting point:,,A,official_answer_key,,ilovepdf_merged (3) (1).pdf,74
474,2024-nums-2024-85-474,2024,NUMS 2024,,Chemistry,85,Select the carboxylic acid with the highest melting point:,Ethanoic acid,Propanoic acid,Butanoic acid,Pentanoie acid Identify the following compounds having shortest bond length:,,A,official_answer_key,,ilovepdf_merged (3) (1).pdf,74
475,2024-nums-2024-86-475,2024,NUMS 2024,,Chemistry,86,Identify the following compounds having shortest bond length:,Methyl amine,Formamide,Formic acid,Ethanol Identify the alkene which gives only one type of aldehyde upon. ozonolysis:,,C,official_answer_key,,ilovepdf_merged (3) (1).pdf,74
476,2024-nums-2024-87-476,2024,NUMS 2024,,Chemistry,87,Identify the alkene which gives only one type of aldehyde upon. ozonolysis:,1 —pentene,2 —methyl propene,2 — butene,"2,3 — dimethyl — 2 — butene Identify the correct increasing order of reactivity of carbonyl compounds towards nucleophilic addition:",,C,official_answer_key,,ilovepdf_merged (3) (1).pdf,74
477,2024-nums-2024-88-477,2024,NUMS 2024,,Chemistry,88,Identify the correct increasing order of reactivity of carbonyl compounds towards nucleophilic addition:,HCHO < CH3CHO < CH3COCH3 < CH3CH2CHO,CH3CHO < CH3COCH3 < CHsCH2CHO < HCHO,CH3CH2CHO < CH3COCH3 < HCHO < CH3CHO,"CH3CH2CHO < CH3COCH3 < CH3CHO < HCHO Bakelite is formed upon polymerization of: OH A © + HCHO Stilbase OH B, © + NaQH 2° > OH C. © + H,SO, 20 OH O I H,SO D. © + CH3-C-CL——> The increasing order of reactivity of alcohols towards nucleophile is:",,D,official_answer_key,,ilovepdf_merged (3) (1).pdf,74
478,2024-nums-2024-89-478,2024,NUMS 2024,,Chemistry,89,The increasing order of reactivity of alcohols towards nucleophile is:,2 — methyl — 2 — pentanol < 3 methyl — 2 — pentanol < 2 — methyl — | — pentanol,2 — methyl — 2 — pentanol> 3 — methyl — 2 — pentanol > 2 — methyl — 1 — pentanol,2 — methyl — 1 — pentanol < 3 — methyl — 2 — pentanol < 2 — methyl — 2 — pentanol,2 — methyl — 1 — pentanol > 3 — methyl — 2 — pentanol > 2 — methyl — 2 — pentanol The most reactive alcohol towards Lucas reagent is:,,A,official_answer_key,,ilovepdf_merged (3) (1).pdf,74
479,2024-nums-2024-90-479,2024,NUMS 2024,,Chemistry,90,The most reactive alcohol towards Lucas reagent is:,2 — butanol,2 — methyl — 1 — butanol,2 — methyl — 2 — butanol,"2,2 — dimethyl — 1 — butanol The most readily sulphonated compound is:",,C,official_answer_key,,ilovepdf_merged (3) (1).pdf,74
480,2024-nums-2024-91-480,2024,NUMS 2024,,Chemistry,91,The most readily sulphonated compound is:,Benzene,Chlorobenzene,Nitrobenzene,Toluene,,C,official_answer_key,,ilovepdf_merged (3) (1).pdf,74
481,2024-nums-2024-92-481,2024,NUMS 2024,,Chemistry,92,The most readily sulphonated compound is:,Benzene,Chlorobenzene,Nitrobenzene,Toluene,,D,official_answer_key,,ilovepdf_merged (3) (1).pdf,74
482,2024-nums-2024-93-482,2024,NUMS 2024,,Chemistry,93,NUMS 2024 9 Q.93 Select the alkene showing geometrical isomerism:,3 — methyl — 1 — butene,Methyl cyclopentane,"2,3 — dimethyl — 2 — butene",3 — methyl — 2 — pentene Q.94 Trend in ionization energy of group I elements in increasing order will be:,,D,official_answer_key,,ilovepdf_merged (3) (1).pdf,74
483,2024-nums-2024-94-483,2024,NUMS 2024,,Chemistry,94,"3 — methyl — 1 — butene B. Methyl cyclopentane C. 2,3 — dimethyl — 2 — butene D. 3 — methyl — 2 — pentene Q.94 Trend in ionization energy of group I elements in increasing order will be:",Na< Mg<Al<Si,Mg < Na<Al<Si,Si< Al<Na<Mg,"Al < Si< Na < Mg Q.95 When a metal carbonate is heated at 100°C, which of the following compound will readily decompose?",,A,official_answer_key,,ilovepdf_merged (3) (1).pdf,75
484,2024-nums-2024-95-484,2024,NUMS 2024,,Chemistry,95,"Na< Mg<Al<Si B. Mg < Na<Al<Si C. Si< Al<Na<Mg D. Al < Si< Na < Mg Q.95 When a metal carbonate is heated at 100°C, which of the following compound will readily decompose?",BaCO3,MgCO3,BeCO3,"SrCO3 PHYSICS Q.96 At what angle of applied force, work done will be 50%?",,C,official_answer_key,,ilovepdf_merged (3) (1).pdf,75
485,2024-nums-2024-97-485,2024,NUMS 2024,,Physics,97,30° B. 60° Cc. 90° D.45° Q.97 What is the power of electric motor when it performs work. of 64.x 10° J in 8 seconds?,8 Kilowatts,6 Kilowatts,8 Megawatts,7 Megawatts Q.98 The relation between K.E and momentumP is given by: 1 P 1 P,,B,official_answer_key,,ilovepdf_merged (3) (1).pdf,75
486,2024-nums-2024-98-486,2024,NUMS 2024,,Physics,98,8 Kilowatts B. 6 Kilowatts C. 8 Megawatts D. 7 Megawatts Q.98 The relation between K.E and momentumP is given by: 1 P 1 P,KE=5 VW,KE=5 jp 1 P? 1 P?,KE=5 Me,KE=5 Gy Q.99 When dolphin leaves the water it has lots of.kinetic energy. At its highest point its energy is:,,D,official_answer_key,,ilovepdf_merged (3) (1).pdf,75
487,2024-nums-2024-99-487,2024,NUMS 2024,,Physics,99,KE=5 VW B.KE=5 jp 1 P? 1 P? C.KE=5 Me D.KE=5 Gy Q.99 When dolphin leaves the water it has lots of.kinetic energy. At its highest point its energy is:,Kinetic energy,Potential energy,Elastic potential energy,"Neither kinetic energy nor potential energy GmM Q.100 The absolute potential energy is given as Ug ——. [The negative sign indicates that Earth's gravitational field for mass ""m"" is:",,B,official_answer_key,,ilovepdf_merged (3) (1).pdf,75
488,2024-nums-2024-100-488,2024,NUMS 2024,,Physics,100,"Kinetic energy B. Potential energy C. Elastic potential energy D. Neither kinetic energy nor potential energy GmM Q.100 The absolute potential energy is given as Ug —— . [The negative sign indicates that Earth's gravitational field for mass ""m"" is:",Repulsive,Less attractive,Attractive,More repulsive less attractive Q.101 The velocity of an object moving in.a circle is:,,B,official_answer_key,,ilovepdf_merged (3) (1).pdf,75
489,2024-nums-2024-101-489,2024,NUMS 2024,,Physics,101,Repulsive B. Less attractive C. Attractive D. More repulsive less attractive Q.101 The velocity of an object moving in.a circle is:,Constant,Variable,Zero,"Negative Q.102 If you stops your car quickly by wearing seat belts, chance of injury is greatly reduced because seat belt applied:",,C,official_answer_key,,ilovepdf_merged (3) (1).pdf,75
490,2024-nums-2024-102-490,2024,NUMS 2024,,Physics,102,"Constant B. Variable C. Zero D. Negative Q.102 If you stops your car quickly by wearing seat belts, chance of injury is greatly reduced because seat belt applied:",Extra force,Perpendicular force,Opposite force,Zero force Q.103 A ball with momentum.8 kg m/s hits.a wall and bounces straight back without losing K.E. The change in momentum of the ball is:,,B,official_answer_key,,ilovepdf_merged (3) (1).pdf,75
491,2024-nums-2024-103-491,2024,NUMS 2024,,Physics,103,Extra force B. Perpendicular force C. Opposite force D. Zero force Q.103 A ball with momentum.8 kg m/s hits.a wall and bounces straight back without losing K.E. The change in momentum of the ball is:,4Ns,-16 Ns,16 Ns,8 Ns Q.104 In projectile motion for which angle maximum height is half of its range?,,C,official_answer_key,,ilovepdf_merged (3) (1).pdf,75
492,2024-nums-2024-104-492,2024,NUMS 2024,,Physics,104,4Ns B. -16 Ns C. 16 Ns D.8 Ns Q.104 In projectile motion for which angle maximum height is half of its range?,75°,60°,45°,"63° Q.105 Sara goes arounda circular track that has diameter of 20m. If she runs around the entire track for a distance of 180m, what is her angular displacement?",,B,official_answer_key,,ilovepdf_merged (3) (1).pdf,75
493,2024-nums-2024-105-493,2024,NUMS 2024,,Physics,105,"75° B. 60° C. 45° D. 63° Q.105 Sara goes arounda circular track that has diameter of 20m. If she runs around the entire track for a distance of 180m, what is her angular displacement?",10 radians,15 radians,5 radians,30 radians,,C,official_answer_key,,ilovepdf_merged (3) (1).pdf,76
494,2024-nums-2024-106-494,2024,NUMS 2024,,Physics,106,NUMS 2024 10 Q.106 Q.107 Q.108 Q.109 Q.110 Q.111 Q.112 Q.113 Q.114 Q.115 Q.116 Q.117 Angle swept by minute hand in one minute is:,6°,12°,360°,90° To find the direction of angular displacement:,,A,official_answer_key,,ilovepdf_merged (3) (1).pdf,76
495,2024-nums-2024-107-495,2024,NUMS 2024,,Physics,107,To find the direction of angular displacement:,Grasp the axis of rotation in right hand,Grasp the axis of rotation in left hand,Put the thumb of right hand in the direction of circular motion,Put the thumb of left hand in the direction of circular motion A particle moves in a circle of radius 200m with a linear speed of 20 m/s. Find the angular velocity:,,A,official_answer_key,,ilovepdf_merged (3) (1).pdf,76
496,2024-nums-2024-108-496,2024,NUMS 2024,,Physics,108,A particle moves in a circle of radius 200m with a linear speed of 20 m/s. Find the angular velocity:,2rads?,200 rad s},20 rad s?,10 rad s For anti-clockwise wise rotation the angular displacement is:,,D,official_answer_key,,ilovepdf_merged (3) (1).pdf,76
497,2024-nums-2024-109-497,2024,NUMS 2024,,Physics,109,For anti-clockwise wise rotation the angular displacement is:,Negative,Positive,Null,Zero Speed of sound in solid is greater than speed of sound im air because ratio:,,C,official_answer_key,,ilovepdf_merged (3) (1).pdf,76
498,2024-nums-2024-110-498,2024,NUMS 2024,,Physics,110,Speed of sound in solid is greater than speed of sound im air because ratio:,(W/E solid < (/E ) air,JE solid < (JE air,fE } solid = fe air,"(fE solid < (fE } air A body of mass 10 kg is connected to a spring and it is oscillating.on a horizontal frictionless surface. If the maximum displacement of body is 20cm and spring constant is 20 Nm“, what is the acceleration of the body?",,C,official_answer_key,,ilovepdf_merged (3) (1).pdf,76
499,2024-nums-2024-111-499,2024,NUMS 2024,,Physics,111,"A body of mass 10 kg is connected to a spring and it is oscillating.on a horizontal frictionless surface. If the maximum displacement of body is 20cm and spring constant is 20 Nm“, what is the acceleration of the body?",2 ms”,4 ms”,2.2 ms?,0:4.ms ~ A normal person can hear sound waves ranging in frequency from 20Hz to 20kHz. The maximum wavelength is:,,D,official_answer_key,,ilovepdf_merged (3) (1).pdf,76
500,2024-nums-2024-112-500,2024,NUMS 2024,,Physics,112,~ A normal person can hear sound waves ranging in frequency from 20Hz to 20kHz. The maximum wavelength is:,17m,17mm,17cm,17km NaCl dissolves quickly in water due to:,,A,official_answer_key,,ilovepdf_merged (3) (1).pdf,76
501,2024-nums-2024-113-501,2024,NUMS 2024,,Physics,113,NaCl dissolves quickly in water due to:,Low er,High er,a= 0,e&F = 00 A capacitor.can be fully charged because time required to charge is:,,C,official_answer_key,,ilovepdf_merged (3) (1).pdf,76
502,2024-nums-2024-114-502,2024,NUMS 2024,,Physics,114,A capacitor.can be fully charged because time required to charge is:,| time constant,2 time constant,3 time constant,Infinity The electric field_at distance of 10cm from a 2uC point charge is:,,B,official_answer_key,,ilovepdf_merged (3) (1).pdf,76
503,2024-nums-2024-115-503,2024,NUMS 2024,,Physics,115,The electric field_at distance of 10cm from a 2uC point charge is:,18C,180 C,18C,1800 C At midpoint P: P + — 4uc 4uC,,C,official_answer_key,,ilovepdf_merged (3) (1).pdf,76
504,2024-nums-2024-116-504,2024,NUMS 2024,,Physics,116,At midpoint P: P + — 4uc 4uC,"V=0,E#0","V=0, E=0","V#0,E#0","V #0,E=0 A process in which all the heat energy is used for increasing internal energy of the system is known as:",,A,official_answer_key,,ilovepdf_merged (3) (1).pdf,76
505,2024-nums-2024-117-505,2024,NUMS 2024,,Physics,117,A process in which all the heat energy is used for increasing internal energy of the system is known as:,Isobaric,Isochoric,Isothermal,Adiabatic,,C,official_answer_key,,ilovepdf_merged (3) (1).pdf,77
506,2024-nums-2024-118-506,2024,NUMS 2024,,Physics,118,NUMS 2024 11 Q.118 The phase shift between voltage and current when AC flows through capacitor is: ™,>,1,20,4 Q.119 A particle have a charge of 1C falls through a potential difference of 5V. The energy required by it is:,,A,official_answer_key,,ilovepdf_merged (3) (1).pdf,77
507,2024-nums-2024-120-507,2024,NUMS 2024,,Physics,120,Q.121 Equivalent resistance between points A and B is: 10 WW Ae Ws 48 10 WV 8Vv | 10 L | |,3Q,130,2Q,"1Q Q.122 Four fans of 100W each, two bulbs of 100W, each works for 2 hours daily. The energy consumed in 30 days will be:",,C,official_answer_key,,ilovepdf_merged (3) (1).pdf,77
508,2024-nums-2024-121-508,2024,NUMS 2024,,Physics,121,"Q.122 Four fans of 100W each, two bulbs of 100W, each works for 2 hours daily. The energy consumed in 30 days will be:",4 Kwh,| Kwh,2 Kwh,10 Kwh Q.123 The wire of length 100 cm is perpendicular to the magnetic field of 0.5T. If it carries 10A of current then the force acting on the wire will be:,,C,official_answer_key,,ilovepdf_merged (3) (1).pdf,77
509,2024-nums-2024-122-509,2024,NUMS 2024,,Physics,122,Q.123 The wire of length 100 cm is perpendicular to the magnetic field of 0.5T. If it carries 10A of current then the force acting on the wire will be:,50N,25N,10N,5N Q.124 The substance having negative temperature coefficient are:,,C,official_answer_key,,ilovepdf_merged (3) (1).pdf,77
510,2024-nums-2024-123-510,2024,NUMS 2024,,Physics,123,Q.124 The substance having negative temperature coefficient are:,Insulators,Conductors,Semi-conductor,Alloys Q.125 If the value of electric field intensity between the plates increases two times then energy stored in a capacitor becomes:,,D,official_answer_key,,ilovepdf_merged (3) (1).pdf,77
511,2024-nums-2024-124-511,2024,NUMS 2024,,Physics,124,Q.125 If the value of electric field intensity between the plates increases two times then energy stored in a capacitor becomes:,Double,Half,One Fourth,Quadruple Q.126 The horizontal range of projectile will be maximum when?,,B,official_answer_key,,ilovepdf_merged (3) (1).pdf,77
512,2024-nums-2024-125-512,2024,NUMS 2024,,Physics,125,Q.126 The horizontal range of projectile will be maximum when?,Sin 8= 1,Sin 20= 1,Sin 8 =0,Sin 20=0,,D,official_answer_key,,ilovepdf_merged (3) (1).pdf,77
513,2024-nums-2024-126-513,2024,NUMS 2024,,Physics,126,The horizontal range of projectile will be maximum when?,Sin θ = 1,Sin 2θ = 1,Sin θ = 0,Sin 2θ = 0,,B,official_answer_key,,ilovepdf_merged (3) (1).pdf,77
514,2024-nums-2024-127-514,2024,NUMS 2024,,Physics,127,NUMS 2024 12 Q.127 Q.128 Q.129 Q.130 Q.131 Q.132 Q.133 Q.134 Q.135 Q.136 Q.137 Q.138 Q.139 Q.140 How many degrees in 2m radians?,36°,50°,72°,120° A transformer used a 220V line delivers 22A at 1800V. What current is drawn from the line (assume 100% efficiency)?,,B,official_answer_key,,ilovepdf_merged (3) (1).pdf,77
515,2024-nums-2024-128-515,2024,NUMS 2024,,Physics,128,A transformer used a 220V line delivers 22A at 1800V. What current is drawn from the line (assume 100% efficiency)?,22A,18A,200A,50A For rectification transformer used is:,,C,official_answer_key,,ilovepdf_merged (3) (1).pdf,78
516,2024-nums-2024-129-516,2024,NUMS 2024,,Physics,129,For rectification transformer used is:,with low input voltage,with low input resistance,Step up,Step down 18OF =5.0+%x +y +O,,D,official_answer_key,,ilovepdf_merged (3) (1).pdf,78
517,2024-nums-2024-130-517,2024,NUMS 2024,,Physics,130,18OF =5.0+%x +y +O,"x=B >,y=0",x=8.y=0,"x=B,y=v",s—=B. v=o One rem is equal to:,,B,official_answer_key,,ilovepdf_merged (3) (1).pdf,78
518,2024-nums-2024-131-518,2024,NUMS 2024,,Physics,131,One rem is equal to:,0.01 Gy / RBC,0.01 Gy x RBC,0.01 RBC,"0.01 Cy, Red is equal to:",,C,official_answer_key,,ilovepdf_merged (3) (1).pdf,78
519,2024-nums-2024-132-519,2024,NUMS 2024,,Physics,132,Red is equal to:,0.01 J/Kg,0.01 KJ/g,0.01 J,"0.01 Kg A 60 kg man absorbs lethal whole body equivalent dose of 200 rem with RBC factor of 10, energy absorbed is:",,A,official_answer_key,,ilovepdf_merged (3) (1).pdf,78
520,2024-nums-2024-134-520,2024,NUMS 2024,,Physics,134,9J B. 8J C. 10] D12J Somatic effect causes:,Genes deformation,Chromosomes-deformation,Skin burns,Eye burns Each person experiences the background radiation dose in one year:,,B,official_answer_key,,ilovepdf_merged (3) (1).pdf,78
521,2024-nums-2024-137-521,2024,NUMS 2024,,English,137,"During the heavy rain, the sky grew dark. The underlined verb is:",Non-Finite,Transitive,Di-transitive,Linking His courage brought him honour. The underlined verb is:,,B,official_answer_key,,ilovepdf_merged (3) (1).pdf,78
522,2024-nums-2024-138-522,2024,NUMS 2024,,English,138,His courage brought him honour. The underlined verb is:,Intransitive,Di-transitive,Complex transitive,Linking The teacher assigned the students an assignment to be completed during vacation. The underlined verb is:,,D,official_answer_key,,ilovepdf_merged (3) (1).pdf,78
523,2024-nums-2024-139-523,2024,NUMS 2024,,English,139,The teacher assigned the students an assignment to be completed during vacation. The underlined verb is:,Mono-transitive,Di - transitive,Complex transitive,Intransitive Of two evils choose the less. The sentence carries an adjective that is:,,B,official_answer_key,,ilovepdf_merged (3) (1).pdf,78
524,2024-nums-2024-140-524,2024,NUMS 2024,,English,140,Of two evils choose the less. The sentence carries an adjective that is:,Comparative,Positive,Numerical,Distributive,,B,official_answer_key,,ilovepdf_merged (3) (1).pdf,79
525,2024-nums-2024-141-525,2024,NUMS 2024,,English,141,NUMS 2024 13 Q.141 Q.142 Q.143 Q.144 Q.145 Q.146 Q.147 Q.148 Q.149 Q.150 Are there any mango trees in this garden? The underlined word is:,Adjective of quantity,Adjective of number,Indefinite pronoun,Reciprocal pronoun This is the very thing we want. The underlined word is an:,,A,official_answer_key,,ilovepdf_merged (3) (1).pdf,79
526,2024-nums-2024-142-526,2024,NUMS 2024,,English,142,This is the very thing we want. The underlined word is an:,Emphatic pronoun,Emphasizing adjective,Reflexive pronoun,Exclamatory adjective Don’t be in such a hurry. The sentence contains an adjective of:,,B,official_answer_key,,ilovepdf_merged (3) (1).pdf,79
527,2024-nums-2024-143-527,2024,NUMS 2024,,English,143,Don’t be in such a hurry. The sentence contains an adjective of:,Number,Distributive,Quantity,Demonstrative Fill in the blank with appropriate verb indicating Past Perfect Continuous tense: He walking home from work regularly since he joined his office.,,B,official_answer_key,,ilovepdf_merged (3) (1).pdf,79
528,2024-nums-2024-144-528,2024,NUMS 2024,,English,144,Fill in the blank with appropriate verb indicating Past Perfect Continuous tense: He walking home from work regularly since he joined his office.,Had walked,Had been walking,Walked,Has been walking All desire wealth and some acquire it. The sentence exemplifies tense.,,C,official_answer_key,,ilovepdf_merged (3) (1).pdf,79
529,2024-nums-2024-145-529,2024,NUMS 2024,,English,145,All desire wealth and some acquire it. The sentence exemplifies tense.,Present indefinite,Past indefinite,Present perfect,Simple future Choose the incorrect sentence structure:,,B,official_answer_key,,ilovepdf_merged (3) (1).pdf,79
530,2024-nums-2024-146-530,2024,NUMS 2024,,English,146,Choose the incorrect sentence structure:,"Justice, as well as mercy, allows it","In him, was centred their love and ambition",The wages of sin is death,"Fire and water do not agree If I were a doctor, I would serve humanity. The sentence is an example of conditional.",,A,official_answer_key,,ilovepdf_merged (3) (1).pdf,79
531,2024-nums-2024-147-531,2024,NUMS 2024,,English,147,"If I were a doctor, I would serve humanity. The sentence is an example of conditional.",Zero,Type I,Type II,Type Il Choose the sentence which is correctly structured:,,B,official_answer_key,,ilovepdf_merged (3) (1).pdf,79
532,2024-nums-2024-148-532,2024,NUMS 2024,,English,148,Choose the sentence which is correctly structured:,"If we had found him earlier, we could have saved his life.","If we had found him earlier, we have saved hisvlife.","If we had found him earlier, we had.saved his life.","If we found him earlier, we could have save his life. “Owing to his bad luck, he got into an accident on the eve of his examination.” What type of sentence is this?",,C,official_answer_key,,ilovepdf_merged (3) (1).pdf,79
533,2024-nums-2024-149-533,2024,NUMS 2024,,English,149,"“Owing to his bad luck, he got into an accident on the eve of his examination.” What type of sentence is this?",Complex sentence,Simple sentence,Compound sentence,Complex-Compound sentence Which of the following sentence is correctly punctuated:,,A,official_answer_key,,ilovepdf_merged (3) (1).pdf,79
534,2024-nums-2024-150-534,2024,NUMS 2024,,English,150,Which of the following sentence is correctly punctuated:,"""My siblings’ bags’ were stolen by the boys' chief whose gun's color is black.""","""My siblings’s bags were*stolen by the boy's chief whose guns’ color is black.""","""My siblings bags.were stolen by the boys chief whose gun color is black.""","""My siblings’ bags were stolen by the chief of the boys, whose gun was black."" Follow SKN CHANNEL for better and best quality past paper. WhatsApp me: 03100121696",,C,official_answer_key,,ilovepdf_merged (3) (1).pdf,79
535,2024-dow-university-of-health-sciences-karachi-medical-universities-of-sindh-mdcat-2024-code-c-white-1-535,2024,Dow University of Health Sciences Karachi / Medical Universities of Sindh MDCAT 2024 — Code C White,,Biology,1,In which part of the brain a set of neurosecretory cells are found that exert control over the anterior pituitary gland by secreting releasing and inhibiting hormones?,Pons,Hypothalamus,Hippocampus,Amygdala,Midbrain,B,official_answer_key,,ilovepdf_merged (3) (1).pdf,82
536,2024-dow-university-of-health-sciences-karachi-medical-universities-of-sindh-mdcat-2024-code-c-white-2-536,2024,Dow University of Health Sciences Karachi / Medical Universities of Sindh MDCAT 2024 — Code C White,,Biology,2,Frostbites are due to:,Fluid retention,Vasodilation,Muscular expansion,Vasoconstriction,Vascular contrdction,D,official_answer_key,,ilovepdf_merged (3) (1).pdf,82
537,2024-dow-university-of-health-sciences-karachi-medical-universities-of-sindh-mdcat-2024-code-c-white-3-537,2024,Dow University of Health Sciences Karachi / Medical Universities of Sindh MDCAT 2024 — Code C White,,Biology,3,"Stimuli/such“s pressure, touch, stretch, motion'stimulate which of the following receptors?",Thermoteceptors,Mechanoreceptors,Gustatory receptors,Olfactory receptors,None of these,B,official_answer_key,,ilovepdf_merged (3) (1).pdf,82
538,2024-dow-university-of-health-sciences-karachi-medical-universities-of-sindh-mdcat-2024-code-c-white-4-538,2024,Dow University of Health Sciences Karachi / Medical Universities of Sindh MDCAT 2024 — Code C White,,Biology,4,The situation when two alternative forms is said to have:,Codominance,Sex-influenced traits,Multiple alleles,Incomplete dominance,Sex-limited traits Page 1 of 38,C,official_answer_key,,ilovepdf_merged (3) (1).pdf,82
539,2024-dow-university-of-health-sciences-karachi-medical-universities-of-sindh-mdcat-2024-code-c-white-5-539,2024,Dow University of Health Sciences Karachi / Medical Universities of Sindh MDCAT 2024 — Code C White,,Biology,5,"Bacterium, with a tuft of flagella present at each of two poles, is called:",Amphitrichous,Atrichous,Lophotrichous,Peritrichous,Monotrichous,A,official_answer_key,,ilovepdf_merged (3) (1).pdf,82
540,2024-dow-university-of-health-sciences-karachi-medical-universities-of-sindh-mdcat-2024-code-c-white-6-540,2024,Dow University of Health Sciences Karachi / Medical Universities of Sindh MDCAT 2024 — Code C White,,Biology,6,What is the correct order of organelles in ultracentrifugation?,Ribosome — Nuclei — Mitochondria,Lysosome — Ribosome — Mitochondria,Nuclei — Mitochondria — Ribosome,Mitochondria — Nuclei — Golgi bodies,Golgi bodies — Ribosome — Nuclei,C,official_answer_key,,ilovepdf_merged (3) (1).pdf,82
541,2024-dow-university-of-health-sciences-karachi-medical-universities-of-sindh-mdcat-2024-code-c-white-7-541,2024,Dow University of Health Sciences Karachi / Medical Universities of Sindh MDCAT 2024 — Code C White,,Biology,7,"Apeptide hormone, released from Sertoli cel",Testosterone,GnRH,FSH,Inhibin,Luteinizing hormo,D,official_answer_key,,ilovepdf_merged (3) (1).pdf,83
542,2024-dow-university-of-health-sciences-karachi-medical-universities-of-sindh-mdcat-2024-code-c-white-9-542,2024,Dow University of Health Sciences Karachi / Medical Universities of Sindh MDCAT 2024 — Code C White,,Biology,9,Which of the following i or photosynthesis?,Oxygen,Chlorophyll,ATP,Light,NADP,A,official_answer_key,,ilovepdf_merged (3) (1).pdf,83
543,2024-dow-university-of-health-sciences-karachi-medical-universities-of-sindh-mdcat-2024-code-c-white-10-543,2024,Dow University of Health Sciences Karachi / Medical Universities of Sindh MDCAT 2024 — Code C White,,Biology,10,Proteins which cause disease in humans and animals are called:,Prions,Viroid,Prophage,Bacteriophage Page 2 of 38,Antigens,A,official_answer_key,,ilovepdf_merged (3) (1).pdf,83
544,2024-dow-university-of-health-sciences-karachi-medical-universities-of-sindh-mdcat-2024-code-c-white-11-544,2024,Dow University of Health Sciences Karachi / Medical Universities of Sindh MDCAT 2024 — Code C White,,Biology,11,Which size of sponge can filter an entire residential pool in one day?,Tennis ball-sized,Ladle-sized,Basket ball-sized,Hockey ball-sized,Teaspoon-sized,C,official_answer_key,,ilovepdf_merged (3) (1).pdf,83
545,2024-dow-university-of-health-sciences-karachi-medical-universities-of-sindh-mdcat-2024-code-c-white-12-545,2024,Dow University of Health Sciences Karachi / Medical Universities of Sindh MDCAT 2024 — Code C White,,Biology,12,"Koshland proposed a model for enzyme with the name of ""Induced Fit Model"" in the year:",1957,1952,1954,1956,1949,D,official_answer_key,,ilovepdf_merged (3) (1).pdf,84
546,2024-dow-university-of-health-sciences-karachi-medical-universities-of-sindh-mdcat-2024-code-c-white-13-546,2024,Dow University of Health Sciences Karachi / Medical Universities of Sindh MDCAT 2024 — Code C White,,Biology,13,Why do ribosomes require Mg* io.,To synthesize protein,To transport amino aci,To stabilize the rib,"To develop th of a person when: b) 6"" position c) 5"" position d) 4"" position",2 position,C,official_answer_key,,ilovepdf_merged (3) (1).pdf,84
547,2024-dow-university-of-health-sciences-karachi-medical-universities-of-sindh-mdcat-2024-code-c-white-14-547,2024,Dow University of Health Sciences Karachi / Medical Universities of Sindh MDCAT 2024 — Code C White,,Biology,14,Glutamic acid is replaced by Valine at which position?,3rd position,6th position,5th position,4th position,2nd position,B,official_answer_key,,ilovepdf_merged (3) (1).pdf,84
548,2024-dow-university-of-health-sciences-karachi-medical-universities-of-sindh-mdcat-2024-code-c-white-15-548,2024,Dow University of Health Sciences Karachi / Medical Universities of Sindh MDCAT 2024 — Code C White,,Biology,15,Formation of hard uric acid crystals in the joints is identified as:,Rheumatoid arthritis,Ankylosing spondylitis,Osteoarthritis,Callus,Gout Page 3 of 38,E,official_answer_key,,ilovepdf_merged (3) (1).pdf,84
549,2024-dow-university-of-health-sciences-karachi-medical-universities-of-sindh-mdcat-2024-code-c-white-16-549,2024,Dow University of Health Sciences Karachi / Medical Universities of Sindh MDCAT 2024 — Code C White,,Biology,16,Which virus kills cancer cells and aids immunity?,Saccharomyces,Lactobacillus,Penicillium,Lymphobacterium,Oncolytic,E,official_answer_key,,ilovepdf_merged (3) (1).pdf,84
550,2024-dow-university-of-health-sciences-karachi-medical-universities-of-sindh-mdcat-2024-code-c-white-17-550,2024,Dow University of Health Sciences Karachi / Medical Universities of Sindh MDCAT 2024 — Code C White,,Biology,17,The pigment in the muscles responsible for the binding of oxygen is:,Oxyhemoglobin,Plasmin,Myoglobin,Heme,Hemoglobin,C,official_answer_key,,ilovepdf_merged (3) (1).pdf,85
551,2024-dow-university-of-health-sciences-karachi-medical-universities-of-sindh-mdcat-2024-code-c-white-18-551,2024,Dow University of Health Sciences Karachi / Medical Universities of Sindh MDCAT 2024 — Code C White,,Biology,18,"In Gram -ve bacteria, the peptido",Condensed,Thick,Moderate,Thin d) 45°C,55°C,D,official_answer_key,,ilovepdf_merged (3) (1).pdf,85
552,2024-dow-university-of-health-sciences-karachi-medical-universities-of-sindh-mdcat-2024-code-c-white-19-552,2024,Dow University of Health Sciences Karachi / Medical Universities of Sindh MDCAT 2024 — Code C White,,Biology,19,The human enzymes are highly active at about:,8°C,15°C,37°C,45°C,55°C,E,official_answer_key,,ilovepdf_merged (3) (1).pdf,85
553,2024-dow-university-of-health-sciences-karachi-medical-universities-of-sindh-mdcat-2024-code-c-white-21-553,2024,Dow University of Health Sciences Karachi / Medical Universities of Sindh MDCAT 2024 — Code C White,,Biology,21,"The type of carbohydrates, made up of 6 to 10 monosaccharides, which are comparatively less sweet in taste and less soluble in water, are called:",Oligosaccharides,Monosaccharides,Starch Page 4 of 38,Cellulose,Polysaccharides,A,official_answer_key,,ilovepdf_merged (3) (1).pdf,85
554,2024-dow-university-of-health-sciences-karachi-medical-universities-of-sindh-mdcat-2024-code-c-white-22-554,2024,Dow University of Health Sciences Karachi / Medical Universities of Sindh MDCAT 2024 — Code C White,,Biology,22,"This technique is used to determine growth of bacteria, rate of photosynthesis, and minute quantity of DNA:",Electrophoresis,Micrometry,Microscopy,Chromatography,Spectrophotometry,E,official_answer_key,,ilovepdf_merged (3) (1).pdf,85
555,2024-dow-university-of-health-sciences-karachi-medical-universities-of-sindh-mdcat-2024-code-c-white-25-555,2024,Dow University of Health Sciences Karachi / Medical Universities of Sindh MDCAT 2024 — Code C White,,Biology,25,Anima ting of two nerve cords and connecting nerves,Protozoa,Coelenterata,Cnidarian,Porifera,Platyhelminthes,E,official_answer_key,,ilovepdf_merged (3) (1).pdf,86
556,2024-dow-university-of-health-sciences-karachi-medical-universities-of-sindh-mdcat-2024-code-c-white-26-556,2024,Dow University of Health Sciences Karachi / Medical Universities of Sindh MDCAT 2024 — Code C White,,Biology,26,The term enzyme was coined by:,Darwin,Lamarck,Friedrich Wilhelm Kuhn,Mendel,Thomas Cech Page 5 of 38,C,official_answer_key,,ilovepdf_merged (3) (1).pdf,86
557,2024-dow-university-of-health-sciences-karachi-medical-universities-of-sindh-mdcat-2024-code-c-white-27-557,2024,Dow University of Health Sciences Karachi / Medical Universities of Sindh MDCAT 2024 — Code C White,,Biology,27,"Which lipophilic hormone is found in every tissue of the body and is involved in dealing with inflammation, blood flow, and protection from injury?",Estradiol,Aldosterone,Testosterone,Prostaglandins,Estrogen,C,official_answer_key,,ilovepdf_merged (3) (1).pdf,86
558,2024-dow-university-of-health-sciences-karachi-medical-universities-of-sindh-mdcat-2024-code-c-white-28-558,2024,Dow University of Health Sciences Karachi / Medical Universities of Sindh MDCAT 2024 — Code C White,,Biology,28,Hardy-Weinberg Equation is:,p? + 2pq + q? =,p + 2pq + q? =,p? + 2pq + q? = 0,2p+q=1,2p + 2q? = 1,D,official_answer_key,,ilovepdf_merged (3) (1).pdf,87
559,2024-dow-university-of-health-sciences-karachi-medical-universities-of-sindh-mdcat-2024-code-c-white-29-559,2024,Dow University of Health Sciences Karachi / Medical Universities of Sindh MDCAT 2024 — Code C White,,Biology,29,F.C Steward used this plant for his experime,Radish,Corn,Maize,Carrot,Mango,B,official_answer_key,,ilovepdf_merged (3) (1).pdf,87
560,2024-dow-university-of-health-sciences-karachi-medical-universities-of-sindh-mdcat-2024-code-c-white-30-560,2024,Dow University of Health Sciences Karachi / Medical Universities of Sindh MDCAT 2024 — Code C White,,Biology,30,Histone proteins are rich in:,Basic amino acid,Acidic fatty acid,Basic citric acid,Acidic amino acid,Basic fatty acid,D,official_answer_key,,ilovepdf_merged (3) (1).pdf,87
561,2024-dow-university-of-health-sciences-karachi-medical-universities-of-sindh-mdcat-2024-code-c-white-31-561,2024,Dow University of Health Sciences Karachi / Medical Universities of Sindh MDCAT 2024 — Code C White,,Biology,31,The site of maturation rms is:,Seminal vesicles,Scrotum,Testes,Epididymis,Vasa deferentia,A,official_answer_key,,ilovepdf_merged (3) (1).pdf,87
562,2024-dow-university-of-health-sciences-karachi-medical-universities-of-sindh-mdcat-2024-code-c-white-32-562,2024,Dow University of Health Sciences Karachi / Medical Universities of Sindh MDCAT 2024 — Code C White,,Biology,32,A disease resulting in complete lack of spermatozoa in ejaculate is:,Azoospermia,Obstruction,Oligospermia,Zoospermia Page 6 of 38,Ejaculation disorder,D,official_answer_key,,ilovepdf_merged (3) (1).pdf,87
563,2024-dow-university-of-health-sciences-karachi-medical-universities-of-sindh-mdcat-2024-code-c-white-33-563,2024,Dow University of Health Sciences Karachi / Medical Universities of Sindh MDCAT 2024 — Code C White,,Biology,33,The type of bacteria which oxidize CO into CO: is:,Bacillus oligocaerpobillous,Hydrogenomonas,Pseudomonas,Thiobacillus,Azobacter,A,official_answer_key,,ilovepdf_merged (3) (1).pdf,88
564,2024-dow-university-of-health-sciences-karachi-medical-universities-of-sindh-mdcat-2024-code-c-white-34-564,2024,Dow University of Health Sciences Karachi / Medical Universities of Sindh MDCAT 2024 — Code C White,,Biology,34,What structure holds sister chromatids together?,Gene,Nucleosome,Centrosome,Centromere,Histone protein,A,official_answer_key,,ilovepdf_merged (3) (1).pdf,88
565,2024-dow-university-of-health-sciences-karachi-medical-universities-of-sindh-mdcat-2024-code-c-white-37-565,2024,Dow University of Health Sciences Karachi / Medical Universities of Sindh MDCAT 2024 — Code C White,,Biology,37,Each helix of DNA is made up of four types of nucleotides and both helices are complementary to each other i.e. if one helix contains Adenine the opposite helix will contain:,Histidine,Uracil,Cytosine,Thymine,Guanine,D,official_answer_key,,ilovepdf_merged (3) (1).pdf,88
566,2024-dow-university-of-health-sciences-karachi-medical-universities-of-sindh-mdcat-2024-code-c-white-39-566,2024,Dow University of Health Sciences Karachi / Medical Universities of Sindh MDCAT 2024 — Code C White,,Biology,39,Which soft-bodied animal is usually Ambisexual?,Tapeworm,Earthworm,Jellyfish,Snail,Oyster,E,official_answer_key,,ilovepdf_merged (3) (1).pdf,89
567,2024-dow-university-of-health-sciences-karachi-medical-universities-of-sindh-mdcat-2024-code-c-white-40-567,2024,Dow University of Health Sciences Karachi / Medical Universities of Sindh MDCAT 2024 — Code C White,,Biology,40,The number of teeth in deciduous and permanent teeth is:,21 and 32 respectively,18 and 22 respectively,12 and 32 respectively,10 and 32 respectively,20 and 32 respectively,E,official_answer_key,,ilovepdf_merged (3) (1).pdf,89
568,2024-dow-university-of-health-sciences-karachi-medical-universities-of-sindh-mdcat-2024-code-c-white-43-568,2024,Dow University of Health Sciences Karachi / Medical Universities of Sindh MDCAT 2024 — Code C White,,Biology,43,Plants oxidize sugar in chloroplasts during day time without production of energy. This process is called:,Decarboxylation,Oxidative phosphorylation,Non-cyclic photophosphorylation,Cyclic oxidative phosphorylation,Lactic acid fermentation,D,official_answer_key,,ilovepdf_merged (3) (1).pdf,89
569,2024-dow-university-of-health-sciences-karachi-medical-universities-of-sindh-mdcat-2024-code-c-white-44-569,2024,Dow University of Health Sciences Karachi / Medical Universities of Sindh MDCAT 2024 — Code C White,,Biology,44,Sufficient depolarization in neurolemma results in:,Potassium leakage,Resting membrane potential,Action potential,Repolarization,Sub-threshold potential,A,official_answer_key,,ilovepdf_merged (3) (1).pdf,90
570,2024-dow-university-of-health-sciences-karachi-medical-universities-of-sindh-mdcat-2024-code-c-white-45-570,2024,Dow University of Health Sciences Karachi / Medical Universities of Sindh MDCAT 2024 — Code C White,,Biology,45,Fusion of two genetically dissimilar parents through artificial pollination is:,Selection,Acclimatization,Hybridization,Evolution,Back crossing,C,official_answer_key,,ilovepdf_merged (3) (1).pdf,90
571,2024-dow-university-of-health-sciences-karachi-medical-universities-of-sindh-mdcat-2024-code-c-white-46-571,2024,Dow University of Health Sciences Karachi / Medical Universities of Sindh MDCAT 2024 — Code C White,,Biology,46,"In the flowering plant, food is translocated i",Starch,Sucrose,Glucose,Sugar,Fructose,C,official_answer_key,,ilovepdf_merged (3) (1).pdf,90
572,2024-dow-university-of-health-sciences-karachi-medical-universities-of-sindh-mdcat-2024-code-c-white-48-572,2024,Dow University of Health Sciences Karachi / Medical Universities of Sindh MDCAT 2024 — Code C White,,Biology,48,"In gel electrophoresis, h s migrate through the gel?",Under the influence of,By diffusion,Under the influence of an electric field,Active transport,By osmosis,E,official_answer_key,,ilovepdf_merged (3) (1).pdf,90
573,2024-dow-university-of-health-sciences-karachi-medical-universities-of-sindh-mdcat-2024-code-c-white-49-573,2024,Dow University of Health Sciences Karachi / Medical Universities of Sindh MDCAT 2024 — Code C White,,Biology,49,"In carbohydrates, hydrogen and oxygen are present in the simple ratio of:",2:1,3:1,1:1,3:4 Page 9 of 38,1:3,C,official_answer_key,,ilovepdf_merged (3) (1).pdf,91
574,2024-dow-university-of-health-sciences-karachi-medical-universities-of-sindh-mdcat-2024-code-c-white-50-574,2024,Dow University of Health Sciences Karachi / Medical Universities of Sindh MDCAT 2024 — Code C White,,Biology,50,Which of the pigments are common in both human and plant?,Carotenoids,Fucoxanthin,Xanthophyll,Chlorophyll,Retinol,A,official_answer_key,,ilovepdf_merged (3) (1).pdf,91
575,2024-dow-university-of-health-sciences-karachi-medical-universities-of-sindh-mdcat-2024-code-c-white-51-575,2024,Dow University of Health Sciences Karachi / Medical Universities of Sindh MDCAT 2024 — Code C White,,Biology,51,"Two different gene pairs, located at different loci, all work for a same trait and express in an additive manner. This phenomenon is called:",Codominance,Polygenic inheritance,Multiple alleles,Incomplete dominance,Epistasis,A,official_answer_key,,ilovepdf_merged (3) (1).pdf,91
576,2024-dow-university-of-health-sciences-karachi-medical-universities-of-sindh-mdcat-2024-code-c-white-52-576,2024,Dow University of Health Sciences Karachi / Medical Universities of Sindh MDCAT 2024 — Code C White,,Biology,52,Isolation of cellular components to ¢ ine their structure and chemical compe,Cell fractionation,Chromatography,"Microscopy e ages of 15 and 34, that has a high cure rate b) Lung cancer c) Blood cancer",Lymph cancer,Testicular cancer,B,official_answer_key,,ilovepdf_merged (3) (1).pdf,91
577,2024-dow-university-of-health-sciences-karachi-medical-universities-of-sindh-mdcat-2024-code-c-white-53-577,2024,Dow University of Health Sciences Karachi / Medical Universities of Sindh MDCAT 2024 — Code C White,,Biology,53,"The type of cancer, common in young men between the ages of 15 and 34, that has a high cure rate with early treatment is:",Skin cancer,Lung cancer,Blood cancer,Lymph cancer,Testicular cancer,A,official_answer_key,,ilovepdf_merged (3) (1).pdf,91
578,2024-dow-university-of-health-sciences-karachi-medical-universities-of-sindh-mdcat-2024-code-c-white-54-578,2024,Dow University of Health Sciences Karachi / Medical Universities of Sindh MDCAT 2024 — Code C White,,Biology,54,This process inhibits metabolism and growth of anaerobic microbes used for the treatment of Gas Gangrene:,Desiccation,Radiation,Hyperbaric oxygen therapy,High-pressure process,Lyophilization,E,official_answer_key,,ilovepdf_merged (3) (1).pdf,92
579,2024-dow-university-of-health-sciences-karachi-medical-universities-of-sindh-mdcat-2024-code-c-white-55-579,2024,Dow University of Health Sciences Karachi / Medical Universities of Sindh MDCAT 2024 — Code C White,,Biology,55,The branching network-like arrangement of cardiac muscles is called:,Epimysium,Syndesmosis,Gomphosis,Sarcolemma,Syncytium,C,official_answer_key,,ilovepdf_merged (3) (1).pdf,92
580,2024-dow-university-of-health-sciences-karachi-medical-universities-of-sindh-mdcat-2024-code-c-white-56-580,2024,Dow University of Health Sciences Karachi / Medical Universities of Sindh MDCAT 2024 — Code C White,,Biology,56,Molecules that bind to an enzyme away from the active site and increase the function of that active site are known as:,Activation energy without enzyme,Energy of reactants,Activation energy with enzyme,Energy ofproduct,Allosteric activators,E,official_answer_key,,ilovepdf_merged (3) (1).pdf,92
581,2024-dow-university-of-health-sciences-karachi-medical-universities-of-sindh-mdcat-2024-code-c-white-57-581,2024,Dow University of Health Sciences Karachi / Medical Universities of Sindh MDCAT 2024 — Code C White,,Biology,57,The number of oxygen molecules th nsported by,1,4,3,2,5,E,official_answer_key,,ilovepdf_merged (3) (1).pdf,92
582,2024-dow-university-of-health-sciences-karachi-medical-universities-of-sindh-mdcat-2024-code-c-white-59-582,2024,Dow University of Health Sciences Karachi / Medical Universities of Sindh MDCAT 2024 — Code C White,,Biology,59,"Which one of the following is the precursor for the synthesis of testosterone, progesterone, and estrogens?",Choline,Cholesterol,Oil,Waxes,Albumin,A,official_answer_key,,ilovepdf_merged (3) (1).pdf,93
583,2024-dow-university-of-health-sciences-karachi-medical-universities-of-sindh-mdcat-2024-code-c-white-60-583,2024,Dow University of Health Sciences Karachi / Medical Universities of Sindh MDCAT 2024 — Code C White,,Biology,60,A neural cable extending from the brain down through the backbone and enclosed in the vertebral column is called:,Meninges Page 11 of 38,Spinal cord,Axon,Brainstem,Hindbrain,B,official_answer_key,,ilovepdf_merged (3) (1).pdf,93
584,2024-dow-university-of-health-sciences-karachi-medical-universities-of-sindh-mdcat-2024-code-c-white-61-584,2024,Dow University of Health Sciences Karachi / Medical Universities of Sindh MDCAT 2024 — Code C White,,Biology,61,Which of the following accurately describes Helicobacter pylori?,Flagellated rod-shaped bacter1um,Flagellated chain bacterium,Flagellated spiral-shaped bacterium,Non-flagellated spiral-shaped bactertum,Non-flagellated rod-shaped bactertum,B,official_answer_key,,ilovepdf_merged (3) (1).pdf,93
585,2024-dow-university-of-health-sciences-karachi-medical-universities-of-sindh-mdcat-2024-code-c-white-62-585,2024,Dow University of Health Sciences Karachi / Medical Universities of Sindh MDCAT 2024 — Code C White,,Biology,62,Water has very high heat of vaporization i.e.:,274 kcal/kg,374 kcal/kg,474 kcal/kg,574 kcal/kg,674 kcal/kg,C,official_answer_key,,ilovepdf_merged (3) (1).pdf,93
586,2024-dow-university-of-health-sciences-karachi-medical-universities-of-sindh-mdcat-2024-code-c-white-65-586,2024,Dow University of Health Sciences Karachi / Medical Universities of Sindh MDCAT 2024 — Code C White,,Biology,65,Behavioral responses are controlled by:,Pituitary gland,Hypothalamus,Thalamus,Amygdala,Hippocampus Page 12 of 38,C,official_answer_key,,ilovepdf_merged (3) (1).pdf,94
587,2024-dow-university-of-health-sciences-karachi-medical-universities-of-sindh-mdcat-2024-code-c-white-66-587,2024,Dow University of Health Sciences Karachi / Medical Universities of Sindh MDCAT 2024 — Code C White,,Biology,66,"In skeletal muscles, which tube runs perpendicularly and is connected with the sarcoplasmic reticulum?",Troponin,T-tubules,Monochondrion,Myosin,Actin,D,official_answer_key,,ilovepdf_merged (3) (1).pdf,94
588,2024-dow-university-of-health-sciences-karachi-medical-universities-of-sindh-mdcat-2024-code-c-white-67-588,2024,Dow University of Health Sciences Karachi / Medical Universities of Sindh MDCAT 2024 — Code C White,,Biology,67,The active site of the enzyme is the region that:,Binds with the product of catalytic reaction,Is involved in catalytic reactions,Is inhibited by coenzymes and cofactors,Binds allosteric regulators of the enzyme,Is inhibited by coenzymes only,B,official_answer_key,,ilovepdf_merged (3) (1).pdf,94
589,2024-dow-university-of-health-sciences-karachi-medical-universities-of-sindh-mdcat-2024-code-c-white-68-589,2024,Dow University of Health Sciences Karachi / Medical Universities of Sindh MDCAT 2024 — Code C White,,Biology,68,It is a condition of blindness where a person cannot distinguisblue color:,Protanopia,Monochromacy,Dichromacy,Deuteranopia,Tritanopia CHEMISTRY,B,official_answer_key,,ilovepdf_merged (3) (1).pdf,94
590,2024-dow-university-of-health-sciences-karachi-medical-universities-of-sindh-mdcat-2024-code-c-white-69-590,2024,Dow University of Health Sciences Karachi / Medical Universities of Sindh MDCAT 2024 — Code C White,,Chemistry,69,Chelate means:,Bidentate,Ion,Monodentate,Crab claws,Metal,E,official_answer_key,,ilovepdf_merged (3) (1).pdf,94
591,2024-dow-university-of-health-sciences-karachi-medical-universities-of-sindh-mdcat-2024-code-c-white-70-591,2024,Dow University of Health Sciences Karachi / Medical Universities of Sindh MDCAT 2024 — Code C White,,Chemistry,70,The shape of an ammonia molecule is:,Angular,Tetrahedral,Linear,Planar,Pyramidal Page 13 of 38,D,official_answer_key,,ilovepdf_merged (3) (1).pdf,95
592,2024-dow-university-of-health-sciences-karachi-medical-universities-of-sindh-mdcat-2024-code-c-white-71-592,2024,Dow University of Health Sciences Karachi / Medical Universities of Sindh MDCAT 2024 — Code C White,,Chemistry,71,It is used as a preservative and antibacterial agent in livestock feed:,Butyric acid,Formic acid,Caroic acid,Propionic acid,Valeric acid,B,official_answer_key,,ilovepdf_merged (3) (1).pdf,95
593,2024-dow-university-of-health-sciences-karachi-medical-universities-of-sindh-mdcat-2024-code-c-white-72-593,2024,Dow University of Health Sciences Karachi / Medical Universities of Sindh MDCAT 2024 — Code C White,,Chemistry,72,The charge of electron is:,1.602x10 '8C,1.602x10-5C,1.602x10-'’C,1.602x10-8C,1.602x10°°C,B,official_answer_key,,ilovepdf_merged (3) (1).pdf,95
594,2024-dow-university-of-health-sciences-karachi-medical-universities-of-sindh-mdcat-2024-code-c-white-73-594,2024,Dow University of Health Sciences Karachi / Medical Universities of Sindh MDCAT 2024 — Code C White,,Chemistry,73,The equilibrium of this reaction would not b,2SO2 + O2<72803,Nz + O2 @2NO,2NO + Ch < 2NOCI,PCls PCl; + Cl,CO + 3H — CHy,E,official_answer_key,,ilovepdf_merged (3) (1).pdf,95
595,2024-dow-university-of-health-sciences-karachi-medical-universities-of-sindh-mdcat-2024-code-c-white-75-595,2024,Dow University of Health Sciences Karachi / Medical Universities of Sindh MDCAT 2024 — Code C White,,Chemistry,75,According to Raoult's | owering of vapor pressure is equal to:,Mole fraction of solute,Mole fraction of solvent,Molarity,Molality,Parts per million,B,official_answer_key,,ilovepdf_merged (3) (1).pdf,96
596,2024-dow-university-of-health-sciences-karachi-medical-universities-of-sindh-mdcat-2024-code-c-white-76-596,2024,Dow University of Health Sciences Karachi / Medical Universities of Sindh MDCAT 2024 — Code C White,,Chemistry,76,"When an unsymmetrical alkene undergoes addition reactions, the negative part of attacking reagent is added to that double-bonded carbon atom which contains:",Highest number of chloride atoms,Lesser number of hydrogen atoms,Highest number of hydrogen atoms Page 14 of 38,Moderate number of hydrogen atoms,Lesser number of chloride atoms,A,official_answer_key,,ilovepdf_merged (3) (1).pdf,96
597,2024-dow-university-of-health-sciences-karachi-medical-universities-of-sindh-mdcat-2024-code-c-white-77-597,2024,Dow University of Health Sciences Karachi / Medical Universities of Sindh MDCAT 2024 — Code C White,,Chemistry,77,"According to Charles, at 0° K (-273.15°C), the volume of a gas should be:",-2,Zero,-l,+2,+1,B,official_answer_key,,ilovepdf_merged (3) (1).pdf,96
598,2024-dow-university-of-health-sciences-karachi-medical-universities-of-sindh-mdcat-2024-code-c-white-78-598,2024,Dow University of Health Sciences Karachi / Medical Universities of Sindh MDCAT 2024 — Code C White,,Chemistry,78,The paramagnetic behavior of molecules such as oxygen cannot be explained by:,Molecular orbital theory,Hybridization,Valence bond theory,Valence shell electron pair repulsion theo,Chemical bonding,B,official_answer_key,,ilovepdf_merged (3) (1).pdf,96
599,2024-dow-university-of-health-sciences-karachi-medical-universities-of-sindh-mdcat-2024-code-c-white-79-599,2024,Dow University of Health Sciences Karachi / Medical Universities of Sindh MDCAT 2024 — Code C White,,Chemistry,79,The decomposition of Hz,MnO>,Ethanol a) Hemoglobin b) Proteins,Hormones,Lipids,Antibodies,C,official_answer_key,,ilovepdf_merged (3) (1).pdf,96
600,2024-dow-university-of-health-sciences-karachi-medical-universities-of-sindh-mdcat-2024-code-c-white-80-600,2024,Dow University of Health Sciences Karachi / Medical Universities of Sindh MDCAT 2024 — Code C White,,Chemistry,80,It transports oxygen from the lungs to every tissue of the body:,Hemoglobin,Proteins,Hormones,Lipids,Antibodies,C,official_answer_key,,ilovepdf_merged (3) (1).pdf,97
601,2024-dow-university-of-health-sciences-karachi-medical-universities-of-sindh-mdcat-2024-code-c-white-81-601,2024,Dow University of Health Sciences Karachi / Medical Universities of Sindh MDCAT 2024 — Code C White,,Chemistry,81,The bond length between C-C in benzene is:,134A,139A,156A,1.38A,146A Page 15 of 38,A,official_answer_key,,ilovepdf_merged (3) (1).pdf,97
602,2024-dow-university-of-health-sciences-karachi-medical-universities-of-sindh-mdcat-2024-code-c-white-82-602,2024,Dow University of Health Sciences Karachi / Medical Universities of Sindh MDCAT 2024 — Code C White,,Chemistry,82,"""In an orbital of an atom, no two electrons can have the same set of four quantum numbers, at least one quantum number must be different.” This statement is:",Aufbau principle,Pauli's exclusion principle,Hund's rule,Wissewser rule,Magnetic quantum number,B,official_answer_key,,ilovepdf_merged (3) (1).pdf,97
603,2024-dow-university-of-health-sciences-karachi-medical-universities-of-sindh-mdcat-2024-code-c-white-83-603,2024,Dow University of Health Sciences Karachi / Medical Universities of Sindh MDCAT 2024 — Code C White,,Chemistry,83,IUPAC name of isopropyl! alcohol is:,1-butanol,2-propanol,1-propanol,2-butanol,propanol,B,official_answer_key,,ilovepdf_merged (3) (1).pdf,97
604,2024-dow-university-of-health-sciences-karachi-medical-universities-of-sindh-mdcat-2024-code-c-white-84-604,2024,Dow University of Health Sciences Karachi / Medical Universities of Sindh MDCAT 2024 — Code C White,,Chemistry,84,The unit of rate constant for the first order reaction,conc.s!,M?’s?,s!,M's?,M:s!,B,official_answer_key,,ilovepdf_merged (3) (1).pdf,97
605,2024-dow-university-of-health-sciences-karachi-medical-universities-of-sindh-mdcat-2024-code-c-white-86-605,2024,Dow University of Health Sciences Karachi / Medical Universities of Sindh MDCAT 2024 — Code C White,,Chemistry,86,Collection of gas over wa ample of:,Boyle's law,Avogadro's law,Dalton's law,Graham's law,Gay-Lussac law,E,official_answer_key,,ilovepdf_merged (3) (1).pdf,98
606,2024-dow-university-of-health-sciences-karachi-medical-universities-of-sindh-mdcat-2024-code-c-white-87-606,2024,Dow University of Health Sciences Karachi / Medical Universities of Sindh MDCAT 2024 — Code C White,,Chemistry,87,Dry ice is the example of:,Molecular solid,Metallic solid,Covalent solid Page 16 of 38,Ionic solid,Plastic,C,official_answer_key,,ilovepdf_merged (3) (1).pdf,98
607,2024-dow-university-of-health-sciences-karachi-medical-universities-of-sindh-mdcat-2024-code-c-white-88-607,2024,Dow University of Health Sciences Karachi / Medical Universities of Sindh MDCAT 2024 — Code C White,,Chemistry,88,Low atmospheric pressure system is called:,Diffusion,Depression,Effusion,Contraction,Cooling,A,official_answer_key,,ilovepdf_merged (3) (1).pdf,98
608,2024-dow-university-of-health-sciences-karachi-medical-universities-of-sindh-mdcat-2024-code-c-white-89-608,2024,Dow University of Health Sciences Karachi / Medical Universities of Sindh MDCAT 2024 — Code C White,,Chemistry,89,The pH value of human blood is:,7.80,7.35,7.33,6.62,7.05,B,official_answer_key,,ilovepdf_merged (3) (1).pdf,98
609,2024-dow-university-of-health-sciences-karachi-medical-universities-of-sindh-mdcat-2024-code-c-white-90-609,2024,Dow University of Health Sciences Karachi / Medical Universities of Sindh MDCAT 2024 — Code C White,,Chemistry,90,"It is used to distinguish between primary, secondary, and terti",Tollens Reagent,Grignard Reagent b) Synthesis of,Nuclear fission,Oxidation of sulfur g,Burning of fuel and coa,B,official_answer_key,,ilovepdf_merged (3) (1).pdf,98
610,2024-dow-university-of-health-sciences-karachi-medical-universities-of-sindh-mdcat-2024-code-c-white-91-610,2024,Dow University of Health Sciences Karachi / Medical Universities of Sindh MDCAT 2024 — Code C White,,Chemistry,91,An example of an endothermic reaction is:,Photosynthesis,Synthesis of NH₃,Nuclear fission,Oxidation of sulfur gases,Burning of fuel and coal,E,official_answer_key,,ilovepdf_merged (3) (1).pdf,99
611,2024-dow-university-of-health-sciences-karachi-medical-universities-of-sindh-mdcat-2024-code-c-white-92-611,2024,Dow University of Health Sciences Karachi / Medical Universities of Sindh MDCAT 2024 — Code C White,,Chemistry,92,Stoichiometry is the study of ____ relationship between reactants and products in a chemical reaction by using a balanced chemical equation:,Quantitative,Qualitative,Chemical,Descriptive,Physical,A,official_answer_key,,ilovepdf_merged (3) (1).pdf,99
612,2024-dow-university-of-health-sciences-karachi-medical-universities-of-sindh-mdcat-2024-code-c-white-93-612,2024,Dow University of Health Sciences Karachi / Medical Universities of Sindh MDCAT 2024 — Code C White,,Chemistry,93,"Ketones, when treated with LiAIH,, reduce to:",Primary alcohol,Tertiary alcohol,Alcohol,Dihydric alcohol,Secondary alcohol,A,official_answer_key,,ilovepdf_merged (3) (1).pdf,99
613,2024-dow-university-of-health-sciences-karachi-medical-universities-of-sindh-mdcat-2024-code-c-white-94-613,2024,Dow University of Health Sciences Karachi / Medical Universities of Sindh MDCAT 2024 — Code C White,,Chemistry,94,"The term ""active mass"" used in the Law of Mass Action means:",Number of moles per dm?,Number of moles per dm?,Gram per dm?,Number of moles,Number of molecules,E,official_answer_key,,ilovepdf_merged (3) (1).pdf,99
614,2024-dow-university-of-health-sciences-karachi-medical-universities-of-sindh-mdcat-2024-code-c-white-95-614,2024,Dow University of Health Sciences Karachi / Medical Universities of Sindh MDCAT 2024 — Code C White,,Chemistry,95,The neutron was discovered by:,Max Planck,Neil Bohr,J.J. Thomson,Goldstein,James Chadwick,A,official_answer_key,,ilovepdf_merged (3) (1).pdf,99
615,2024-dow-university-of-health-sciences-karachi-medical-universities-of-sindh-mdcat-2024-code-c-white-97-615,2024,Dow University of Health Sciences Karachi / Medical Universities of Sindh MDCAT 2024 — Code C White,,Chemistry,97,The carboxylic acid is stronger than:,PCls,H2SO,HNO:,HCl,CH30H,C,official_answer_key,,ilovepdf_merged (3) (1).pdf,100
616,2024-dow-university-of-health-sciences-karachi-medical-universities-of-sindh-mdcat-2024-code-c-white-99-616,2024,Dow University of Health Sciences Karachi / Medical Universities of Sindh MDCAT 2024 — Code C White,,Chemistry,99,The carboxylic acid is stronger than:,PCl₅,H₂SO₄,HNO₃,HCl,CH₃OH,E,official_answer_key,,ilovepdf_merged (3) (1).pdf,100
617,2024-dow-university-of-health-sciences-karachi-medical-universities-of-sindh-mdcat-2024-code-c-white-100-617,2024,Dow University of Health Sciences Karachi / Medical Universities of Sindh MDCAT 2024 — Code C White,,Chemistry,100,Reduction of aldehydes & ketones by Zn-Hg amalgam and concentrated HCl results in conversion to an alkane. This reaction is known as:,Down Reduction,Cope Reduction,Wolff-Kishner Reduction,Clemmensen Reduction,Sodium tetrahydroboride,D,official_answer_key,,ilovepdf_merged (3) (1).pdf,100
618,2024-dow-university-of-health-sciences-karachi-medical-universities-of-sindh-mdcat-2024-code-c-white-102-618,2024,Dow University of Health Sciences Karachi / Medical Universities of Sindh MDCAT 2024 — Code C White,,Chemistry,102,The rate of SN1 mechanism depends upon:,Concentration of nucleophile,Concentration of both substrate and nucleophile,Polar non-polar solvent,Concentration of substrate only,Concentration of reactant,E,official_answer_key,,ilovepdf_merged (3) (1).pdf,101
619,2024-dow-university-of-health-sciences-karachi-medical-universities-of-sindh-mdcat-2024-code-c-white-103-619,2024,Dow University of Health Sciences Karachi / Medical Universities of Sindh MDCAT 2024 — Code C White,,Chemistry,103,Total number of alpha amino acids are:,19,27,22,25,28,C,official_answer_key,,ilovepdf_merged (3) (1).pdf,101
620,2024-dow-university-of-health-sciences-karachi-medical-universities-of-sindh-mdcat-2024-code-c-white-104-620,2024,Dow University of Health Sciences Karachi / Medical Universities of Sindh MDCAT 2024 — Code C White,,Chemistry,104,c) 1956 d) 1952 Reduction of aldehydes & ketones by Zn-Hg amalgam and concentrated HCI results in conversion to an alkane. This reaction is known as:,Down Reduction,Cope Reduction,Wolff-Kishner Reduction,Clemmensen Reduction,"Sodium tetrahydroboride Deficiency of __ causes loss of weight, appetite, and ta a)K b) P c) Fe d) Zn The rate of SN: mechanism a) Concentration ofnucleophil Aldehydes & ketones can be converted to alkane. This reaction is called: a) Ozonolysis b) Wolff-Kishner reaction c) Grignard reaction d) Friedel-Craft reaction e) Clemmensen reaction An example of a bidentate ligand among the following is: a) Br Page 19 of 38 b) CN"" c) C204"" d) OH” e) Cl",B,official_answer_key,,ilovepdf_merged (3) (1).pdf,101
621,2024-dow-university-of-health-sciences-karachi-medical-universities-of-sindh-mdcat-2024-code-c-white-105-621,2024,Dow University of Health Sciences Karachi / Medical Universities of Sindh MDCAT 2024 — Code C White,,Chemistry,105,Fuel cell is a typical galvanic cell which is based on reaction between:,Hydrogen and copper,Methane and oxygen,Hydrogen and oxygen,Nitrogen and oxygen,Hydrogen and zine,C,official_answer_key,,ilovepdf_merged (3) (1).pdf,101
622,2024-dow-university-of-health-sciences-karachi-medical-universities-of-sindh-mdcat-2024-code-c-white-108-622,2024,Dow University of Health Sciences Karachi / Medical Universities of Sindh MDCAT 2024 — Code C White,,Chemistry,108,urface tension?,Water,Mercury,Ethyl alcohol,Chloroform,Benzene,B,official_answer_key,,ilovepdf_merged (3) (1).pdf,102
623,2024-dow-university-of-health-sciences-karachi-medical-universities-of-sindh-mdcat-2024-code-c-white-111-623,2024,Dow University of Health Sciences Karachi / Medical Universities of Sindh MDCAT 2024 — Code C White,,Chemistry,111,Formic acid is naturally found in:,Butter,Goat,Milk,Vinegar,Ants,A,official_answer_key,,ilovepdf_merged (3) (1).pdf,102
624,2024-dow-university-of-health-sciences-karachi-medical-universities-of-sindh-mdcat-2024-code-c-white-112-624,2024,Dow University of Health Sciences Karachi / Medical Universities of Sindh MDCAT 2024 — Code C White,,Chemistry,112,Urea was first synthesized by Wohler from an inorgani ial named,Ammonium bicarbonate,Ammonium nitrate,Ammonium oxalate,Ammonium cyanate,Ammonium chloride,E,official_answer_key,,ilovepdf_merged (3) (1).pdf,103
625,2024-dow-university-of-health-sciences-karachi-medical-universities-of-sindh-mdcat-2024-code-c-white-114-625,2024,Dow University of Health Sciences Karachi / Medical Universities of Sindh MDCAT 2024 — Code C White,,Chemistry,114,The nu rings in Buckyball are respectively:,40 and 20,12 and 12,5 and 15,14 and 14,12 and 20,D,official_answer_key,,ilovepdf_merged (3) (1).pdf,103
626,2024-dow-university-of-health-sciences-karachi-medical-universities-of-sindh-mdcat-2024-code-c-white-115-626,2024,Dow University of Health Sciences Karachi / Medical Universities of Sindh MDCAT 2024 — Code C White,,Chemistry,115,Itis an example of a crystalline solid:,Plastics,Charcoal,Glass,Alum,Rubber,E,official_answer_key,,ilovepdf_merged (3) (1).pdf,103
627,2024-dow-university-of-health-sciences-karachi-medical-universities-of-sindh-mdcat-2024-code-c-white-116-627,2024,Dow University of Health Sciences Karachi / Medical Universities of Sindh MDCAT 2024 — Code C White,,Chemistry,116,The structure of primary amines is:,Trigonal Page 21 of 38,Tetrahedral pyramidal,Planar,Linear,Regular tetrahedral,D,official_answer_key,,ilovepdf_merged (3) (1).pdf,103
628,2024-dow-university-of-health-sciences-karachi-medical-universities-of-sindh-mdcat-2024-code-c-white-117-628,2024,Dow University of Health Sciences Karachi / Medical Universities of Sindh MDCAT 2024 — Code C White,,Chemistry,117,Mostly p block elements react with __ to form binary compounds:,Oxygen,Water,Halogens,Nitrogen,Hydrogen,B,official_answer_key,,ilovepdf_merged (3) (1).pdf,104
629,2024-dow-university-of-health-sciences-karachi-medical-universities-of-sindh-mdcat-2024-code-c-white-118-629,2024,Dow University of Health Sciences Karachi / Medical Universities of Sindh MDCAT 2024 — Code C White,,Chemistry,118,Maximum number of electrons in a given sub-shell are calculated,n?,2(n+1),2n?,21+],2+],C,official_answer_key,,ilovepdf_merged (3) (1).pdf,104
630,2024-dow-university-of-health-sciences-karachi-medical-universities-of-sindh-mdcat-2024-code-c-white-121-630,2024,Dow University of Health Sciences Karachi / Medical Universities of Sindh MDCAT 2024 — Code C White,,Chemistry,121,These hydrocarbons contain one or more double or triple bonds between the two adjacent carbon atoms in their structure:,Alkenes and alcohol,Alkenes and cycloalkanes,Alkanes and alkyl halides,Alkenes and alkynes,Alkanes and alkenes Page 22 of 38,E,official_answer_key,,ilovepdf_merged (3) (1).pdf,104
631,2024-dow-university-of-health-sciences-karachi-medical-universities-of-sindh-mdcat-2024-code-c-white-122-631,2024,Dow University of Health Sciences Karachi / Medical Universities of Sindh MDCAT 2024 — Code C White,,Chemistry,122,Conjugated acid of NHs is:,NH-*,NH,NH2,NH2-,NHs PHYSICS,D,official_answer_key,,ilovepdf_merged (3) (1).pdf,104
632,2024-dow-university-of-health-sciences-karachi-medical-universities-of-sindh-mdcat-2024-code-c-white-123-632,2024,Dow University of Health Sciences Karachi / Medical Universities of Sindh MDCAT 2024 — Code C White,,Physics,123,The linear momentum of a photon is given as:,mc,mv,mc?,moc?,hv/c,A,official_answer_key,,ilovepdf_merged (3) (1).pdf,105
633,2024-dow-university-of-health-sciences-karachi-medical-universities-of-sindh-mdcat-2024-code-c-white-124-633,2024,Dow University of Health Sciences Karachi / Medical Universities of Sindh MDCAT 2024 — Code C White,,Physics,124,The unit of resistance is:,Volt,Watt,Coulomb,Ohm,Ampere,A,official_answer_key,,ilovepdf_merged (3) (1).pdf,105
634,2024-dow-university-of-health-sciences-karachi-medical-universities-of-sindh-mdcat-2024-code-c-white-125-634,2024,Dow University of Health Sciences Karachi / Medical Universities of Sindh MDCAT 2024 — Code C White,,Physics,125,Longitudinal waves‘do not exhibit:,Reflection,Diffraction,Polarization,Interference,Refraction,D,official_answer_key,,ilovepdf_merged (3) (1).pdf,105
635,2024-dow-university-of-health-sciences-karachi-medical-universities-of-sindh-mdcat-2024-code-c-white-126-635,2024,Dow University of Health Sciences Karachi / Medical Universities of Sindh MDCAT 2024 — Code C White,,Physics,126,One kilogram mass is entirely converted into energy. The amount of energy will be:,9x10°J,3x101° J,"9x10"" eV",9x10! J,9x10 eV,C,official_answer_key,,ilovepdf_merged (3) (1).pdf,105
636,2024-dow-university-of-health-sciences-karachi-medical-universities-of-sindh-mdcat-2024-code-c-white-127-636,2024,Dow University of Health Sciences Karachi / Medical Universities of Sindh MDCAT 2024 — Code C White,,Physics,127,The unit of resistivity is:,Ohm m,Ampere,Volt Page 23 of 38,Watt,Ohm,E,official_answer_key,,ilovepdf_merged (3) (1).pdf,105
637,2024-dow-university-of-health-sciences-karachi-medical-universities-of-sindh-mdcat-2024-code-c-white-128-637,2024,Dow University of Health Sciences Karachi / Medical Universities of Sindh MDCAT 2024 — Code C White,,Physics,128,The SI unit of power is:,Ampere,Coulomb,Ohm,Watt,Volt,A,official_answer_key,,ilovepdf_merged (3) (1).pdf,106
638,2024-dow-university-of-health-sciences-karachi-medical-universities-of-sindh-mdcat-2024-code-c-white-129-638,2024,Dow University of Health Sciences Karachi / Medical Universities of Sindh MDCAT 2024 — Code C White,,Physics,129,Total potential difference across the combination of three similar cells becomes maximum when:,Two cells are connected in series and the third cell in pa the combination,All the three cells are connected in parallel,Two cells are connected in parallel and the thir Iineseries with,The load connected to the combination is,All the three cells are connected in se,D,official_answer_key,,ilovepdf_merged (3) (1).pdf,106
639,2024-dow-university-of-health-sciences-karachi-medical-universities-of-sindh-mdcat-2024-code-c-white-130-639,2024,Dow University of Health Sciences Karachi / Medical Universities of Sindh MDCAT 2024 — Code C White,,Physics,130,Which one of the following is correct fora transformer? O ac,Transformer converts 4 intov-electrical energy,Transformer con artical en,Transformer iple i0 o mechanical energ b) Force c) Angular momentu:,Torque,Moment,E,official_answer_key,,ilovepdf_merged (3) (1).pdf,106
640,2024-dow-university-of-health-sciences-karachi-medical-universities-of-sindh-mdcat-2024-code-c-white-131-640,2024,Dow University of Health Sciences Karachi / Medical Universities of Sindh MDCAT 2024 — Code C White,,Physics,131,Time rate of change of linear momentum is equal to:,Moment of force,Force,Angular momentum,Torque,Moment,C,official_answer_key,,ilovepdf_merged (3) (1).pdf,106
641,2024-dow-university-of-health-sciences-karachi-medical-universities-of-sindh-mdcat-2024-code-c-white-133-641,2024,Dow University of Health Sciences Karachi / Medical Universities of Sindh MDCAT 2024 — Code C White,,Physics,133,Which of the following statements is correct?,Work can never be converted into heat.,Work can be converted completely into heat. Page 24 of 38,Both heat and work are inter-convertible.,Heat can never be converted into work.,Heat can be converted completely into work.,A,official_answer_key,,ilovepdf_merged (3) (1).pdf,107
642,2024-dow-university-of-health-sciences-karachi-medical-universities-of-sindh-mdcat-2024-code-c-white-135-642,2024,Dow University of Health Sciences Karachi / Medical Universities of Sindh MDCAT 2024 — Code C White,,Physics,135,"""The current through a conductor is directly proportional to¢he potential difference between the ends of the conductor, provided that physical conditions in the same."" This is:",Laplace's Law,Ohm's Law,Coulomb's Law,Charles's Law,Boyle's Law,E,official_answer_key,,ilovepdf_merged (3) (1).pdf,107
643,2024-dow-university-of-health-sciences-karachi-medical-universities-of-sindh-mdcat-2024-code-c-white-137-643,2024,Dow University of Health Sciences Karachi / Medical Universities of Sindh MDCAT 2024 — Code C White,,Physics,137,"If elec in the second orbit, the emitted series is known",Brackett series,Paschen series,Lyman series,Balmer series,Pfund series,E,official_answer_key,,ilovepdf_merged (3) (1).pdf,107
644,2024-dow-university-of-health-sciences-karachi-medical-universities-of-sindh-mdcat-2024-code-c-white-138-644,2024,Dow University of Health Sciences Karachi / Medical Universities of Sindh MDCAT 2024 — Code C White,,Physics,138,The force experienced by a current-carrying conductor placed in a magnetic field is:,F = qBL sinO,F=BL sin 0,F=qvB sin 8,F = BL cos 8,F=BIL sin 8,D,official_answer_key,,ilovepdf_merged (3) (1).pdf,108
645,2024-dow-university-of-health-sciences-karachi-medical-universities-of-sindh-mdcat-2024-code-c-white-139-645,2024,Dow University of Health Sciences Karachi / Medical Universities of Sindh MDCAT 2024 — Code C White,,Physics,139,The ratio of ‘molar gas constant' to ‘Avogadro's number' (R/Na) is called:,Stefan's constant,Boltzmann constant,Rydberg's constant,Coulomb's constant,Planck's constant,E,official_answer_key,,ilovepdf_merged (3) (1).pdf,108
646,2024-dow-university-of-health-sciences-karachi-medical-universities-of-sindh-mdcat-2024-code-c-white-140-646,2024,Dow University of Health Sciences Karachi / Medical Universities of Sindh MDCAT 2024 — Code C White,,Physics,140,"""The electric force between two static point charges varies directly to the product of charges with each charge and inversely with the square of the distance between them."" This is:",Gay-Lussac's Law,Coulomb's Law,Faraday's Law,Charles's Law,Boyle's Law,B,official_answer_key,,ilovepdf_merged (3) (1).pdf,108
647,2024-dow-university-of-health-sciences-karachi-medical-universities-of-sindh-mdcat-2024-code-c-white-141-647,2024,Dow University of Health Sciences Karachi / Medical Universities of Sindh MDCAT 2024 — Code C White,,Physics,141,"In radioactivity, the product of half-life T12",0.693,0.396,0.953,0.963,0.369,B,official_answer_key,,ilovepdf_merged (3) (1).pdf,108
648,2024-dow-university-of-health-sciences-karachi-medical-universities-of-sindh-mdcat-2024-code-c-white-144-648,2024,Dow University of Health Sciences Karachi / Medical Universities of Sindh MDCAT 2024 — Code C White,,Physics,144,Resistivity depends on:,Weight of material,Charge of material,Shape of material,Size of material Page 26 of 38,Temperature of material,E,official_answer_key,,ilovepdf_merged (3) (1).pdf,109
649,2024-dow-university-of-health-sciences-karachi-medical-universities-of-sindh-mdcat-2024-code-c-white-146-649,2024,Dow University of Health Sciences Karachi / Medical Universities of Sindh MDCAT 2024 — Code C White,,Physics,146,The constant power output of a machine is 6W. The energy delivered by it in 2 minutes is:,12 joules,720 joules,72 joules,3 joules,120 joules,A,official_answer_key,,ilovepdf_merged (3) (1).pdf,109
650,2024-dow-university-of-health-sciences-karachi-medical-universities-of-sindh-mdcat-2024-code-c-white-147-650,2024,Dow University of Health Sciences Karachi / Medical Universities of Sindh MDCAT 2024 — Code C White,,Physics,147,The process in which all the supplied,Isochoric,Isobaric,Adiabatic,Isotropic,"Isothermal c) 1.76 x 10 d) 1.602 x 10!° C/k: e) 1.602 x 10"" Chkg",B,official_answer_key,,ilovepdf_merged (3) (1).pdf,109
651,2024-dow-university-of-health-sciences-karachi-medical-universities-of-sindh-mdcat-2024-code-c-white-149-651,2024,Dow University of Health Sciences Karachi / Medical Universities of Sindh MDCAT 2024 — Code C White,,Physics,149,"If the instantaneous velocity of a body is equal to the average velocity, then:",The body moves with decreasing velocity,The body moves with variable acceleration,The body moves with uniform velocity,The body moves with uniform acceleration,The body moves with increasing velocity,C,official_answer_key,,ilovepdf_merged (3) (1).pdf,110
652,2024-dow-university-of-health-sciences-karachi-medical-universities-of-sindh-mdcat-2024-code-c-white-150-652,2024,Dow University of Health Sciences Karachi / Medical Universities of Sindh MDCAT 2024 — Code C White,,Physics,150,The waves that require medium for their propagation are known as:,Electromagnetic waves,De Broglie waves Page 27 of 38,Mechanical waves,Particle waves,Matter waves,C,official_answer_key,,ilovepdf_merged (3) (1).pdf,110
653,2024-dow-university-of-health-sciences-karachi-medical-universities-of-sindh-mdcat-2024-code-c-white-151-653,2024,Dow University of Health Sciences Karachi / Medical Universities of Sindh MDCAT 2024 — Code C White,,Physics,151,The SI unit of the electric field is:,JC?,NC?,Nm? C!,CN2,Nm? C?,C,official_answer_key,,ilovepdf_merged (3) (1).pdf,110
654,2024-dow-university-of-health-sciences-karachi-medical-universities-of-sindh-mdcat-2024-code-c-white-152-654,2024,Dow University of Health Sciences Karachi / Medical Universities of Sindh MDCAT 2024 — Code C White,,Physics,152,An electron and proton enter in a magnetic field perpe with the same momentum:,They move undeflected in opposite directions,The electron deflects more than the proton,They will deflect equally,The proton deflects more than the e,They will not deflect at all,D,official_answer_key,,ilovepdf_merged (3) (1).pdf,110
655,2024-dow-university-of-health-sciences-karachi-medical-universities-of-sindh-mdcat-2024-code-c-white-154-655,2024,Dow University of Health Sciences Karachi / Medical Universities of Sindh MDCAT 2024 — Code C White,,Physics,154,"The total energy E of a body at any instant, executing simple harmonic motion, is:",E = 2kx²,E = 0.5(kx²),E = -kx²,E = kx²,,A,official_answer_key,,ilovepdf_merged (3) (1).pdf,111
656,2024-dow-university-of-health-sciences-karachi-medical-universities-of-sindh-mdcat-2024-code-c-white-155-656,2024,Dow University of Health Sciences Karachi / Medical Universities of Sindh MDCAT 2024 — Code C White,,Physics,155,A reverse-biased semiconductor diode acts as:,Rectifier,On switch,Inverter,Off switch,Amplifier,B,official_answer_key,,ilovepdf_merged (3) (1).pdf,111
657,2024-dow-university-of-health-sciences-karachi-medical-universities-of-sindh-mdcat-2024-code-c-white-156-657,2024,Dow University of Health Sciences Karachi / Medical Universities of Sindh MDCAT 2024 — Code C White,,Physics,156,"For maximum work done by a constant force, the angle between force and displacement is:",45°,90° Page 28 of 38,65°,145°,0°,D,official_answer_key,,ilovepdf_merged (3) (1).pdf,111
658,2024-dow-university-of-health-sciences-karachi-medical-universities-of-sindh-mdcat-2024-code-c-white-157-658,2024,Dow University of Health Sciences Karachi / Medical Universities of Sindh MDCAT 2024 — Code C White,,Physics,157,A body is moving in a circle with constant speed. Which of the following statements is true?,There is a force acting on the body at a tangent to the circle,There is a force acting on the body toward the center of the circle,There is no acceleration in the body,There is a force acting on the body away from the center of the circle,The net force acting on the body is zero,E,official_answer_key,,ilovepdf_merged (3) (1).pdf,111
659,2024-dow-university-of-health-sciences-karachi-medical-universities-of-sindh-mdcat-2024-code-c-white-158-659,2024,Dow University of Health Sciences Karachi / Medical Universities of Sindh MDCAT 2024 — Code C White,,Physics,158,The unit of potential difference is:,Ampere,Coulomb,Volt,Watt,Ohm,B,official_answer_key,,ilovepdf_merged (3) (1).pdf,111
660,2024-dow-university-of-health-sciences-karachi-medical-universities-of-sindh-mdcat-2024-code-c-white-159-660,2024,Dow University of Health Sciences Karachi / Medical Universities of Sindh MDCAT 2024 — Code C White,,Physics,159,"In SI system, the specifi",Jkg!#K?,JK' gt,Jkg! G a) T= 0/21 b) T= 22/0 c) T=270,T= 2nT,T=21 &,C,official_answer_key,,ilovepdf_merged (3) (1).pdf,112
661,2024-dow-university-of-health-sciences-karachi-medical-universities-of-sindh-mdcat-2024-code-c-white-160-661,2024,Dow University of Health Sciences Karachi / Medical Universities of Sindh MDCAT 2024 — Code C White,,Physics,160,The period of uniform circular motion is given as:,T = ω/2π,T = 2π/ω,T = 2πω,T = 2πT,T = 2πω²,A,official_answer_key,,ilovepdf_merged (3) (1).pdf,112
662,2024-dow-university-of-health-sciences-karachi-medical-universities-of-sindh-mdcat-2024-code-c-white-161-662,2024,Dow University of Health Sciences Karachi / Medical Universities of Sindh MDCAT 2024 — Code C White,,Physics,161,"In the mathematical relationship @ = hv, the symbol @ represents:",Magnetic flux,Threshold frequency,Work function,Electric flux,Wave function,D,official_answer_key,,ilovepdf_merged (3) (1).pdf,112
663,2024-dow-university-of-health-sciences-karachi-medical-universities-of-sindh-mdcat-2024-code-c-white-162-663,2024,Dow University of Health Sciences Karachi / Medical Universities of Sindh MDCAT 2024 — Code C White,,Physics,162,The unit of current is:,Volt,Ohm,Watt,Coulomb per second,Coulomb,C,official_answer_key,,ilovepdf_merged (3) (1).pdf,112
664,2024-dow-university-of-health-sciences-karachi-medical-universities-of-sindh-mdcat-2024-code-c-white-163-664,2024,Dow University of Health Sciences Karachi / Medical Universities of Sindh MDCAT 2024 — Code C White,,Physics,163,Fast moving electrons stopped by a heavy metallic target in an evacuated glass tube give rise to the production of,Beta-rays,Gamma-rays,X-rays,Cosmic rays,Alpha-rays,D,official_answer_key,,ilovepdf_merged (3) (1).pdf,112
665,2024-dow-university-of-health-sciences-karachi-medical-universities-of-sindh-mdcat-2024-code-c-white-164-665,2024,Dow University of Health Sciences Karachi / Medical Universities of Sindh MDCAT 2024 — Code C White,,Physics,164,The alternating emf (€) generated by an AC,€ = BvL sin 0,€ = NBL sin 8,€ =NBL cos 0,€= BNA o sin 0,6= BvL cos 0,C,official_answer_key,,ilovepdf_merged (3) (1).pdf,112
666,2024-dow-university-of-health-sciences-karachi-medical-universities-of-sindh-mdcat-2024-code-c-white-166-666,2024,Dow University of Health Sciences Karachi / Medical Universities of Sindh MDCAT 2024 — Code C White,,Physics,166,"The binding energy 0 is 2.3 MeV, its binding energy per nucleon will be:",0.51 MeV,0.2 MeV,1.02 MeV,1.1 MeV,1 MeV,D,official_answer_key,,ilovepdf_merged (3) (1).pdf,113
667,2024-dow-university-of-health-sciences-karachi-medical-universities-of-sindh-mdcat-2024-code-c-white-167-667,2024,Dow University of Health Sciences Karachi / Medical Universities of Sindh MDCAT 2024 — Code C White,,Physics,167,The mathematical relationship between Magnetic flux and magnetic flux density is:,Ag = (,(A)cos0 b) Ag = (B)(At) cos@),B= (Ag)(At) cos,B= (Ag)(At) Page 30 of 38,Ap = (B)(At),D,official_answer_key,,ilovepdf_merged (3) (1).pdf,113
668,2024-dow-university-of-health-sciences-karachi-medical-universities-of-sindh-mdcat-2024-code-c-white-168-668,2024,Dow University of Health Sciences Karachi / Medical Universities of Sindh MDCAT 2024 — Code C White,,Physics,168,"If the length of a simple pendulum is increased four times, its frequency:",Increases 2 times,Decreases 4 times,Remains the same,Increases 4 times,Decreases 2 times,A,official_answer_key,,ilovepdf_merged (3) (1).pdf,113
669,2024-dow-university-of-health-sciences-karachi-medical-universities-of-sindh-mdcat-2024-code-c-white-169-669,2024,Dow University of Health Sciences Karachi / Medical Universities of Sindh MDCAT 2024 — Code C White,,Physics,169,"In the equation of nuclear decay p! > n! + x, x is:*",Proton,Positron,Electron,Photon,Gamma ray,E,official_answer_key,,ilovepdf_merged (3) (1).pdf,113
670,2024-dow-university-of-health-sciences-karachi-medical-universities-of-sindh-mdcat-2024-code-c-white-171-670,2024,Dow University of Health Sciences Karachi / Medical Universities of Sindh MDCAT 2024 — Code C White,,Physics,171,The proton number of,nucleus i s after emission of: a) Negative B particle,Positive B particle,Proton,Alpha particle,Neutron,A,official_answer_key,,ilovepdf_merged (3) (1).pdf,114
671,2024-dow-university-of-health-sciences-karachi-medical-universities-of-sindh-mdcat-2024-code-c-white-172-671,2024,Dow University of Health Sciences Karachi / Medical Universities of Sindh MDCAT 2024 — Code C White,,Physics,172,XT = X/o is called:,Coulomb,Constant ofproportionality,Relative permittivity of the medium,Permittivity of the space,Permittivity of the medium Page 31 of 38,A,official_answer_key,,ilovepdf_merged (3) (1).pdf,114
672,2024-dow-university-of-health-sciences-karachi-medical-universities-of-sindh-mdcat-2024-code-c-white-173-672,2024,Dow University of Health Sciences Karachi / Medical Universities of Sindh MDCAT 2024 — Code C White,,Physics,173,Newton (N) is not the ST unit of:,Centripetal force,Tension,Coulomb's force,Friction,Momentum,C,official_answer_key,,ilovepdf_merged (3) (1).pdf,114
673,2024-dow-university-of-health-sciences-karachi-medical-universities-of-sindh-mdcat-2024-code-c-white-175-673,2024,Dow University of Health Sciences Karachi / Medical Universities of Sindh MDCAT 2024 — Code C White,,Physics,175,"In law of radioactive decay N >Nye“, the ratio ea called: 0 ”",Activity,Relative activity,Absolute activity,"Stability,",Decay constant,C,official_answer_key,,ilovepdf_merged (3) (1).pdf,115
674,2024-dow-university-of-health-sciences-karachi-medical-universities-of-sindh-mdcat-2024-code-c-white-176-674,2024,Dow University of Health Sciences Karachi / Medical Universities of Sindh MDCAT 2024 — Code C White,,Physics,176,"In Einstein's photoeléetri@equation hy = p+ eV,, the kinetic energy of photoelectrons is:","KE w= P+ eV, max",KE. a. =P-EeV),KLE = O— hv,"K.E,,,, =hv-@ max","K.E,,,, =hv-eV, max",B,official_answer_key,,ilovepdf_merged (3) (1).pdf,115
675,2024-dow-university-of-health-sciences-karachi-medical-universities-of-sindh-mdcat-2024-code-c-white-177-675,2024,Dow University of Health Sciences Karachi / Medical Universities of Sindh MDCAT 2024 — Code C White,,English,177,Spot the error in the given sentence: The stories that she makes up for the children ought to be written down and published.,For Page 32 of 38,Down,Ought,Stories,And,C,official_answer_key,,ilovepdf_merged (3) (1).pdf,115
676,2024-dow-university-of-health-sciences-karachi-medical-universities-of-sindh-mdcat-2024-code-c-white-178-676,2024,Dow University of Health Sciences Karachi / Medical Universities of Sindh MDCAT 2024 — Code C White,,English,178,"Read the passage and choose the best option: As the big door swung behind me, I heard the sound of a roar of laughter that went up to the roof of the bank. Since then I use a bank no more. I keep my money in my pocket and my savings in silver dollars in a sock. Q #:- Where did the writer put his savings in?",Pocket,Silver box,Bank,Pocket,Sock,E,official_answer_key,,ilovepdf_merged (3) (1).pdf,115
677,2024-dow-university-of-health-sciences-karachi-medical-universities-of-sindh-mdcat-2024-code-c-white-180-677,2024,Dow University of Health Sciences Karachi / Medical Universities of Sindh MDCAT 2024 — Code C White,,English,180,"Read the passage below andchoose the best option for the statement: John Keats (1795-1821) was bornan London and educated at the Enfield School, where a sympathetic headmaster inspired his passion for literature. After leaving school, he qualified himself for surgery but abandoned it for poetry. He published his first volume of verse in 1817 and “Endymion” in 1818. 1818 was indeed a tragic year for Keats. His brother Tom, whom he nursed devotedly through his last illness, died of Tuberculosis. Soon after his brother's death, Keats himself developed symptoms of the same disease. In a vain attempt to save his health and life, some of Keats' friends arranged for him to go to Italy. He died and was buried at Rome. His death at an early age was perhaps the greatest disaster to befall English poetry. Q#: John Keats and his brother died of this disease:",Diabetes,Alzheimer's disease,Pneumonia,Cancer,Tuberculosis Page 33 of 38,E,official_answer_key,,ilovepdf_merged (3) (1).pdf,116
678,2024-dow-university-of-health-sciences-karachi-medical-universities-of-sindh-mdcat-2024-code-c-white-181-678,2024,Dow University of Health Sciences Karachi / Medical Universities of Sindh MDCAT 2024 — Code C White,,English,181,"Choose the correct phrase for the sentence given below: The aero plane travelled 5,000 meters before it took on.",Take into,Took off,Take over,Took away,Take on,B,official_answer_key,,ilovepdf_merged (3) (1).pdf,116
679,2024-dow-university-of-health-sciences-karachi-medical-universities-of-sindh-mdcat-2024-code-c-white-182-679,2024,Dow University of Health Sciences Karachi / Medical Universities of Sindh MDCAT 2024 — Code C White,,English,182,Choose the best possible option from the given homophones: How will they get across the river if the is not running?,Furry,Fairly,Fairy,Ferry,Fury underlined word: ‘oops swiftly across thi,D,official_answer_key,,ilovepdf_merged (3) (1).pdf,116
680,2024-dow-university-of-health-sciences-karachi-medical-universities-of-sindh-mdcat-2024-code-c-white-184-680,2024,Dow University of Health Sciences Karachi / Medical Universities of Sindh MDCAT 2024 — Code C White,,English,184,"Choose the correct se or the underlined words in the paragraph below: With the invention of th nal computer and the internet, a new age in communications begins. Now people could communicate fastest and more easily than ever before. Writing, editing, and storing information became quick and easy. It was no longer necessary to write draft after draft when changes could be made so easily using a word processor program.",Longer — With — Faster — Writing — Editing — Word — Now,With — Faster — Writing — Editing — Longer — Word — Now,With — Now — Faster — Writing — Editing — Longer — Word,Editing — Now — Faster — Writing — Longer — Word,With — Now — Faster — Writing — Editing — Longer — Word,E,official_answer_key,,ilovepdf_merged (3) (1).pdf,116
681,2024-dow-university-of-health-sciences-karachi-medical-universities-of-sindh-mdcat-2024-code-c-white-186-681,2024,Dow University of Health Sciences Karachi / Medical Universities of Sindh MDCAT 2024 — Code C White,,English,186,Choose the best option: Some of the race teams were still looking for equipment.,Its,It’s,There,Their,It,E,official_answer_key,,ilovepdf_merged (3) (1).pdf,117
682,2024-dow-university-of-health-sciences-karachi-medical-universities-of-sindh-mdcat-2024-code-c-white-188-682,2024,Dow University of Health Sciences Karachi / Medical Universities of Sindh MDCAT 2024 — Code C White,,English,188,"Choose the correct pre In today's session, he rase for the sentence given below: the current situation of Pakistan.",Suffers from,Belongs to,Begs for,Compares with,Comments on,E,official_answer_key,,ilovepdf_merged (3) (1).pdf,117
683,2024-dow-university-of-health-sciences-karachi-medical-universities-of-sindh-mdcat-2024-code-c-white-189-683,2024,Dow University of Health Sciences Karachi / Medical Universities of Sindh MDCAT 2024 — Code C White,,English,189,Spot the error in the given sentence: The bushes on the corner make it difficult for the driver to see the traffic approaching from the write.,Write,For Page 35 of 38,Make,Approaching,Bushes,A,official_answer_key,,ilovepdf_merged (3) (1).pdf,117
684,2024-dow-university-of-health-sciences-karachi-medical-universities-of-sindh-mdcat-2024-code-c-white-190-684,2024,Dow University of Health Sciences Karachi / Medical Universities of Sindh MDCAT 2024 — Code C White,,English,190,Punctuate the following sentence: He said will you have time to play regularly,"He said, ""Will you have time to play regularly?""","He said, Will you have time to play regularly?","He said, “Will you have time to play regularly.”",He said ‘Will you have time to play regularly’.,"He said, ‘Will you have time to play regularly’.",E,official_answer_key,,ilovepdf_merged (3) (1).pdf,117
685,2024-dow-university-of-health-sciences-karachi-medical-universities-of-sindh-mdcat-2024-code-c-white-191-685,2024,Dow University of Health Sciences Karachi / Medical Universities of Sindh MDCAT 2024 — Code C White,,English,191,"Complete the main clause of the following sentence: If I went to Paris, j",I can see the Eiffel Tower,I must see the Eiffel Tower,I should see the Eiffel Tower,I could see the Eiffel Tower,I would see the Eiffel Tower,E,official_answer_key,,ilovepdf_merged (3) (1).pdf,118
686,2024-dow-university-of-health-sciences-karachi-medical-universities-of-sindh-mdcat-2024-code-c-white-192-686,2024,Dow University of Health Sciences Karachi / Medical Universities of Sindh MDCAT 2024 — Code C White,,English,192,"Correct the spelling & capitalization errors in the paragraph below: It was in korea, juned 953. [had been wounded, and they had strapt me on a stretcher and dumped me by the roadside to wait for an ambulance, ifhdidn‘t_pegg out first. I wanted to die anyway. I had nothing to live for,The pain was pretty bad, 1 guess I faintéd..When.Leame to, there was a korean girl sitting besideme. She was about fourteen; not pretty, of course; but friendly blue eyes and long plates hanging in front of her shoulders. She didn’t say anything? She just smiled. And I smiled back,",Korea June — Strapped — Roadsidé™.Peg — Pretty >Faimted— Korean — Sitting — Blue — Plaits — Shoulders,"Strapped,— Roadside — Peg — Pretty — Painted — Korean — Sitting — Blue — Plaits — Shoulders",Korea ~June — Peg — Pretty — Fainted — Korean “Sitting — Blue — Plaits — Shoulders,Korea — Strapped — Roadside — Peg ~ Sitting — Blue — Plaits — Shoulders,Korea — June — Strappeth= Pretty ~ Blue’ — Plaits — Shoulders,D,official_answer_key,,ilovepdf_merged (3) (1).pdf,118
687,2024-dow-university-of-health-sciences-karachi-medical-universities-of-sindh-mdcat-2024-code-c-white-193-687,2024,Dow University of Health Sciences Karachi / Medical Universities of Sindh MDCAT 2024 — Code C White,,English,193,Choose the correct form'of the tense: I would gladly have helped him if he me into confidence.,Took,Has taken,Had taken,Have taken,Takes,C,official_answer_key,,ilovepdf_merged (3) (1).pdf,118
688,2024-dow-university-of-health-sciences-karachi-medical-universities-of-sindh-mdcat-2024-code-c-white-194-688,2024,Dow University of Health Sciences Karachi / Medical Universities of Sindh MDCAT 2024 — Code C White,,English,194,Choose the correct preposition: The thief made an escape by ‘,Climbing up the wall,Climbing on the wall Page 36 of 38,Climbing to the wall,Climbing over the wall,Climbing into the wall LOGICAL REASONING,D,official_answer_key,,ilovepdf_merged (3) (1).pdf,118
689,2024-dow-university-of-health-sciences-karachi-medical-universities-of-sindh-mdcat-2024-code-c-white-195-689,2024,Dow University of Health Sciences Karachi / Medical Universities of Sindh MDCAT 2024 — Code C White,,Logical Reasoning,195,"Read the statement given, assume it is true, and select the correct course of action: A public sector television channel is worried about the quality of its programs and, considering the competition from several private sector television channels, has decided to provide some incentives in order to attract talent for its programs. Course of action:",Public sector television channel has decided to revise its fee structure for artists.,It should not revise its fee structure until the private sector channels do so. a) Both A and B follow b) Only A follows,Only B follows,Neither A nor B follows,Either A or B follows,B,official_answer_key,,ilovepdf_merged (3) (1).pdf,118
690,2024-dow-university-of-health-sciences-karachi-medical-universities-of-sindh-mdcat-2024-code-c-white-196-690,2024,Dow University of Health Sciences Karachi / Medical Universities of Sindh MDCAT 2024 — Code C White,,Logical Reasoning,196,"Parveen, Qadir, Rehan, Salim, and Tehmina are five people in a family. If Parveen isthe daughter of Qadir, Qadir is the son of Rehan, Rehan is the father of Salim, while‘Tehmina is the daughter of Parveen, then which ofthe following is true?",Rehan is the uncle of Parveen,Qadir is the grandfather of Parveen “A,Qadiras the daughter of Salim,Parveert is the sister of Tehmina,Parveen and Rehan aressisters,B,official_answer_key,,ilovepdf_merged (3) (1).pdf,119
691,2024-dow-university-of-health-sciences-karachi-medical-universities-of-sindh-mdcat-2024-code-c-white-198-691,2024,Dow University of Health Sciences Karachi / Medical Universities of Sindh MDCAT 2024 — Code C White,,Logical Reasoning,198,Read the two statements given and select the correct option,Advances in cancer chemotherapy have made more drugs available today.,A large number of cancer patients now have a better outcome. a) Both statements A andB are effects of some common cause. b) Statement A is the cause and statement B is the effect.,Both statements A andB are effects of independent causes. Page 37 of 38,Statement B is the cause and statement A is the effect.,Both statements A andB are independent causes.,B,official_answer_key,,ilovepdf_merged (3) (1).pdf,119
692,2024-dow-university-of-health-sciences-karachi-medical-universities-of-sindh-mdcat-2024-code-c-white-199-692,2024,Dow University of Health Sciences Karachi / Medical Universities of Sindh MDCAT 2024 — Code C White,,Logical Reasoning,199,Which number is a multiple of its digits?,21,44,52,24,13,D,official_answer_key,,ilovepdf_merged (3) (1).pdf,119
693,2024-dow-university-of-health-sciences-karachi-medical-universities-of-sindh-mdcat-2024-code-c-white-200-693,2024,Dow University of Health Sciences Karachi / Medical Universities of Sindh MDCAT 2024 — Code C White,,Logical Reasoning,200,"Look at the alphabets below. Identify the pattern and choos next: VSA, WRD, XQG, YPJ,",VIC,TLK,MOZ he correct option that should follow,ZOM,ZNE Page 38 of 38,D,official_answer_key,,ilovepdf_merged (3) (1).pdf,119
694,2024-uhs-mdcat-2024-id-a-1-694,2024,UHS MDCAT 2024 — ID-A,,Biology,1,Example of viruses having a polyhedral capsid that is with 252 capsomeres is:,Adenovirus,Tobacco Mosaic Virus,Influenza virus,Bacteriophage,,A,official_answer_key,,ilovepdf_merged (3) (1).pdf,131
695,2024-uhs-mdcat-2024-id-a-3-695,2024,UHS MDCAT 2024 — ID-A,,Biology,3,The causative organism of measles is,Poxivirus,Paporivirus,Picornovirus,Paramyxovirus Page 1 of 17,,D,official_answer_key,,ilovepdf_merged (3) (1).pdf,131
696,2024-uhs-mdcat-2024-id-a-4-696,2024,UHS MDCAT 2024 — ID-A,,Biology,4,"In the life cycle of a bacteriophage, the lysozymes are required in which of the following steps of infection process:",Genome injection,Penetration,Replication,Adsorption,,B,official_answer_key,,ilovepdf_merged (3) (1).pdf,131
697,2024-uhs-mdcat-2024-id-a-5-697,2024,UHS MDCAT 2024 — ID-A,,Biology,5,is transmitted through infected blood and hypodermic syringes,HIV,Influenza Virus,Morbilli Virus (Measles),Vibrio Cholerae (Cholera),,A,official_answer_key,,ilovepdf_merged (3) (1).pdf,131
698,2024-uhs-mdcat-2024-id-a-6-698,2024,UHS MDCAT 2024 — ID-A,,Biology,6,"In Calvin cycle CO, reacts with RuBP to produce .",3-PGA,G3P,6-Carbon unstable intermediate,"1,3 bisphosphglycerate",,C,official_answer_key,,ilovepdf_merged (3) (1).pdf,131
699,2024-uhs-mdcat-2024-id-a-7-699,2024,UHS MDCAT 2024 — ID-A,,Biology,7,Which option is correct about a chlorophyll molecule?,Chemical formula C55 H7 Og N4aMg,Porphyrin ring with nitrogen in centre,Methyl group on second pyrrole ring,Aldehyde group on second pyrrole ring,,A,official_answer_key,,ilovepdf_merged (3) (1).pdf,131
700,2024-uhs-mdcat-2024-id-a-8-700,2024,UHS MDCAT 2024 — ID-A,,Biology,8,In the journey of electrons from photosystem II to photosystem I plastocyanine is reduced by,Plastoquinone,Cytochrome complex,P70,Primary electron acceptor of PSI,,B,official_answer_key,,ilovepdf_merged (3) (1).pdf,131
701,2024-uhs-mdcat-2024-id-a-9-701,2024,UHS MDCAT 2024 — ID-A,,Biology,9,Enzyme NADP reductase is responsible for:,Reducing NADP*,Oxidizing NADP *,Reducing Ferredoxin,Reducing Pyo0,,A,official_answer_key,,ilovepdf_merged (3) (1).pdf,131
702,2024-uhs-mdcat-2024-id-a-10-702,2024,UHS MDCAT 2024 — ID-A,,Biology,10,The PS II during light reactions receives electrons from splitting,Water,Plastoquinone,Plastocyanin,Ferridoxin,,A,official_answer_key,,ilovepdf_merged (3) (1).pdf,131
703,2024-uhs-mdcat-2024-id-a-11-703,2024,UHS MDCAT 2024 — ID-A,,Biology,11,Mono-saccharides have a general formula represented by,Cn(H20)n,C(H20)n,C(H20)n,C'(H20)n,,B,official_answer_key,,ilovepdf_merged (3) (1).pdf,131
704,2024-uhs-mdcat-2024-id-a-12-704,2024,UHS MDCAT 2024 — ID-A,,Biology,12,What is the percentage of H.0 in bone cells?,70%,20%,99%,60%,,B,official_answer_key,,ilovepdf_merged (3) (1).pdf,131
705,2024-uhs-mdcat-2024-id-a-13-705,2024,UHS MDCAT 2024 — ID-A,,Biology,13,"When glycerol reacts with fatty acid, which type of chemical bond will form?",Ester Bond,Ether Linkage,Hydrogen Bond,Ionic Bond,,A,official_answer_key,,ilovepdf_merged (3) (1).pdf,131
706,2024-uhs-mdcat-2024-id-a-14-706,2024,UHS MDCAT 2024 — ID-A,,Biology,14,Polysaccharides in plants are synthesized by the process of,Hydrolysis,Oxidation,Condensation,Glycolysis Which of the following process is involved in breakdown of protein into Amino acids?,,C,official_answer_key,,ilovepdf_merged (3) (1).pdf,131
707,2024-uhs-mdcat-2024-id-a-15-707,2024,UHS MDCAT 2024 — ID-A,,Biology,15,UHS MDCAT 2024 BIOLOGY Example of viruses having a polyhedral capsid that is with 252 capsomeres is:,Adenovirus C. Influenza virus,"Tobacco Mosaic Virus D. Bacteriophage The complete, mature & infectious particle of virus is known as: A. Genome",Prion B. Capsomere,"Envelope The causative organism of measles is A. Poxivirus C. Picornovirus B. Paporivirus D. Paramyxovirus Page 1 of 17 In the life cycle of a bacteriophage, the lysozymes are required in which of the following steps of infection process? A. Genome injection C. Replication B. Penetration D. Adsorption is transmitted through infected blood and hypodermic syringes A. HIV C. Morbilli Virus (Measles) B. Influenza Virus D. Vibrio Cholerae (Cholera) In Calvin cycle CO, reacts with RuBP to produce. A. 3-PGA C. 6-Carbon unstable intermediate B. G3P D. 1,3 bisphosphglycerate Which option is correct about a chlorophyll molecule? A. Chemical formula C55 H7 Og N4aMg C. Methyl group on second pyrrole ring B. Porphyrin ring with nitrogen in centre D. Aldehyde group on second pyrrole ring In the journey of electrons from photosystem II to photosystem I plastocyanine is reduced by A. Plastoquinone C. P70 B. Cytochrome complex D. Primary electron acceptor of PSI Enzyme NADP reductase is responsible for: A. Reducing NADP* C. Reducing Ferredoxin B. Oxidizing NADP * D. Reducing Pyo0 The PS II during light reactions receives electrons from splitting A. Water C. Plastocyanin B. Plastoquinone D. Ferridoxin Mono-saccharides have a general formula represented by A. Cn(H20)n C. C(H20)n B. C(H20)n D. C'(H20)n What is the percentage of H.0 in bone cells? A. 70% C. 99% B. 20% D. 60% When glycerol reacts with fatty acid, which type of chemical bond will form? A. Ester Bond C. Hydrogen Bond B. Ether Linkage D. Ionic Bond Polysaccharides in plants are synthesized by the process of A. Hydrolysis C. Condensation B. Oxidation D. Glycolysis Which of the following process is involved in breakdown of protein into Amino acids? A. Condensation C. Glycolysis MDCAT 2024 -A",,B,official_answer_key,,ilovepdf_merged (3) (1).pdf,132
708,2024-uhs-mdcat-2024-id-a-16-708,2024,UHS MDCAT 2024 — ID-A,,Biology,16,"16. 17. 18. 19, 20. 21, 22. 23. 24. 25. 26. 27. 28. 29, 30. B. Hydrolysis D. Fixation The hydrophilic end of phospholipid molecule is polar because of the presence of",Glycerol,Amine group,Fatty Acid,Phosphate group,,D,official_answer_key,,ilovepdf_merged (3) (1).pdf,132
709,2024-uhs-mdcat-2024-id-a-17-709,2024,UHS MDCAT 2024 — ID-A,,Biology,17,Which monosaccharide will from a gluco pyranose ring in solution?,Fructose,Glucose,Ribose,Deoxyribose,,B,official_answer_key,,ilovepdf_merged (3) (1).pdf,132
710,2024-uhs-mdcat-2024-id-a-19-710,2024,UHS MDCAT 2024 — ID-A,,Biology,19,Which of the following is the function of Golgi Complex?,Intracellular digestion,Autophagy,Autolysis,Processing of cell secretions,,D,official_answer_key,,ilovepdf_merged (3) (1).pdf,132
711,2024-uhs-mdcat-2024-id-a-20-711,2024,UHS MDCAT 2024 — ID-A,,Biology,20,The nucleus takes dyes due to the presence of,Chromatin,Lipid,Metal ions,Thylakoids,,A,official_answer_key,,ilovepdf_merged (3) (1).pdf,132
712,2024-uhs-mdcat-2024-id-a-21-712,2024,UHS MDCAT 2024 — ID-A,,Biology,21,The organelles only found at seeding stage in oil seed plants are,Peroxiosomes,Glyoxiosomes,Microbodies,Vacuoles,,B,official_answer_key,,ilovepdf_merged (3) (1).pdf,132
713,2024-uhs-mdcat-2024-id-a-22-713,2024,UHS MDCAT 2024 — ID-A,,Biology,22,Posterior lobe of pituitary produce,Antidiuretic Hormone (ADH),Thyroid Stimulating Hormone (TSH),Adreno Corticufrotric Hormone (ACH),Follicle Stimulating Hormone (FSH),,A,official_answer_key,,ilovepdf_merged (3) (1).pdf,132
714,2024-uhs-mdcat-2024-id-a-23-714,2024,UHS MDCAT 2024 — ID-A,,Biology,23,In human myelinated fibers nerve impulse travels at. meters per second.,100-120,130-150,160-180,190-210,,A,official_answer_key,,ilovepdf_merged (3) (1).pdf,132
715,2024-uhs-mdcat-2024-id-a-24-715,2024,UHS MDCAT 2024 — ID-A,,Biology,24,Nissl’s granules are groups of,Mesosomes,Lysosomes,Ribosomes,Chromosome,,C,official_answer_key,,ilovepdf_merged (3) (1).pdf,132
716,2024-uhs-mdcat-2024-id-a-25-716,2024,UHS MDCAT 2024 — ID-A,,Biology,25,"During non-conducting state, the neuron membrane is permeable to efflux of",K*,Nat,Ca*,cl,,A,official_answer_key,,ilovepdf_merged (3) (1).pdf,132
717,2024-uhs-mdcat-2024-id-a-26-717,2024,UHS MDCAT 2024 — ID-A,,Biology,26,Which of the following neurotransmitters is lying outside the central nervous system?,Acetylcholine,Endorphins,Dopamine,Gamma — aminobutyric acid,,A,official_answer_key,,ilovepdf_merged (3) (1).pdf,132
718,2024-uhs-mdcat-2024-id-a-27-718,2024,UHS MDCAT 2024 — ID-A,,Biology,27,Depolarization during conduction of nerve impulse is due to,Inward movement of Na*,Inward movement of K*,Outward movement of K*,Outward movement of Na*,,A,official_answer_key,,ilovepdf_merged (3) (1).pdf,132
719,2024-uhs-mdcat-2024-id-a-28-719,2024,UHS MDCAT 2024 — ID-A,,Biology,28,Which of the following is NOT a feature of Autonomic Nervous System?,Regulate response of visceral organs,Regulate response of skeletal muscles,Regulate response of glands,Regulate response of smooth muscles,,B,official_answer_key,,ilovepdf_merged (3) (1).pdf,133
720,2024-uhs-mdcat-2024-id-a-29-720,2024,UHS MDCAT 2024 — ID-A,,Biology,29,Taste receptor is an example of,Mechano receptors,Nociceptors,Photo receptors,Chemo receptors Which of the following belongs to chordates,,D,official_answer_key,,ilovepdf_merged (3) (1).pdf,133
721,2024-uhs-mdcat-2024-id-a-30-721,2024,UHS MDCAT 2024 — ID-A,,Biology,30,B. Hydrolysis D. Fixation The hydrophilic end of phospholipid molecule is polar because of the presence of,Glycerol C. Fatty Acid,Amine group D. Phosphate group Which monosaccharide will from a gluco pyranose ring in solution? A. Fructose,Ribose B. Glucose,Deoxyribose Chloroplast are membrane bound bodies containing A. Enzymes C. Pigment B. Cisternae D. Cristae,,C,official_answer_key,,ilovepdf_merged (3) (1).pdf,133
722,2024-uhs-mdcat-2024-id-a-32-722,2024,UHS MDCAT 2024 — ID-A,,Biology,32,Induced fit model of enzyme activity suggests that an enzyme,Cannot modify its active sites,Can bind to a single substrate,Can catalyze related reaction,Usually belongs to non-regulatory enzyme,,C,official_answer_key,,ilovepdf_merged (3) (1).pdf,133
723,2024-uhs-mdcat-2024-id-a-34-723,2024,UHS MDCAT 2024 — ID-A,,Biology,34,The change in frequency of alleles at a locus that occurs by chance is known as:,Mutation,Genetic Drift,Non Random mating,Speciation,,B,official_answer_key,,ilovepdf_merged (3) (1).pdf,133
724,2024-uhs-mdcat-2024-id-a-35-724,2024,UHS MDCAT 2024 — ID-A,,Biology,35,Identify the correct pair of vestigial organs:,Ear Muscles & Vermiform appendix,Heart & Liver,Ear Muscles & Liver,Vermiform appendix & Heart,,A,official_answer_key,,ilovepdf_merged (3) (1).pdf,133
725,2024-uhs-mdcat-2024-id-a-36-725,2024,UHS MDCAT 2024 — ID-A,,Biology,36,Which of the following increases variation within a gene pool?,Chromosome inversion,Crossing over,Gene mutation,Random fusion of gametes,,C,official_answer_key,,ilovepdf_merged (3) (1).pdf,133
726,2024-uhs-mdcat-2024-id-a-37-726,2024,UHS MDCAT 2024 — ID-A,,Biology,37,Which of the following statements about natural selection is not true?,It affects variations that are heritable,Itis selected by a breeder,It can improve the adaptation of species,It is regional in nature,,B,official_answer_key,,ilovepdf_merged (3) (1).pdf,133
727,2024-uhs-mdcat-2024-id-a-38-727,2024,UHS MDCAT 2024 — ID-A,,Biology,38,The formula calculating the frequency of genotypes and alleles in a population gene pool is known as:,Hardy-Weinberg Equation,Lamarck Equation,Darwin Equation,James Hutton Equation,,A,official_answer_key,,ilovepdf_merged (3) (1).pdf,133
728,2024-uhs-mdcat-2024-id-a-39-728,2024,UHS MDCAT 2024 — ID-A,,Biology,39,The idea of inheritance of acquired characteristics was presented by:,Jean Baptist Lamarck,Charles Darwin,Thomas Malthus,Alfred Wallace,,A,official_answer_key,,ilovepdf_merged (3) (1).pdf,133
729,2024-uhs-mdcat-2024-id-a-40-729,2024,UHS MDCAT 2024 — ID-A,,Biology,40,"According to endosymbiosis theory, flagella may have derived by the ingestion of prokaryotes similar to",Amoeboid prokaryote,Aerobic bacterium,Spirochete,Spirillum,,C,official_answer_key,,ilovepdf_merged (3) (1).pdf,133
730,2024-uhs-mdcat-2024-id-a-41-730,2024,UHS MDCAT 2024 — ID-A,,Biology,41,Insulin converts glucose into,Vitamins,Minerals,Lipids,Cortisone,,C,official_answer_key,,ilovepdf_merged (3) (1).pdf,134
731,2024-uhs-mdcat-2024-id-a-42-731,2024,UHS MDCAT 2024 — ID-A,,Biology,42,About 70% of the carbon dioxide is carried in blood as:,Carbonate,Bicarbonate,Tricarbonate,Carbonic anhydrase,,B,official_answer_key,,ilovepdf_merged (3) (1).pdf,134
732,2024-uhs-mdcat-2024-id-a-43-732,2024,UHS MDCAT 2024 — ID-A,,Biology,43,Range of normal total lung capacity in humans is,5-6 liter,8-9 liter,10-11 liter,12-13 liter,,A,official_answer_key,,ilovepdf_merged (3) (1).pdf,134
733,2024-uhs-mdcat-2024-id-a-44-733,2024,UHS MDCAT 2024 — ID-A,,Biology,44,Respiration in Pseudomonas bacteria is,Aerobic,Anaerobic,Facultative,Microaerophilli,,A,official_answer_key,,ilovepdf_merged (3) (1).pdf,134
734,2024-uhs-mdcat-2024-id-a-45-734,2024,UHS MDCAT 2024 — ID-A,,Biology,45,Autotrophic mode of nutrition in organism depends upon,Saprotrophic mode,Parasitic mode,Photosynthesis mode,Obligate mode MDCAT 2024 -A,,C,official_answer_key,,ilovepdf_merged (3) (1).pdf,134
735,2024-uhs-mdcat-2024-id-a-46-735,2024,UHS MDCAT 2024 — ID-A,,Biology,46,Prokaryotic cells lack,Mesosomes,Ribosomes,Storage bodies,Membrane bound organelles,,D,official_answer_key,,ilovepdf_merged (3) (1).pdf,134
736,2024-uhs-mdcat-2024-id-a-47-736,2024,UHS MDCAT 2024 — ID-A,,Biology,47,Bacterial genome becomes diploid:,After fertilization of gametes,Before spore formation,During binary fission,After binary fission,,C,official_answer_key,,ilovepdf_merged (3) (1).pdf,134
737,2024-uhs-mdcat-2024-id-a-48-737,2024,UHS MDCAT 2024 — ID-A,,Biology,48,One of the following is CORRECT regarding flagella:,Made up of macrofilaments,Contains centriole,Originates from basal bodies,They are immotile,,C,official_answer_key,,ilovepdf_merged (3) (1).pdf,134
738,2024-uhs-mdcat-2024-id-a-49-738,2024,UHS MDCAT 2024 — ID-A,,Biology,49,Which option is CORRECT about endospore?,Has a short dormant period,Contains moisture for survival,Metabolically actively,Endures extreme condition,,D,official_answer_key,,ilovepdf_merged (3) (1).pdf,134
739,2024-uhs-mdcat-2024-id-a-50-739,2024,UHS MDCAT 2024 — ID-A,,Biology,50,Bacteria divide at exponential rate during which growth phase?,Lag,Log,Stationary,Decline,,B,official_answer_key,,ilovepdf_merged (3) (1).pdf,134
740,2024-uhs-mdcat-2024-id-a-51-740,2024,UHS MDCAT 2024 — ID-A,,Biology,51,Mesosomes are the invagination of bacterial cell structure,Cell wall,Cell membrane,Plasmid,Cysts,,B,official_answer_key,,ilovepdf_merged (3) (1).pdf,134
741,2024-uhs-mdcat-2024-id-a-52-741,2024,UHS MDCAT 2024 — ID-A,,Biology,52,Female reproductive system consists all of the following EXCEPT,Ovaries,Oviduct,Cervix,Seminiferous tubules,,D,official_answer_key,,ilovepdf_merged (3) (1).pdf,134
742,2024-uhs-mdcat-2024-id-a-53-742,2024,UHS MDCAT 2024 — ID-A,,Biology,53,Which one of the following hormone is responsible for the labor pains in human female at the time of birth of baby?,Estrogen,Progesterone,Oxytocin,Corticosteroid,,C,official_answer_key,,ilovepdf_merged (3) (1).pdf,134
743,2024-uhs-mdcat-2024-id-a-54-743,2024,UHS MDCAT 2024 — ID-A,,Biology,54,"Fluid secreted by sertoli cells provides liquid medium, protection and nourishment to:",Oocyte,Sperms,Polar body,Spermatogonia,,B,official_answer_key,,ilovepdf_merged (3) (1).pdf,134
744,2024-uhs-mdcat-2024-id-a-55-744,2024,UHS MDCAT 2024 — ID-A,,Biology,55,Corpus luteum during female reproductive cycle produces,Testosterone,Follicle stimulating hormone,. Luteinizing Hormone,Progesterone,,D,official_answer_key,,ilovepdf_merged (3) (1).pdf,135
745,2024-uhs-mdcat-2024-id-a-56-745,2024,UHS MDCAT 2024 — ID-A,,Biology,56,Due to the process of follicle atresia:,Follicles reach maximum size,Follicle degenerates,Graafian follicle ovulates,Follicle starts to mature,,B,official_answer_key,,ilovepdf_merged (3) (1).pdf,135
746,2024-uhs-mdcat-2024-id-a-57-746,2024,UHS MDCAT 2024 — ID-A,,Biology,57,Main function of the epididymis is to:,Transport sperms,Connect with urethra,Produce semen,Hold the process of spermatogenesis,,A,official_answer_key,,ilovepdf_merged (3) (1).pdf,135
747,2024-uhs-mdcat-2024-id-a-58-747,2024,UHS MDCAT 2024 — ID-A,,Biology,58,Immediate next stage of spermatogonia differentiation is:,Secondary spermatocyte,Spermatids,Primary spermatocytes,Sperms,,C,official_answer_key,,ilovepdf_merged (3) (1).pdf,135
748,2024-uhs-mdcat-2024-id-a-59-748,2024,UHS MDCAT 2024 — ID-A,,Biology,59,Which of the following is included in paired cranial bones?,Temporal,Occipital,Frontal,Vomer,,A,official_answer_key,,ilovepdf_merged (3) (1).pdf,135
749,2024-uhs-mdcat-2024-id-a-60-749,2024,UHS MDCAT 2024 — ID-A,,Biology,60,Which of the following skeletal disorder is an example of autoimmune disorder?,Sciatica,Spondylosis,Rheumatoid arthritis,Rickets,,C,official_answer_key,,ilovepdf_merged (3) (1).pdf,135
750,2024-uhs-mdcat-2024-id-a-61-750,2024,UHS MDCAT 2024 — ID-A,,Biology,61,Which feature is possessed by smooth muscles?,Voluntary,Branched,Uni-nucleate,Striated appearance,,C,official_answer_key,,ilovepdf_merged (3) (1).pdf,135
751,2024-uhs-mdcat-2024-id-a-62-751,2024,UHS MDCAT 2024 — ID-A,,Biology,62,The accumulationof‘lactic acid’ in the muscles results in,Extreme fatigue,Muscle contraction,Paralysis,Convulsion,,A,official_answer_key,,ilovepdf_merged (3) (1).pdf,135
752,2024-uhs-mdcat-2024-id-a-63-752,2024,UHS MDCAT 2024 — ID-A,,Biology,63,Thick filaments in skeletal muscles are composed of:,Actin,Myosin,Tropomyosin,Troponin,,B,official_answer_key,,ilovepdf_merged (3) (1).pdf,135
753,2024-uhs-mdcat-2024-id-a-64-753,2024,UHS MDCAT 2024 — ID-A,,Biology,64,Sarcomere is part of myofibril between:,Two I bands,Two A bands,Two M lines,TwoZ lines,,D,official_answer_key,,ilovepdf_merged (3) (1).pdf,135
754,2024-uhs-mdcat-2024-id-a-65-754,2024,UHS MDCAT 2024 — ID-A,,Biology,65,Medulla Oblongata is a part of:,Forebrain,Mid brain,Hind brain,Hippocampus,,C,official_answer_key,,ilovepdf_merged (3) (1).pdf,135
755,2024-uhs-mdcat-2024-id-a-66-755,2024,UHS MDCAT 2024 — ID-A,,Biology,66,Which of the following is NOT a bone of upper limb?,Humerus,Ulna,Femur,Radius,,C,official_answer_key,,ilovepdf_merged (3) (1).pdf,135
756,2024-uhs-mdcat-2024-id-a-67-756,2024,UHS MDCAT 2024 — ID-A,,Biology,67,Bone forming cells are,Osteoblasts,Osteocytes,Osteoclasts,Osteons,,A,official_answer_key,,ilovepdf_merged (3) (1).pdf,135
757,2024-uhs-mdcat-2024-id-a-68-757,2024,UHS MDCAT 2024 — ID-A,,Biology,68,The chromosomes was first observed by;,T.H Morgan,Griffith,Walther,Mendel CHEMISTRY,,C,official_answer_key,,ilovepdf_merged (3) (1).pdf,136
758,2024-uhs-mdcat-2024-id-a-69-758,2024,UHS MDCAT 2024 — ID-A,,Chemistry,69,Number of moles in an element is directly proportional to:,Mass of an element,Empirical formula mass,Molar mass of an element,Formula mass,,A,official_answer_key,,ilovepdf_merged (3) (1).pdf,136
759,2024-uhs-mdcat-2024-id-a-70-759,2024,UHS MDCAT 2024 — ID-A,,Chemistry,70,The type and relative amount of each isotope in an element can be found by:,R spectroscopy,U. V spectroscopy,Mass Spectrometry,N.M.R,,C,official_answer_key,,ilovepdf_merged (3) (1).pdf,136
760,2024-uhs-mdcat-2024-id-a-71-760,2024,UHS MDCAT 2024 — ID-A,,Chemistry,71,The atomic masses of element depend upon:,Atomic number,Number of electrons,Number of isopotes & their abundance,None of the above,,D,official_answer_key,,ilovepdf_merged (3) (1).pdf,136
761,2024-uhs-mdcat-2024-id-a-72-761,2024,UHS MDCAT 2024 — ID-A,,Chemistry,72,No individual atom in the sample of 1 mole of Neon has a mass of 20.18,m.u. because it is: A. Overall mass of an isobar,Itis a fractional mass,Itis molar mass of Ne,Average atomic mass of Ne,,D,official_answer_key,,ilovepdf_merged (3) (1).pdf,136
762,2024-uhs-mdcat-2024-id-a-73-762,2024,UHS MDCAT 2024 — ID-A,,Chemistry,73,The p orbital has,2 lobes,3 lobes,4 lobes,5 lobes,,A,official_answer_key,,ilovepdf_merged (3) (1).pdf,136
763,2024-uhs-mdcat-2024-id-a-74-763,2024,UHS MDCAT 2024 — ID-A,,Chemistry,74,Which of the following electronic configuration is correct for carbon?,1s?2s?2p3,1s?2s?2p*,1s?2s?2p?,1s?2s?2p!,,C,official_answer_key,,ilovepdf_merged (3) (1).pdf,136
764,2024-uhs-mdcat-2024-id-a-75-764,2024,UHS MDCAT 2024 — ID-A,,Chemistry,75,Intermolecular forces between molecules of ideal gas are,Strong,Moderate,Weak,Absent,,D,official_answer_key,,ilovepdf_merged (3) (1).pdf,136
765,2024-uhs-mdcat-2024-id-a-76-765,2024,UHS MDCAT 2024 — ID-A,,Chemistry,76,The correct ideal gas equation is,ql=nkRt,pl=nkt,gl¥=nkt,yl=nkt,,B,official_answer_key,,ilovepdf_merged (3) (1).pdf,136
766,2024-uhs-mdcat-2024-id-a-78-766,2024,UHS MDCAT 2024 — ID-A,,Chemistry,78,"In order to boil water at 110°C, external pressure should be",200–760 torr,760–1200 torr,665–670 torr,660–700 torr,,B,official_answer_key,,ilovepdf_merged (3) (1).pdf,136
767,2024-uhs-mdcat-2024-id-a-80-767,2024,UHS MDCAT 2024 — ID-A,,Chemistry,80,Boiling point of a liquid is a temperature at which:,Surface tension is greater than the atmospheric,Viscosity is less than the atmospheric pressure,Vapour pressure equals the atmospheric pressure pressure,Viscosity equals the atmospheric pressure,,C,official_answer_key,,ilovepdf_merged (3) (1).pdf,136
768,2024-uhs-mdcat-2024-id-a-81-768,2024,UHS MDCAT 2024 — ID-A,,Chemistry,81,Whenever the crystalline solids are broken they do so along definite planes known as:,Cleavage planes,Refractory planes,Sagittal planes,Coronal planes,,A,official_answer_key,,ilovepdf_merged (3) (1).pdf,137
769,2024-uhs-mdcat-2024-id-a-82-769,2024,UHS MDCAT 2024 — ID-A,,Chemistry,82,One of the following is NOT an example of amorphous solids,Plastic,Glass,Glucose,Rubber,,C,official_answer_key,,ilovepdf_merged (3) (1).pdf,137
770,2024-uhs-mdcat-2024-id-a-83-770,2024,UHS MDCAT 2024 — ID-A,,Chemistry,83,In graphite the carbon atoms are arranged in which of the following structure?,Rhombic,Hexagonal,Tetragonal,Trigonal,,B,official_answer_key,,ilovepdf_merged (3) (1).pdf,137
771,2024-uhs-mdcat-2024-id-a-84-771,2024,UHS MDCAT 2024 — ID-A,,Chemistry,84,The principle that states that if a stress is applied to a system at equilibrium the system nullify the effect of stress as far as possible is:,Haber's,Le-Chatelier,Boyle's,Charles’,,B,official_answer_key,,ilovepdf_merged (3) (1).pdf,137
772,2024-uhs-mdcat-2024-id-a-85-772,2024,UHS MDCAT 2024 — ID-A,,Chemistry,85,Identify the CORRECT option required for the maximum yield of ammonia by Haber’s process:,High pressure low temperature continual removal of =,Low pressure low temperature continual removal of |,High pressure high temperature continual removal of ammonia ammonia,High pressure low temperature continual addition of,,A,official_answer_key,,ilovepdf_merged (3) (1).pdf,137
773,2024-uhs-mdcat-2024-id-a-88-773,2024,UHS MDCAT 2024 — ID-A,,Chemistry,88,of substance of substance Consider the hypothetical equation aA + bB — cC+Dd: Which of the following represents correct rate equation?,Rate = k[A][B],Rate = k[A}[B]>,Rate = k[A]?,Rate = k[B}?,,B,official_answer_key,,ilovepdf_merged (3) (1).pdf,137
774,2024-uhs-mdcat-2024-id-a-89-774,2024,UHS MDCAT 2024 — ID-A,,Chemistry,89,If a reaction rate does not change with concentration then it is,3 order,2°4 order,1% order,Zero order,,D,official_answer_key,,ilovepdf_merged (3) (1).pdf,137
775,2024-uhs-mdcat-2024-id-a-90-775,2024,UHS MDCAT 2024 — ID-A,,Chemistry,90,Which of the following is CORRECT Arrhenius equation?,K=Ae €a/QT,K=Ae ~Ea/RT,K=Ae -€/ST,K=Ae a/UT,,B,official_answer_key,,ilovepdf_merged (3) (1).pdf,137
776,2024-uhs-mdcat-2024-id-a-91-776,2024,UHS MDCAT 2024 — ID-A,,Chemistry,91,"In endothermic reaction, the heat content of the",Reactants and products is equal,Reactants is more than that of products,Products is more than that of reactants,Reactants & Products will not change,,C,official_answer_key,,ilovepdf_merged (3) (1).pdf,137
777,2024-uhs-mdcat-2024-id-a-92-777,2024,UHS MDCAT 2024 — ID-A,,Chemistry,92,All of the following steps are used to calculate the lattice energy in Born-Haber cycle EXCEPT,Atomizing the metal,Ionizing the metal,Deionize the metal,Ionize non metal,,C,official_answer_key,,ilovepdf_merged (3) (1).pdf,137
778,2024-uhs-mdcat-2024-id-a-93-778,2024,UHS MDCAT 2024 — ID-A,,Chemistry,93,The enthalpy change wheni Mole of water is formed by the reaction of acid with an alkali under standard conditions is known as:,Enthalpy of formation,Enthalpy of reaction,Enthalpy of combustion,Enthalpy of neutralization,,D,official_answer_key,,ilovepdf_merged (3) (1).pdf,137
779,2024-uhs-mdcat-2024-id-a-95-779,2024,UHS MDCAT 2024 — ID-A,,Chemistry,95,Which step is irrelevant with respect to balancing of redox equations by oxidation number method?,Split the reaction into two half reactions,Assign oxidation number to all the atoms involved in,Identify the element undergoing a change in oxidation number,Equalize the number of electrons lost and gained the equation,,A,official_answer_key,,ilovepdf_merged (3) (1).pdf,138
780,2024-uhs-mdcat-2024-id-a-96-780,2024,UHS MDCAT 2024 — ID-A,,Chemistry,96,Which of the following is NOT a correct feature of electrolytic cells?,Reduction occurs at cathode,Oxidation occurs at anode,Alternating current source is connected to electrodes,Electrochemical reaction takes place,,C,official_answer_key,,ilovepdf_merged (3) (1).pdf,138
781,2024-uhs-mdcat-2024-id-a-97-781,2024,UHS MDCAT 2024 — ID-A,,Chemistry,97,Which of the following has a coordinate bond?,Nacl,CaO,NH3BF3,H20,,C,official_answer_key,,ilovepdf_merged (3) (1).pdf,138
782,2024-uhs-mdcat-2024-id-a-98-782,2024,UHS MDCAT 2024 — ID-A,,Chemistry,98,Which of the following is NOT a feature of Valence Shell Electron Pair Repulsion theory?,It determines the shape of molecule,Pairs of electrons repel each other,It helps in understanding interaction of medicinal drug molecules,Only lone pairs participate in determining geometry of molecules,,D,official_answer_key,,ilovepdf_merged (3) (1).pdf,138
783,2024-uhs-mdcat-2024-id-a-100-783,2024,UHS MDCAT 2024 — ID-A,,Chemistry,100,The difference of lithium from the other alkali metals is mainly because of:,Large radius and low charge density,Small radius and low charge density,Large radius and high charge density,Small radius and high charge density,,D,official_answer_key,,ilovepdf_merged (3) (1).pdf,138
784,2024-uhs-mdcat-2024-id-a-101-784,2024,UHS MDCAT 2024 — ID-A,,Chemistry,101,Which of the following is not Basic in nature,Aluminum oxide,Magnesium oxide,Potassium oxide,Sodium oxide,,A,official_answer_key,,ilovepdf_merged (3) (1).pdf,138
785,2024-uhs-mdcat-2024-id-a-102-785,2024,UHS MDCAT 2024 — ID-A,,Chemistry,102,The solubility of sulphates of alkaline metals generally,Increase down the group,Decrease down the group,Increase then decrease down the group,Doesn’t change down the group,,B,official_answer_key,,ilovepdf_merged (3) (1).pdf,138
786,2024-uhs-mdcat-2024-id-a-103-786,2024,UHS MDCAT 2024 — ID-A,,Chemistry,103,Which of the following is NOT an Alloy,Steel,Brass,Bronze,Graphite,,D,official_answer_key,,ilovepdf_merged (3) (1).pdf,138
787,2024-uhs-mdcat-2024-id-a-104-787,2024,UHS MDCAT 2024 — ID-A,,Chemistry,104,Electronic configuration of chromium (Proton number 24) is:,[Ar] 3d4 4s?,[Ar] 3d5 4s?,[Ar] 3d> 4s!,[Ar] 3d® 4s?,,C,official_answer_key,,ilovepdf_merged (3) (1).pdf,138
788,2024-uhs-mdcat-2024-id-a-105-788,2024,UHS MDCAT 2024 — ID-A,,Chemistry,105,Which of the following is NOT a property of transition elements?,High melting points,Good conductors of electricity,Hard metals,Ions and compounds are colorless MDCAT 2024 -A,,D,official_answer_key,,ilovepdf_merged (3) (1).pdf,138
789,2024-uhs-mdcat-2024-id-a-106-789,2024,UHS MDCAT 2024 — ID-A,,Chemistry,106,I-Butene and two Butene are showing which type of isomerism?,Functional Group,Position,Metamerism,Chain,,B,official_answer_key,,ilovepdf_merged (3) (1).pdf,138
790,2024-uhs-mdcat-2024-id-a-109-790,2024,UHS MDCAT 2024 — ID-A,,Chemistry,109,Which of the following is an example of substituent group which release electrons to benzene ring:,−CN,−NR₃⁺,−NH₂,−NO₂,,C,official_answer_key,,ilovepdf_merged (3) (1).pdf,139
791,2024-uhs-mdcat-2024-id-a-111-791,2024,UHS MDCAT 2024 — ID-A,,Chemistry,111,In Friedel Craft acylation an acyl group is introduced in benzene ring in the presence of catalyst:,AICls,H2SO4,Sunlight,V205,,A,official_answer_key,,ilovepdf_merged (3) (1).pdf,139
792,2024-uhs-mdcat-2024-id-a-112-792,2024,UHS MDCAT 2024 — ID-A,,Chemistry,112,Identify correct ascending order of reactivity of alkyl halides:,"Cl, Br, I, F","F, Cl, Br, I","Br, I, F, cl","I,F, Cr, Br",,B,official_answer_key,,ilovepdf_merged (3) (1).pdf,139
793,2024-uhs-mdcat-2024-id-a-113-793,2024,UHS MDCAT 2024 — ID-A,,Chemistry,113,Identify the correct statement related to substitution and elimination of alkyl halides:,Strong bases causes substitution in preference to elimination,Role of leaving groups in elimination is similar to substitution,Substitution is favored more than elimination by decreasing solvent polarity,Decrease in temperature will favor elimination more than substitution,,B,official_answer_key,,ilovepdf_merged (3) (1).pdf,139
794,2024-uhs-mdcat-2024-id-a-115-794,2024,UHS MDCAT 2024 — ID-A,,Chemistry,115,"C,H2,0 is the general formula of:",Ether,Carboxylic acid,Ketones,Carbolic acid,,C,official_answer_key,,ilovepdf_merged (3) (1).pdf,139
795,2024-uhs-mdcat-2024-id-a-117-795,2024,UHS MDCAT 2024 — ID-A,,Chemistry,117,Reaction of HCN with formaldehyde is a:,Nucleophilic addition reaction,Nucleophilic substitution reaction,Electrophilic addition reaction,Electrophilic substitution reaction,,A,official_answer_key,,ilovepdf_merged (3) (1).pdf,139
796,2024-uhs-mdcat-2024-id-a-118-796,2024,UHS MDCAT 2024 — ID-A,,Chemistry,118,Which of the following alcohol can give Iodoform reaction?,Methanol,1-Butanol,1-Propanol,Ethanol,,D,official_answer_key,,ilovepdf_merged (3) (1).pdf,139
797,2024-uhs-mdcat-2024-id-a-119-797,2024,UHS MDCAT 2024 — ID-A,,Chemistry,119,Common name of 2-hydroxy propanoic acid is:,Tartaric acid,Lactic acid,Phthalic acid,Formic acid,,B,official_answer_key,,ilovepdf_merged (3) (1).pdf,139
798,2024-uhs-mdcat-2024-id-a-120-798,2024,UHS MDCAT 2024 — ID-A,,Chemistry,120,Which of the following is correct regarding phenol,Phenol and water are equally acidic,Phenol is less acidic than carboxylic acid,Phenol is less acidic than water,Phenol is less acidic than ethanol,,B,official_answer_key,,ilovepdf_merged (3) (1).pdf,139
799,2024-uhs-mdcat-2024-id-a-121-799,2024,UHS MDCAT 2024 — ID-A,,Chemistry,121,When carboxylic acid are heated with alcohol in the presence of sulphuric acid one of the following is formed,Amides,Acyl chloride,Esters,Acid Anhydride,,C,official_answer_key,,ilovepdf_merged (3) (1).pdf,140
800,2024-uhs-mdcat-2024-id-a-122-800,2024,UHS MDCAT 2024 — ID-A,,Chemistry,122,Which one of the following is not an amino acid,Folic acid,Glutamic acid,Glycine,Lysine,,A,official_answer_key,,ilovepdf_merged (3) (1).pdf,140
801,2024-uhs-mdcat-2024-id-a-123-801,2024,UHS MDCAT 2024 — ID-A,,Physics,123,In an elastic collision the total kinetic energy,Dissipates after collision,Increases after the collision,Reduces after the collision,Before and after collision remains the same,,D,official_answer_key,,ilovepdf_merged (3) (1).pdf,140
802,2024-uhs-mdcat-2024-id-a-124-802,2024,UHS MDCAT 2024 — ID-A,,Physics,124,The instantaneous velocity along the curved path is ;,Along the tangent,Perpendicular to the slope,Parallel to the radius,Anti-parallel to the radius,,A,official_answer_key,,ilovepdf_merged (3) (1).pdf,140
803,2024-uhs-mdcat-2024-id-a-125-803,2024,UHS MDCAT 2024 — ID-A,,Physics,125,The range of projectile will be maximum if the factor sin 2θ becomes,Zero,1,-1,2,,B,official_answer_key,,ilovepdf_merged (3) (1).pdf,140
804,2024-uhs-mdcat-2024-id-a-126-804,2024,UHS MDCAT 2024 — ID-A,,Physics,126,The two dimensional motion under constant acceleration due to gravity is called:,Circular motion,Rotational motion,Projectile motion,Vibratory motion,,C,official_answer_key,,ilovepdf_merged (3) (1).pdf,140
805,2024-uhs-mdcat-2024-id-a-127-805,2024,UHS MDCAT 2024 — ID-A,,Physics,127,In velocity time graph the area under graph is equal to the:,Speed of an object,Velocity of an object,Distance covered by object,Acceleration of an object,,C,official_answer_key,,ilovepdf_merged (3) (1).pdf,140
806,2024-uhs-mdcat-2024-id-a-128-806,2024,UHS MDCAT 2024 — ID-A,,Physics,128,According to Newton’s Law of Motion the mass of the object is a quantitative measure of its:,Weight,Inertia,Speed,Acceleration,,B,official_answer_key,,ilovepdf_merged (3) (1).pdf,140
807,2024-uhs-mdcat-2024-id-a-129-807,2024,UHS MDCAT 2024 — ID-A,,Physics,129,1KWh = ______ J?,3.6 J,3.6 KJ,3.6 MJ,3.6 GJ,,C,official_answer_key,,ilovepdf_merged (3) (1).pdf,140
808,2024-uhs-mdcat-2024-id-a-130-808,2024,UHS MDCAT 2024 — ID-A,,Physics,130,Which of the following is a non-conservative force?,Frictional force,Electric force,Elastic spring force,Gravitational force,,A,official_answer_key,,ilovepdf_merged (3) (1).pdf,140
809,2024-uhs-mdcat-2024-id-a-131-809,2024,UHS MDCAT 2024 — ID-A,,Physics,131,Work done is equal to:,Effort × distance,Effort + distance,Effort − distance,Effort ÷ distance,,A,official_answer_key,,ilovepdf_merged (3) (1).pdf,140
810,2024-uhs-mdcat-2024-id-a-132-810,2024,UHS MDCAT 2024 — ID-A,,Physics,132,"When a force of 1N displaces its point of application by 1m in the direction of force, the work done is",1 J,10 J,0 J,J,,A,official_answer_key,,ilovepdf_merged (3) (1).pdf,140
811,2024-uhs-mdcat-2024-id-a-133-811,2024,UHS MDCAT 2024 — ID-A,,Physics,133,An electric motor is used to lift the weight of 2.0N through a vertical distance of 100 cm in 4 sec. What is the power output of the motor?,0.25 W,0.5 W,0.75 W,1 W,,B,official_answer_key,,ilovepdf_merged (3) (1).pdf,140
812,2024-uhs-mdcat-2024-id-a-134-812,2024,UHS MDCAT 2024 — ID-A,,Physics,134,The centripetal acceleration of an object moving along a circle of radius ‘r’ with an angular speed ‘w’ is given by the formula:,a = rω²,a = rω,a = r²ω,a = r²ω²,,A,official_answer_key,,ilovepdf_merged (3) (1).pdf,140
813,2024-uhs-mdcat-2024-id-a-135-813,2024,UHS MDCAT 2024 — ID-A,,Physics,135,An air craft makes a turn in a horizontal circle of radius 100m. It is travelling with a velocity of 250m/sec. The angular velocity of the air craft will be:,1.5 rad/sec,2.5 rad/sec,3 rad/sec,3.5 rad/sec,,B,official_answer_key,,ilovepdf_merged (3) (1).pdf,141
814,2024-uhs-mdcat-2024-id-a-136-814,2024,UHS MDCAT 2024 — ID-A,,Physics,136,"A particle of mass ‘m’ is moving on a circular path of radius ‘r’ with velocity ‘v’, then centripetal force acting on it is F. If the velocity of particle increases by 2 times and radius of circular path increases by 4 times then new centripetal force F’ will be:",F’ = 2F,F’ = ½F,F’ = 4F,F’ = F,,D,official_answer_key,,ilovepdf_merged (3) (1).pdf,141
815,2024-uhs-mdcat-2024-id-a-137-815,2024,UHS MDCAT 2024 — ID-A,,Physics,137,A roller coaster is moving with 30 ms⁻¹ on a circular track of radius 30m. The net mass of coaster + passengers is ‘m’; the centripetal force acting on it is:,900m,m,450m,30m,,D,official_answer_key,,ilovepdf_merged (3) (1).pdf,141
816,2024-uhs-mdcat-2024-id-a-139-816,2024,UHS MDCAT 2024 — ID-A,,Physics,139,Which one of the following is INCORRECT about the nodes when the string is plucked;,Amplitude of vibration is zero,Do not move along the string,Produced at the fixed ends of strings,Distance between consecutive nodes is 1 wavelength,,D,official_answer_key,,ilovepdf_merged (3) (1).pdf,141
817,2024-uhs-mdcat-2024-id-a-140-817,2024,UHS MDCAT 2024 — ID-A,,Physics,140,In transverse waves the portion above the mean level is called:,Wave front,Wave crest,Wave trough,Wave length,,B,official_answer_key,,ilovepdf_merged (3) (1).pdf,141
818,2024-uhs-mdcat-2024-id-a-141-818,2024,UHS MDCAT 2024 — ID-A,,Physics,141,Which of the following does not cause stationary waves?,Two waves of equal frequency,Two waves of same speed,Two waves of unequal amplitude,Two waves travelling in opposite directions,,C,official_answer_key,,ilovepdf_merged (3) (1).pdf,141
819,2024-uhs-mdcat-2024-id-a-142-819,2024,UHS MDCAT 2024 — ID-A,,Physics,142,"Select the appropriate Doppler equation when source is approaching the stationary observer where fₒ is the observed frequency, fₛ is frequency of source, v is the speed of sound, vₛ is the speed of source relative to observer",fₒ = [v/(v−vₛ)] fₛ,fₒ = [v/(v+vₛ)] fₛ,fₒ = [(v−vₛ)/v] fₛ,fₒ = [(v−vₛ)/(v+vₛ)] fₛ,,A,official_answer_key,,ilovepdf_merged (3) (1).pdf,141
820,2024-uhs-mdcat-2024-id-a-143-820,2024,UHS MDCAT 2024 — ID-A,,Physics,143,The distance between two successive particles which are exactly in the same state of vibration is called,Frequency,Amplitude,Wavelength,Time period,,C,official_answer_key,,ilovepdf_merged (3) (1).pdf,141
821,2024-uhs-mdcat-2024-id-a-144-821,2024,UHS MDCAT 2024 — ID-A,,Physics,144,"During the isothermal process, the temperature",remains constant during the initial phase of the process,remains constant throughout the process,alters throughout the process,increases throughout the process,,B,official_answer_key,,ilovepdf_merged (3) (1).pdf,141
822,2024-uhs-mdcat-2024-id-a-146-822,2024,UHS MDCAT 2024 — ID-A,,Physics,146,The Coulomb's law states,Force between two point charges is inversely proportional to the product of the charges and directly proportional to the square of the distance between them,Force between two point charges is directly proportional to the product of the charges and inversely proportional to the square of the distance between them,Force between two point charges is directly proportional to the sum of the charges and inversely proportional to the square of the distance between them,Force between two point charges is directly proportional to the product of the charges and the square of the distance between them,,B,official_answer_key,,ilovepdf_merged (3) (1).pdf,141
823,2024-uhs-mdcat-2024-id-a-147-823,2024,UHS MDCAT 2024 — ID-A,,Physics,147,The formula V = W / q. represents,Electric intensity,Electric power,Electric potential,Electric field gradient,,C,official_answer_key,,ilovepdf_merged (3) (1).pdf,141
824,2024-uhs-mdcat-2024-id-a-148-824,2024,UHS MDCAT 2024 — ID-A,,Physics,148,The S.I unit of capacitance of a capacitor is:,Coulomb,Volt,Farad,Ampere,,C,official_answer_key,,ilovepdf_merged (3) (1).pdf,142
825,2024-uhs-mdcat-2024-id-a-149-825,2024,UHS MDCAT 2024 — ID-A,,Physics,149,Electric intensity between two oppositely charge plates in the middle region is,Non-uniform,Uniform,Cannot be predicted,Variable,,B,official_answer_key,,ilovepdf_merged (3) (1).pdf,142
826,2024-uhs-mdcat-2024-id-a-151-826,2024,UHS MDCAT 2024 — ID-A,,Physics,151,Which one of the following is NOTa feature of electric forces?,They act on charges,They act on masses,They can be attractive,They can be repulsive,,B,official_answer_key,,ilovepdf_merged (3) (1).pdf,142
827,2024-uhs-mdcat-2024-id-a-152-827,2024,UHS MDCAT 2024 — ID-A,,Physics,152,Acharge of 90 C passes through a wire for 30 seconds. Then the current in the wire will be:,3A,0.3A,3mA,0.3 mA,,A,official_answer_key,,ilovepdf_merged (3) (1).pdf,142
828,2024-uhs-mdcat-2024-id-a-153-828,2024,UHS MDCAT 2024 — ID-A,,Physics,153,The magnitude of the current in metals is proportional to the potential difference across it as long as temperature of conductor is kept constant is known as:,Joule’s Law,Gauss Law,Ohm's Law,Ampere’s Law,,C,official_answer_key,,ilovepdf_merged (3) (1).pdf,142
829,2024-uhs-mdcat-2024-id-a-154-829,2024,UHS MDCAT 2024 — ID-A,,Physics,154,When length of copper wire is doubled then resistivity becomes:,Double,Half,Remains same,Four times,,C,official_answer_key,,ilovepdf_merged (3) (1).pdf,142
830,2024-uhs-mdcat-2024-id-a-155-830,2024,UHS MDCAT 2024 — ID-A,,Physics,155,The resistance of semi-conductor with rise in temperature,Increases,Decreases,Remain same,Infinite,,B,official_answer_key,,ilovepdf_merged (3) (1).pdf,142
831,2024-uhs-mdcat-2024-id-a-156-831,2024,UHS MDCAT 2024 — ID-A,,Physics,156,Volt x Ampere is the measure of;,Current,Volt,Resistance,Power,,D,official_answer_key,,ilovepdf_merged (3) (1).pdf,142
832,2024-uhs-mdcat-2024-id-a-157-832,2024,UHS MDCAT 2024 — ID-A,,Physics,157,The formula > = B.A represents,Electric flux,Magnetic flux,Electric flux density,Gravitational flux,,B,official_answer_key,,ilovepdf_merged (3) (1).pdf,142
833,2024-uhs-mdcat-2024-id-a-158-833,2024,UHS MDCAT 2024 — ID-A,,Physics,158,Which of the following statement is incorrect for any magnetic field lines?,Lines start at north pole and ends at south pole,Lines never touch or cross each other,The lines are curved,Magnetic field is strongest when the lines are farthest MDCAT 2024 -A,,D,official_answer_key,,ilovepdf_merged (3) (1).pdf,142
834,2024-uhs-mdcat-2024-id-a-159-834,2024,UHS MDCAT 2024 — ID-A,,Physics,159,The unit of magnetic flux densityis ;,Wbmt,Wbm,Wbm2,Wb,,C,official_answer_key,,ilovepdf_merged (3) (1).pdf,142
835,2024-uhs-mdcat-2024-id-a-160-835,2024,UHS MDCAT 2024 — ID-A,,Physics,160,The induced current will flow in such a direction so as to oppose the cause that produces it is statement of:,Ampere’s Law,Faraday’s Law,Lenz's Law,Joule’s Law,,C,official_answer_key,,ilovepdf_merged (3) (1).pdf,142
836,2024-uhs-mdcat-2024-id-a-162-836,2024,UHS MDCAT 2024 — ID-A,,Physics,162,Electric generators and transformers are based on the principles of:,Coulomb's law,Faraday’s law,Ampere’s law,Hook’s law,,B,official_answer_key,,ilovepdf_merged (3) (1).pdf,143
837,2024-uhs-mdcat-2024-id-a-163-837,2024,UHS MDCAT 2024 — ID-A,,Physics,163,In an ideal transformer:,Power input is equal to Power output,Power input is less than half of the power output,Power input is greater than Power output,Power input is more than half of the power output,,A,official_answer_key,,ilovepdf_merged (3) (1).pdf,143
838,2024-uhs-mdcat-2024-id-a-164-838,2024,UHS MDCAT 2024 — ID-A,,Physics,164,The conversion of,C into,Transistor D. Inductor,Transformer,C is called rectification and circuit is called rectifier. Which component of electronics acts as a rectifier? A. Diode,,A,official_answer_key,,ilovepdf_merged (3) (1).pdf,143
839,2024-uhs-mdcat-2024-id-a-165-839,2024,UHS MDCAT 2024 — ID-A,,Physics,165,Full wave rectification is given by:,One diode connected in bridge type arrangements,Two diodes connected in bridge type arrangements,Three diodes connected in bridge type arrangement,Four diodes connected in bridge type arrangements,,D,official_answer_key,,ilovepdf_merged (3) (1).pdf,143
840,2024-uhs-mdcat-2024-id-a-166-840,2024,UHS MDCAT 2024 — ID-A,,Physics,166,A diode characteristic curve is a plot between:,Current and time,Voltage time,. Voltage and current,Reverse voltage forward voltage,,C,official_answer_key,,ilovepdf_merged (3) (1).pdf,143
841,2024-uhs-mdcat-2024-id-a-167-841,2024,UHS MDCAT 2024 — ID-A,,Physics,167,The value of Planck constant is,6.63x1034Js,6.63x1074 Js,6.63x1034 Js?,6.63x107 Js?,,A,official_answer_key,,ilovepdf_merged (3) (1).pdf,143
842,2024-uhs-mdcat-2024-id-a-168-842,2024,UHS MDCAT 2024 — ID-A,,Physics,168,The de-Broglie wavelength associated with a particle moving at 10° m/s and having mass 107° kg,6.6x107° m,1.5x10?m,1.9x10° m,7.2x10° m,,A,official_answer_key,,ilovepdf_merged (3) (1).pdf,143
843,2024-uhs-mdcat-2024-id-a-169-843,2024,UHS MDCAT 2024 — ID-A,,Physics,169,Light propagates through space as a wave is evident by all of the following EXCEPT,Interference,Photoelectric effect,Diffraction,Polarization,,B,official_answer_key,,ilovepdf_merged (3) (1).pdf,143
844,2024-uhs-mdcat-2024-id-a-170-844,2024,UHS MDCAT 2024 — ID-A,,Physics,170,Which series falls in ultra violet region?,Lyman,Brackett,Pfund,Paschen,,A,official_answer_key,,ilovepdf_merged (3) (1).pdf,143
845,2024-uhs-mdcat-2024-id-a-171-845,2024,UHS MDCAT 2024 — ID-A,,Physics,171,"The potential through which an electron should be accelerated , so that, on collision it can lift the electron in the atom from its ground state to some higher state is known as",Ionization potential,Excitation potential,String potential,Acceleration potential,,B,official_answer_key,,ilovepdf_merged (3) (1).pdf,143
846,2024-uhs-mdcat-2024-id-a-172-846,2024,UHS MDCAT 2024 — ID-A,,Physics,172,Which of the following regarding X Rays is INCORRECT,Have higher wavelength than visible light,They are part of electromagnetic spectrum,They are highly penetrating in soft body tissues,They are high energy photons,,A,official_answer_key,,ilovepdf_merged (3) (1).pdf,143
847,2024-uhs-mdcat-2024-id-a-174-847,2024,UHS MDCAT 2024 — ID-A,,Physics,174,If we have “N₀” number of any radioactive element then after a period of “n” half-lives the number of atoms left behind is,2ⁿ N₀,(½)ⁿ N₀,(½ N₀)ⁿ,(2N₀)ⁿ,,B,official_answer_key,,ilovepdf_merged (3) (1).pdf,143
848,2024-uhs-mdcat-2024-id-a-175-848,2024,UHS MDCAT 2024 — ID-A,,Physics,175,Which of the following is NOT the Somatic biological effect of radiation?,Skin burn,Loss of hair,Induction of cancer,Genes mutation,,D,official_answer_key,,ilovepdf_merged (3) (1).pdf,144
849,2024-uhs-mdcat-2024-id-a-176-849,2024,UHS MDCAT 2024 — ID-A,,Physics,176,An artificial radioactive element can be made by bombarding,High energy particles on unstable elements,Low energy particles on unstable elements,High energy particles on stable elements,Low energy particles on stable elements,,C,official_answer_key,,ilovepdf_merged (3) (1).pdf,144
850,2024-uhs-mdcat-2024-id-a-177-850,2024,UHS MDCAT 2024 — ID-A,,English,177,What does the word “SURPLUS” mean?,In excess,A mathematical term,Within reach,Salutation,,A,official_answer_key,,ilovepdf_merged (3) (1).pdf,144
851,2024-uhs-mdcat-2024-id-a-178-851,2024,UHS MDCAT 2024 — ID-A,,English,178,What does the word “ANCESTOR” mean?,Collection of stars,Branch of astrology,Forefathers,Type of receptors,,C,official_answer_key,,ilovepdf_merged (3) (1).pdf,144
852,2024-uhs-mdcat-2024-id-a-179-852,2024,UHS MDCAT 2024 — ID-A,,English,179,What does the word “SPILL” mean?,Coil,Deliver,Spoil,Spread,,D,official_answer_key,,ilovepdf_merged (3) (1).pdf,144
853,2024-uhs-mdcat-2024-id-a-180-853,2024,UHS MDCAT 2024 — ID-A,,English,180,Pick the CORRECT option:,The supervisor has nor will ever compromise.,The supervisor have nor will ever compromise.,The supervisor has not compromised nor will ever compromise.,The supervisor has nor will ever compromised.,,C,official_answer_key,,ilovepdf_merged (3) (1).pdf,144
854,2024-uhs-mdcat-2024-id-a-181-854,2024,UHS MDCAT 2024 — ID-A,,English,181,The soup good,Taste,Tastes,Is tasting,Has taste,,B,official_answer_key,,ilovepdf_merged (3) (1).pdf,144
855,2024-uhs-mdcat-2024-id-a-182-855,2024,UHS MDCAT 2024 — ID-A,,English,182,I him for a long time.,Have never known,Had never knew,Had never been known,Would never knew,,A,official_answer_key,,ilovepdf_merged (3) (1).pdf,144
856,2024-uhs-mdcat-2024-id-a-183-856,2024,UHS MDCAT 2024 — ID-A,,English,183,Choose the sentence that is punctuated correctly:,He said to his disciples “Watch and pray.”,"He said to his disciples, “Watch and pray.”","He said to his disciples, “watch and, pray”",He said to his disciples’ “watch and pray.”,,B,official_answer_key,,ilovepdf_merged (3) (1).pdf,144
857,2024-uhs-mdcat-2024-id-a-184-857,2024,UHS MDCAT 2024 — ID-A,,English,184,Choose the CORRECT spellings.,Pharaoh,Pharoah,Pheroh,Pheraoh,,A,official_answer_key,,ilovepdf_merged (3) (1).pdf,144
858,2024-uhs-mdcat-2024-id-a-185-858,2024,UHS MDCAT 2024 — ID-A,,English,185,Choose the CORRECT sentence,"She has beauty, brains and wealth—a rare combination.","She has beauty, brains and wealth—a rare combination.","She has beauty, brains, and wealth; a rare combination.","She has beauty, brains, and wealth: a rare combination.",,A,official_answer_key,,ilovepdf_merged (3) (1).pdf,144
859,2024-uhs-mdcat-2024-id-a-187-859,2024,UHS MDCAT 2024 — ID-A,,English,187,"If we have “N,” number of any radioactive element then after a period of “n” half-lives the (V2 No)"" (2No)"" Induction of cancer Genes mutation High energy particles on stable elements Low energy particles on stable elements Within reach Salutation Forefathers Type of receptors Spoil Spread The supervisor has not compromised nor will ever compromise. The supervisor has nor will ever compromised. Is tasting Has taste Had never been known Would never knew He said to his disciples, “watch and, pray” He said to his disciples’ “watch and pray.” Pheroh Pheraoh She has beauty, brains, and wealth; a rare combination. She has beauty, brains, and wealth: a rare combination. In 1838 Schleiden suggested that all plant were made of cells number of atoms left behind is",A few,The few,Few,Fewer,,A,official_answer_key,,ilovepdf_merged (3) (1).pdf,144
860,2024-uhs-mdcat-2024-id-a-191-860,2024,UHS MDCAT 2024 — ID-A,,English,191,"The first space traveller was Dennis Tito from the United States. B. The First Space Traveller was Dennis Tito, from, the United states Choose the CORRECT sentence",It was greatly good by you to proposd day’s picnic at murree,It was awfully good by you to proposed a day’s picnic in Murree. > Page 14 of 17 his father. Fill in the blank with appropriate preposition.,After,In,,A,official_answer_key,,ilovepdf_merged (3) (1).pdf,145
861,2024-uhs-mdcat-2024-id-a-192-861,2024,UHS MDCAT 2024 — ID-A,,English,192,". Theres’ Mr. Hashim which they say is the portrait painter in the town . There’s Mr. Hashim who they say is best portrait painter in the town. . Gulliver's Travels was written by Swift. . Gullivers’ travel was written by Swift . “The unexamined life said Socrates”, is disfit to be lived by man. . “The disexamined life” said Socrates is unfit to be lived by man. . You have often heard me. Speak off my friend, wahaj waheed who is a Barrister here . you have often heard me speak about my friend; wahaj waheed-a barrister hear . The first space traveller was Dennis Tito-from united State . The first space travaler was Dennis Tito, from the United States . It was awfully good of you to propose a day’s picnic at Murree. . It was very good off you too propose days picnic in Murree LOGICAL REASONING The government has increased the taxes on all businesses in Pakistan. II. Many small businesses will have to close their operations in Pakistan.",Statement I is the cause and statement II is its effect,Statement II is the cause and statementI is its effect,Both the statements I and II are independent causes,Both the statements I and II are effects of,,B,official_answer_key,,ilovepdf_merged (3) (1).pdf,145
862,2024-uhs-mdcat-2024-id-a-194-862,2024,UHS MDCAT 2024 — ID-A,,English,194,Choose the CORRECT sentence,It was greatly good by you to proposed day’s picnic at murree,It was awfully good by you to proposed a day’s picnic in Murree.,It was awfully good of you to propose a day’s picnic at Murree.,It was very good off you too propose days picnic in Murree,,C,official_answer_key,,ilovepdf_merged (3) (1).pdf,145
863,2024-uhs-mdcat-2024-id-a-195-863,2024,UHS MDCAT 2024 — ID-A,,Logical Reasoning,195,He takes,Up,"Down Choose the CORRECT sentence A. There’s mr. hashim whome they say is the best portrait painter in the town. B. There’s Mr. Hashim, who they say is the best portrait painter in the town. Choose the CORRECT sentence Gulliver travels was writen to Swift. B. Gulliver travels was writen at Swift. Choose the CORRECT sentence A. “The unexamined life”, said Socrates, “is unfit to be lived by man.” B. The inexamined life, said Socrates, “is unfit to be lived by man” Choose the CORRECT sentence A. You have often heard of me speeking of my friend Wahaj waheeda barrister here B. You have often heard me speak of my friend, Wahaj Waheed, who is a barrister here. Choose the CORRECT sentence A. The first space traveller was Dennis Tito from the United States. B. The First Space Traveller was Dennis Tito, from, the United states Choose the CORRECT sentence A. It was greatly good by you to proposd day’s picnic at murree B. It was awfully good by you to proposed a day’s picnic in Murree. > Page 14 of 17 his father. Fill in the blank with appropriate preposition.",After,"In. Theres’ Mr. Hashim which they say is the portrait painter in the town. There’s Mr. Hashim who they say is best portrait painter in the town.. Gulliver's Travels was written by Swift.. Gullivers’ travel was written by Swift. “The unexamined life said Socrates”, is disfit to be lived by man.. “The disexamined life” said Socrates is unfit to be lived by man.. You have often heard me. Speak off my friend, wahaj waheed who is a Barrister here. you have often heard me speak about my friend; wahaj waheed-a barrister hear. The first space traveller was Dennis Tito-from united State. The first space travaler was Dennis Tito, from the United States. It was awfully good of you to propose a day’s picnic at Murree.. It was very good off you too propose days picnic in Murree LOGICAL REASONING The government has increased the taxes on all businesses in Pakistan. II. Many small businesses will have to close their operations in Pakistan. A. Statement I is the cause and statement II is its effect C. Both the statements I and II are independent causes B. Statement II is the cause and statementI is its effect D. Both the statements I and II are effects of independent causes",,A,official_answer_key,,ilovepdf_merged (3) (1).pdf,145
864,2024-uhs-mdcat-2024-id-a-196-864,2024,UHS MDCAT 2024 — ID-A,,Logical Reasoning,196,"Read the passage and the following statements below. Then choose the correct option, basing your answer only on the information provided. Pakistan is rich in wildlife and culture. It is home to many sorts of wildlife, from the Ibex to the Indus River Dolphin; and people from most countries in the world have made their home here. STATEMENTS: I. Pakistan is a rich country. II. People from all nationalities of the world live in Pakistan. III. Pakistan is home to at least one dolphin species.",Only III is correct,Only I and II are correct,Only I and III are correct,Only II and III are correct,,A,official_answer_key,,ilovepdf_merged (3) (1).pdf,145
865,2024-uhs-mdcat-2024-id-a-198-865,2024,UHS MDCAT 2024 — ID-A,,Logical Reasoning,198,"Read the following and choose the correct answer: “X, Y and Z are three whole numbers less than 24 but greater than 11. X is the smallest prime number. Y is the largest number divisible by 3. Z is the smallest number divisible by 11.”","X is 13, Y is 24, Z is 11","X is 13, Y is 21, Z is 22","X is 11, Y is 21, Z is 11","X is 11, Y is 24, Z is 22",,B,official_answer_key,,ilovepdf_merged (3) (1).pdf,145
866,2024-uhs-mdcat-2024-id-a-199-866,2024,UHS MDCAT 2024 — ID-A,,Logical Reasoning,199,"Read the following and choose the correct answer: “P, Q and R are one-digit, non-negative numbers. P is the smallest even number. Q is the largest odd number. R is 5.”",P+Q+R=16,P+Q+R=12,(Q+R)xP=30,(Q+R)xP=8,,A,official_answer_key,,ilovepdf_merged (3) (1).pdf,145
867,2025-bumhs-2025-1-867,2025,BUMHS-2025,Blue,Biology,1,Implantation of the embryo occurs in which part of the female reproductive system?,Ovary,Uterus,Cervix,Fallopian tube,,B,,deep_visual_recheck,BUMHS-2025 Blue,1
868,2025-bumhs-2025-2-868,2025,BUMHS-2025,Blue,Biology,2,"The structure that is directly continuous with the cell body transmits nerve impulses away from it, is:",Axon,Synapse,Dendrites,Myelin sheath,,A,,deep_visual_recheck,BUMHS-2025 Blue,1
869,2025-bumhs-2025-3-869,2025,BUMHS-2025,Blue,Biology,3,A pea plant which upon self fertilization produces all the offspring of its own phenotype is called:,Plant with homogenous genotype,Plant with homozygous genotype,Plant with homologous genotype,Plant with hemizygous genotype,,B,,deep_visual_recheck,BUMHS-2025 Blue,1
870,2025-bumhs-2025-4-870,2025,BUMHS-2025,Blue,Biology,4,What happens to the pressure and volume of the thoracic cavity during inhalation?,Pressure and volume both increase,Pressure increases and volume decreases,Pressure decreases and volume increases,Pressure and volume both decrease,,C,,deep_visual_recheck,BUMHS-2025 Blue,1
871,2025-bumhs-2025-5-871,2025,BUMHS-2025,Blue,Biology,5,Which of the following is NOT a function of testes?,Spermatogenesis,production of FSH,Secretion of inhibin,Secretion of testosterone,,B,,deep_visual_recheck,BUMHS-2025 Blue,2
872,2025-bumhs-2025-6-872,2025,BUMHS-2025,Blue,Biology,6,Crossing over is:,Exchange of segments between sister chromatids of homologous chromosomes during meiosis.,Exchange of segments between non-sister chromatids of homologous chromosomes during meiosis.,Exchange of segments between non-sister chromatids of heterologous chromosomes during meiosis.,Exchange of segments between non-sister chromatids of homologous chromosomes during mitosis.,,B,,deep_visual_recheck,BUMHS-2025 Blue,2
873,2025-bumhs-2025-7-873,2025,BUMHS-2025,Blue,Biology,7,Nasal opening is closed by which of the following to prevent food from entering into food pipe?,Hard palate,Epiglottis,Soft palate,Larynx,,B,,deep_visual_recheck,BUMHS-2025 Blue,2
874,2025-bumhs-2025-8-874,2025,BUMHS-2025,Blue,Biology,8,Which cells are involved in humoral immunity?,T cells,B cells,T or B cells,T and B cells,,B,,deep_visual_recheck,BUMHS-2025 Blue,2
875,2025-bumhs-2025-9-875,2025,BUMHS-2025,Blue,Biology,9,Which of the following travels along a neuron during nerve impulse conduction?,waves of electrochemical changes,waves of thermal changes,waves of magnetic changes,waves of hormonal changes,,A,,deep_visual_recheck,BUMHS-2025 Blue,2
876,2025-bumhs-2025-10-876,2025,BUMHS-2025,Blue,Biology,10,"Dialyzing fluid has same osmotic pressure as the blood has, except that it lacks:",Glucose,Water,Sodium and Potassium,Nitrogenous waste,,D,,deep_visual_recheck,BUMHS-2025 Blue,3
877,2025-bumhs-2025-11-877,2025,BUMHS-2025,Blue,Biology,11,"When fat molecule is hydrolyzed for energy, the end products will be:",Amino acids and glycerol,Glycerol and fatty acids,Fatty acids and amino acids,Glycerol and nitrogenous bases,,B,,deep_visual_recheck,BUMHS-2025 Blue,3
878,2025-bumhs-2025-12-878,2025,BUMHS-2025,Blue,Biology,12,The less common cause of HIV mode of transmission is:,Blood Transfusion,Placenta of mother to baby,Mosquito bite,Lactation from HIV positive mother to baby,,C,,deep_visual_recheck,BUMHS-2025 Blue,3
879,2025-bumhs-2025-13-879,2025,BUMHS-2025,Blue,Biology,13,The cerebellum is mainly responsible for:,"Vision, hearing and reflexes",Regulating heart beat only,"Conscious, thoughts and reasoning","Balance, posture and coordination",,D,,deep_visual_recheck,BUMHS-2025 Blue,3
880,2025-bumhs-2025-14-880,2025,BUMHS-2025,Blue,Biology,14,Which of the following method is used to prevent HIV transmission during blood transfusion?,By freezing blood before transfusion,By using blood from young donors only,By boiling blood before transfusion,By screening blood for HIV before its transfusion,,D,,deep_visual_recheck,BUMHS-2025 Blue,3
881,2025-bumhs-2025-15-881,2025,BUMHS-2025,Blue,Biology,15,The part of male reproductive system involved in the storage and maturation of sperms:,Scrotum,Vas deferens,Epididymis,Testes,,C,,deep_visual_recheck,BUMHS-2025 Blue,3
882,2025-bumhs-2025-16-882,2025,BUMHS-2025,Blue,Biology,16,The correct function of H+ and OH− ions in cells is:,Transporting proteins,Breaking down fats,Maintaining or changing pH,Producing light energy,,C,,deep_visual_recheck,BUMHS-2025 Blue,4
883,2025-bumhs-2025-17-883,2025,BUMHS-2025,Blue,Biology,17,One of the best preventive measure for kidney stones formation is:,Taking antibiotic daily,Avoiding all dairy food,Drinking plenty of water,Reducing physical activity,,C,,deep_visual_recheck,BUMHS-2025 Blue,4
884,2025-bumhs-2025-18-884,2025,BUMHS-2025,Blue,Biology,18,Which of the following layer is mainly composed of cardiac muscles?,Endocardium,Epicardium,Pericardium,Myocardium,,D,,deep_visual_recheck,BUMHS-2025 Blue,4
885,2025-bumhs-2025-19-885,2025,BUMHS-2025,Blue,Biology,19,"During the process of gaseous exchange, all of the following are the functions of hemoglobin EXCEPT:",It acts as a buffer to stabilize the blood pH,It transports oxygen from lungs to other body tissues,It transports carbon dioxide from body tissues to lungs,It regulates the blood pressure when body is in stress,,D,,deep_visual_recheck,BUMHS-2025 Blue,4
886,2025-bumhs-2025-20-886,2025,BUMHS-2025,Blue,Biology,20,"If a polypeptide of 20 amino acids is made up of all different amino acids, at least how many types of tRNA must take part in its synthesis?",20,45,61,64,,A,,deep_visual_recheck,BUMHS-2025 Blue,4
887,2025-bumhs-2025-21-887,2025,BUMHS-2025,Blue,Biology,21,Which of the following is NOT considered a conjugated molecule?,A molecule containing linked sugar units,A molecule made up only of carbon and hydrogen,A protein attached to a non-protein group,A lipid combined with another chemical component,,B,,deep_visual_recheck,BUMHS-2025 Blue,4
888,2025-bumhs-2025-22-888,2025,BUMHS-2025,Blue,Biology,22,Which of the following is the causative agent of Gonorrhea?,Herpes simplex virus,Treponema pallidum,Mycobacterium tuberculosis,Neisseria gonorrhaeae,,D,,deep_visual_recheck,BUMHS-2025 Blue,5
889,2025-bumhs-2025-23-889,2025,BUMHS-2025,Blue,Biology,23,Which of the following is a correct structural feature of RNA?,It contains deoxyribose sugar,It has a double-stranded helical structure,It contains base uracil instead of base thymine,It is confined to the nucleus only,,C,,deep_visual_recheck,BUMHS-2025 Blue,5
890,2025-bumhs-2025-24-890,2025,BUMHS-2025,Blue,Biology,24,A drug that relaxes smooth muscles in blood vessels is useful for:,Increasing skeletal muscles strength,Reducing blood pressure (vasodilation),Increase heart rate,Causing voluntary contraction,,B,,deep_visual_recheck,BUMHS-2025 Blue,5
891,2025-bumhs-2025-25-891,2025,BUMHS-2025,Blue,Biology,25,A person quickly withdraw their hand touching a hot iron. This type of reflex is best classified as:,Cranial reflex,Spinal reflex,Hormonal reflex,Conditional reflex,,B,,deep_visual_recheck,BUMHS-2025 Blue,5
892,2025-bumhs-2025-26-892,2025,BUMHS-2025,Blue,Biology,26,Which of the following function is under control of medulla oblongata?,Memory,Vision,Breathing,Dreaming,,C,,deep_visual_recheck,BUMHS-2025 Blue,5
893,2025-bumhs-2025-27-893,2025,BUMHS-2025,Blue,Biology,27,The outer surface of the axon membrane in a resting neuron is:,Negative due to sodium ions,Positive due to sodium ions,Positive due to potassium ions,Neutral due to balanced ions,,B,,deep_visual_recheck,BUMHS-2025 Blue,5
894,2025-bumhs-2025-28-894,2025,BUMHS-2025,Blue,Biology,28,The primary function of the sensory neuron in a reflex arc is to:,Contract muscles,Detect environmental changes,Transmit impulses to the brain,Carry impulses to the spinal cord,,D,,deep_visual_recheck,BUMHS-2025 Blue,6
895,2025-bumhs-2025-29-895,2025,BUMHS-2025,Blue,Biology,29,Which of the following is NOT related to large intestine?,Villi,Sigmoid colon,Appendix,Rectum,,A,,deep_visual_recheck,BUMHS-2025 Blue,6
896,2025-bumhs-2025-30-896,2025,BUMHS-2025,Blue,Biology,30,Which change occurs in enzyme activity when temperature increases beyond the optimum level?,Activity remains same,Activity increases,Enzymes denatures,Enzymes specificity increases,,C,,deep_visual_recheck,BUMHS-2025 Blue,6
897,2025-bumhs-2025-31-897,2025,BUMHS-2025,Blue,Biology,31,"According to Darwin theory, the main reason of evolution is:",Natural calamity,Natural selection,Use and disuse of an organ,Inheritance of acquired character,,B,,deep_visual_recheck,BUMHS-2025 Blue,6
898,2025-bumhs-2025-32-898,2025,BUMHS-2025,Blue,Biology,32,Which structure conducts the action potential deep into the muscle fiber?,Z-line,Sarcomere,T-tubules,Sarcoplasmic reticulum,,C,,deep_visual_recheck,BUMHS-2025 Blue,6
899,2025-bumhs-2025-33-899,2025,BUMHS-2025,Blue,Biology,33,What is the chemical composition of chromosomes?,RNA and lipids,DNA and proteins,Proteins and carbohydrates,Carbohydrates and nucleic acids,,B,,deep_visual_recheck,BUMHS-2025 Blue,6
900,2025-bumhs-2025-34-900,2025,BUMHS-2025,Blue,Biology,34,"In the second step of his experiment, what did Mendel do after selecting pure breeding tall and dwarf pea plants?",Allowed them to self pollinate,Crossed them to produced hybrid offspring,Collected seeds from random plants,Grew them in different soil types,,B,,deep_visual_recheck,BUMHS-2025 Blue,7
901,2025-bumhs-2025-35-901,2025,BUMHS-2025,Blue,Biology,35,Which one is NOT the part of fore brain?,Cerebellum,Hypothalamus,Hippocampus,Amygdala,,A,,deep_visual_recheck,BUMHS-2025 Blue,7
902,2025-bumhs-2025-36-902,2025,BUMHS-2025,Blue,Biology,36,"During saltatory conduction, a nerve impulse jumps from one to another:",Synapse,Axon,Node of Ranvier,Correct,,C,,deep_visual_recheck,BUMHS-2025 Blue,7
903,2025-bumhs-2025-37-903,2025,BUMHS-2025,Blue,Biology,37,Each DNA nucleotide differs from the others based on its:,Nitrogenous bases,Phosphate group,Sugar molecule,Number of phosphorus atoms,,A,,deep_visual_recheck,BUMHS-2025 Blue,7
904,2025-bumhs-2025-38-904,2025,BUMHS-2025,Blue,Biology,38,Maintenance of healthy bone tissues by secreting enzymes and influencing bone mineral content is the duty of:,Osteocytes,Osteoblasts,Osteoclasts,Osteogenic cells,,A,,deep_visual_recheck,BUMHS-2025 Blue,7
905,2025-bumhs-2025-39-905,2025,BUMHS-2025,Blue,Biology,39,Glycolipid is a combination of:,Lipid and carbohydrate,Lipid and protein,Nucleic acid and lipid,Protein and carbohydrate,,A,,deep_visual_recheck,BUMHS-2025 Blue,7
906,2025-bumhs-2025-40-906,2025,BUMHS-2025,Blue,Biology,40,Which idea suggests that life was created by a supernatural force?,Special creation,Biogenesis,Spontaneous generation,Natural selection,,A,,deep_visual_recheck,BUMHS-2025 Blue,8
907,2025-bumhs-2025-41-907,2025,BUMHS-2025,Blue,Biology,41,Catastrophism explains that changes in life on earth are due to:,Gradual evolution,Natural selection,Mutation,Sudden natural disasters,,D,,deep_visual_recheck,BUMHS-2025 Blue,8
908,2025-bumhs-2025-42-908,2025,BUMHS-2025,Blue,Biology,42,Which of the following does not occur during muscle contraction?,Release of calcium from sarcoplasmic reticulum,Formation of cross-bridge,Sliding of actin over myosin,Increase in sarcomere length,,D,,deep_visual_recheck,BUMHS-2025 Blue,8
909,2025-bumhs-2025-43-909,2025,BUMHS-2025,Blue,Biology,43,Cartilage receives its nutrition through the process of:,Active transport,Diffusion,Phagocytosis,Osmosis,,B,,deep_visual_recheck,BUMHS-2025 Blue,8
910,2025-bumhs-2025-44-910,2025,BUMHS-2025,Blue,Biology,44,Key benefit of using biotechnology in development of vaccine for malaria is:,its ability to develop endosymbiotic relationship with host,its ability to work as antimalarial drugs,its ability to directly kills the malaria parasite in mosquitoes,to create a targeted immune response against the parasite,,D,,deep_visual_recheck,BUMHS-2025 Blue,8
911,2025-bumhs-2025-45-911,2025,BUMHS-2025,Blue,Biology,45,"During lab analysis, a student extracted a molecule that contained a sugar, a phosphate group and a nitrogenous base. Which of the following molecules likely identified?",Nucleotide,Amino acid,Monosaccharides,Polysaccharides,,A,,deep_visual_recheck,BUMHS-2025 Blue,8
912,2025-bumhs-2025-46-912,2025,BUMHS-2025,Blue,Biology,46,"During sample analysis, students finds that it contains Carbon, Hydrogen, Oxygen and Nitrogen, but no phosphorous. Based on this information, which biological molecule is most likely to be in the sample?",DNA,Protein,Phospholipid,RNA,,B,,deep_visual_recheck,BUMHS-2025 Blue,9
913,2025-bumhs-2025-47-913,2025,BUMHS-2025,Blue,Biology,47,Which tissue layer of heart wall is involved in the formation of heart valves?,Epicardium,Pericardium,Endocardium,Myocardium,,C,,deep_visual_recheck,BUMHS-2025 Blue,9
914,2025-bumhs-2025-48-914,2025,BUMHS-2025,Blue,Biology,48,"During vesicle formation, endoplasmic reticulum membrane:",Dissolve into the cytosol,Breakdown into its chemical component s,Expands and contributes to vesicle formation,Moves directly into Golgi apparatus,,C,,deep_visual_recheck,BUMHS-2025 Blue,9
915,2025-bumhs-2025-49-915,2025,BUMHS-2025,Blue,Biology,49,All of the following have excretory role EXCEPT:,Kidney,Skin,Appendix,Lungs,,C,,deep_visual_recheck,BUMHS-2025 Blue,9
916,2025-bumhs-2025-50-916,2025,BUMHS-2025,Blue,Biology,50,Which one of the following hormone increases the reabsorption of Na ions in the nephron?,ADH,LH,Insulin,Aldosteron,,D,,deep_visual_recheck,BUMHS-2025 Blue,9
917,2025-bumhs-2025-51-917,2025,BUMHS-2025,Blue,Biology,51,The key difference between lymph nodes and lymph vessels is:,Vessels move lymph; nodes filter it,Vessels carry oxygen; nodes produce bile,Vessels digest toxins; nodes transport lymph,Vessels store lymphocytes; nodes make plasma,,A,,deep_visual_recheck,BUMHS-2025 Blue,9
918,2025-bumhs-2025-52-918,2025,BUMHS-2025,Blue,Biology,52,A typical value of resting membrane potential in a neuron is:,-50 millivolts,+50 millivolts,-70 millivolts,+70 millivolts,,C,,deep_visual_recheck,BUMHS-2025 Blue,9
919,2025-bumhs-2025-53-919,2025,BUMHS-2025,Blue,Biology,53,"In humans, how many kinds of tRNA are present for the synthesis of proteins?",40,45,43,50,,B,,deep_visual_recheck,BUMHS-2025 Blue,10
920,2025-bumhs-2025-54-920,2025,BUMHS-2025,Blue,Biology,54,A cell shows green structures and a large fluid-filled area under the microscope. What does this indicate?,Plant cell with chloroplasts and vacuole,Fungal cell without chloroplasts,Algal cells with chloroplasts but lacking large vacuole,Animal cell with small vacuoles,,A,,deep_visual_recheck,BUMHS-2025 Blue,10
921,2025-bumhs-2025-55-921,2025,BUMHS-2025,Blue,Biology,55,Lactose sugar is found in milk and is composed of _____________.,Glucose + Glucose,Glucose + Fructose,Glucose + Galactose,Fructose + Galactose,,C,,deep_visual_recheck,BUMHS-2025 Blue,10
922,2025-bumhs-2025-56-922,2025,BUMHS-2025,Blue,Biology,56,Which option best reflects species specific chromosome number?,Same in all animals,Varies by tissue type,Fixed for each species,More in larger organisms,,C,,deep_visual_recheck,BUMHS-2025 Blue,10
923,2025-bumhs-2025-57-923,2025,BUMHS-2025,Blue,Biology,57,Anticodon that consist of complementary basis of three nucleotides is located on:,rRNA,mRNA,tRNA,DNA,,C,,deep_visual_recheck,BUMHS-2025 Blue,10
924,2025-bumhs-2025-58-924,2025,BUMHS-2025,Blue,Biology,58,Which part of kidney is responsible for collecting urine before it enters the ureter?,Renal pelvis,Renal medulla,Renal cortex,Renal pyramids,,A,,deep_visual_recheck,BUMHS-2025 Blue,10
925,2025-bumhs-2025-59-925,2025,BUMHS-2025,Blue,Biology,59,Ventricular systole causes:,Atrial relaxation,Atrial contraction,Closing of semilunar valve,Closing of atrioventricular valves,,D,,deep_visual_recheck,BUMHS-2025 Blue,11
926,2025-bumhs-2025-60-926,2025,BUMHS-2025,Blue,Biology,60,"After ovulation, the ruptured follicle in ovary transformed into:",Corpus luteum,Corpus callosum,Secondary follicle,Tertiary follicle,,A,,deep_visual_recheck,BUMHS-2025 Blue,11
927,2025-bumhs-2025-61-927,2025,BUMHS-2025,Blue,Biology,61,Which one are bone destroying cells?,Osteoclasts,Osteocytes,Osteogenic,Osteoblasts,,A,,deep_visual_recheck,BUMHS-2025 Blue,11
928,2025-bumhs-2025-62-928,2025,BUMHS-2025,Blue,Biology,62,Spleen contributes towards:,Producing insulin and glucagon,Producing antibodies against fats,Increasing oxygen binding to hemoglobin,Filtering blood and removing old red blood cells,,D,,deep_visual_recheck,BUMHS-2025 Blue,11
929,2025-bumhs-2025-63-929,2025,BUMHS-2025,Blue,Biology,63,"Hemophilia is a sex linked recessive trait. A hemophiliac man marries to a normal woman (whose father ishemophiliac). If they have daughter, what is the probability that she will be hemophiliac?",0%,25%,50%,75%,,C,,deep_visual_recheck,BUMHS-2025 Blue,11
930,2025-bumhs-2025-64-930,2025,BUMHS-2025,Blue,Biology,64,Morgan's experiment showed deviation from the law of independent assortment due to:,Crossing over,Gene linkage,Random mutation,Natural selection,,B,,deep_visual_recheck,BUMHS-2025 Blue,11
931,2025-bumhs-2025-65-931,2025,BUMHS-2025,Blue,Biology,65,The active site is important in enzyme action because:,It binds to the substrate,It maintains the pH of reaction,It provide energy for reaction,It changes the shape of the enzyme,,A,,deep_visual_recheck,BUMHS-2025 Blue,12
932,2025-bumhs-2025-66-932,2025,BUMHS-2025,Blue,Biology,66,The main function of Pacinian corpuscles is to detect:,Chemical composition of food,Changes in temperature,Stimuli of pressure,Sharp pain signals,,C,,deep_visual_recheck,BUMHS-2025 Blue,12
933,2025-bumhs-2025-67-933,2025,BUMHS-2025,Blue,Biology,67,The connective tissue which connects skeletal muscle to bone is:,Tendon,Ligament,Cartilage,Synovial membrane,,A,,deep_visual_recheck,BUMHS-2025 Blue,12
934,2025-bumhs-2025-68-934,2025,BUMHS-2025,Blue,Biology,68,Cholesterol and phospholipids are mainly synthesized in liver cells by:,Golgi complex,Mitochondria,Rough endoplasmic reticulum (RER),Smooth endoplasmic reticulum (SER),,D,,deep_visual_recheck,BUMHS-2025 Blue,12
935,2025-bumhs-2025-69-935,2025,BUMHS-2025,Blue,Biology,69,The nerve impulse for the contraction of skeletal muscle fiber is carried from sarcolemma to every myofibril of a muscle cell via:,T-tubules,H-zone,Thin myofilaments,Thick myofilaments,,A,,deep_visual_recheck,BUMHS-2025 Blue,12
936,2025-bumhs-2025-70-936,2025,BUMHS-2025,Blue,Biology,70,Which of the following is the most appropriate concept of oxygen carrying capacity of blood?,Ability of blood to carry oxygen,Ability of hemoglobin to bind with oxygen,Amount of oxygen present in the plasma,Rate of binding of fibrinogen with proteins,,B,,deep_visual_recheck,BUMHS-2025 Blue,12
937,2025-bumhs-2025-71-937,2025,BUMHS-2025,Blue,Biology,71,The central dogma of molecular biology describes the flow of genetic information as:,DNA → mRNA → Protein,mRNA → DNA → Protein,Protein → DNA → mRNA,DNA → Protein → mRNA,,A,,deep_visual_recheck,BUMHS-2025 Blue,13
938,2025-bumhs-2025-72-938,2025,BUMHS-2025,Blue,Biology,72,Acylglycerols like fats and oils are esters formed by condensation reaction between:,Fatty acid and water,Fatty acid and phosphates,Fatty acid and glucose,Fatty acid and alcohol,,D,,deep_visual_recheck,BUMHS-2025 Blue,13
939,2025-bumhs-2025-73-939,2025,BUMHS-2025,Blue,Biology,73,Reflex action is considered as the simplest form of response in:,Simple animals,Higher animals,Lowest animals,Smaller animals,,B,,deep_visual_recheck,BUMHS-2025 Blue,13
940,2025-bumhs-2025-74-940,2025,BUMHS-2025,Blue,Biology,74,A platform for protein synthesis in the cell is provided by:,mRNA,rRNA,tRNA,protein encoding DNA,,B,,deep_visual_recheck,BUMHS-2025 Blue,13
941,2025-bumhs-2025-75-941,2025,BUMHS-2025,Blue,Biology,75,"In disease diagnosis, the main function of monoclonal antibodies is:",To stimulate white blood cell production,To detect specific antigens in clinical samples,To bind to toxins produced by pathogens,To label abnormal cells for immune destruction,,B,,deep_visual_recheck,BUMHS-2025 Blue,13
942,2025-bumhs-2025-76-942,2025,BUMHS-2025,Blue,Biology,76,"Pick the smallest form of carbohydrates from the following, which cannot be further hydrolyzed into simpler form.",sucrose,lactose,glucose,starch,,C,,deep_visual_recheck,BUMHS-2025 Blue,13
943,2025-bumhs-2025-77-943,2025,BUMHS-2025,Blue,Biology,77,Which type of inhibitor binds to a site other than the active site and changes the shape of active site?,Competitive inhibitor,Un-competitive inhibitor,Allosteric activator,Non - competitive inhibitor,,D,,deep_visual_recheck,BUMHS-2025 Blue,14
944,2025-bumhs-2025-78-944,2025,BUMHS-2025,Blue,Biology,78,Saltatory conduction of nerve impulse occurs in:,Myelinated axons,Cell bodies,Unmyelinated axons,Dendrites,,A,,deep_visual_recheck,BUMHS-2025 Blue,14
945,2025-bumhs-2025-79-945,2025,BUMHS-2025,Blue,Biology,79,Thread-like single strand of a chromosome that is made of DNA and protein is known as:,Chromosome arm,Nucleosome,Chromosome,Chromatid,,D,,deep_visual_recheck,BUMHS-2025 Blue,14
946,2025-bumhs-2025-80-946,2025,BUMHS-2025,Blue,Biology,80,Which of the following is NOT included in the composition of bile?,Bile salt,Bile pigment,Cholesterol,Lipase,,D,,deep_visual_recheck,BUMHS-2025 Blue,14
947,2025-bumhs-2025-81-947,2025,BUMHS-2025,Blue,Biology,81,Which factor affects the ionization state of an enzyme's active site?,Temperature,Enzyme concentration,Substrate concentration,pH,,D,,deep_visual_recheck,BUMHS-2025 Blue,14
948,2025-bumhs-2025-82-948,2025,BUMHS-2025,Blue,Chemistry,82,"When hydrochloric acid is added to brine, solubility of sodium chloride ___________.",Decreases,Increases,Remains same,Become equal to HCl,,A,,deep_visual_recheck,BUMHS-2025 Blue,15
949,2025-bumhs-2025-83-949,2025,BUMHS-2025,Blue,Chemistry,83,Zn-Hg/conc. HCl reduces acetaldehyde to:,Ethane,Ethene,acetic acid,Para aldehyde,,A,,deep_visual_recheck,BUMHS-2025 Blue,15
950,2025-bumhs-2025-84-950,2025,BUMHS-2025,Blue,Chemistry,84,Which of the following group acts as chromophore?,amino group,azo group,hydroxyl group,sulfonic acid group,,B,,deep_visual_recheck,BUMHS-2025 Blue,15
951,2025-bumhs-2025-85-951,2025,BUMHS-2025,Blue,Chemistry,85,Which of the following is natural adhesive?,silicones,polyvinylacetate,casein glue,polyamide,,C,,deep_visual_recheck,BUMHS-2025 Blue,15
952,2025-bumhs-2025-86-952,2025,BUMHS-2025,Blue,Chemistry,86,NH₃ has net dipole moment but BF₃ has zero net dipole moment because of?,B is less E.N than N,F is more E.N than N,BF₃ is pyramidal,NH₃ is pyramidal,,D,,deep_visual_recheck,BUMHS-2025 Blue,15
953,2025-bumhs-2025-87-953,2025,BUMHS-2025,Blue,Chemistry,87,Which of the following has lower vapour pressure?,CHCl₃,CCl₄,H₂O,CH₃COCH₃,,C,,deep_visual_recheck,BUMHS-2025 Blue,15
954,2025-bumhs-2025-88-954,2025,BUMHS-2025,Blue,Chemistry,88,The electrons will enter which of these orbitals after filling the 3d orbital.,4d,4f,4s,4p,,D,,deep_visual_recheck,BUMHS-2025 Blue,15
955,2025-bumhs-2025-89-955,2025,BUMHS-2025,Blue,Chemistry,89,Dehydration of alcohol to form ethene is an example of:,substitution reaction,addition reaction,elimination reaction,redox reaction,,C,,deep_visual_recheck,BUMHS-2025 Blue,16
956,2025-bumhs-2025-90-956,2025,BUMHS-2025,Blue,Chemistry,90,A triatomic molecule must be either linear with bond angle of 180° or else?,t-shape,bent,pyramidal,tetrahedral,,B,,deep_visual_recheck,BUMHS-2025 Blue,16
957,2025-bumhs-2025-91-957,2025,BUMHS-2025,Blue,Chemistry,91,"If molecules have strong dipole dipole force, then they have high?",heat of neutralization,heat of combustion,heat of vaporization,heat atomization,,C,,deep_visual_recheck,BUMHS-2025 Blue,16
958,2025-bumhs-2025-92-958,2025,BUMHS-2025,Blue,Chemistry,92,Which one is the most volatile liquid?,water,methanol,benzene,diethylether,,D,,deep_visual_recheck,BUMHS-2025 Blue,16
959,2025-bumhs-2025-93-959,2025,BUMHS-2025,Blue,Chemistry,93,The molecules that has non zero dipole moment is?,CO₂,CO,BF₃,AlCl₃,,B,,deep_visual_recheck,BUMHS-2025 Blue,16
960,2025-bumhs-2025-94-960,2025,BUMHS-2025,Blue,Chemistry,94,Which element has smallest ionic radius?,Li⁺,Na⁺,K⁺,Rb⁺,,A,,deep_visual_recheck,BUMHS-2025 Blue,16
961,2025-bumhs-2025-95-961,2025,BUMHS-2025,Blue,Chemistry,95,"When liquids are heated, volume __________.",decreases,increases,remains same,cannot be measured,,B,,deep_visual_recheck,BUMHS-2025 Blue,16
962,2025-bumhs-2025-96-962,2025,BUMHS-2025,Blue,Chemistry,96,Which metal hydroxide is stable to heat?,Li,Na,Mg,Ca,,B,,deep_visual_recheck,BUMHS-2025 Blue,16
963,2025-bumhs-2025-97-963,2025,BUMHS-2025,Blue,Chemistry,97,Which one of the following reactions involve either oxidation or reduction EXCEPT:,CH₄ + 2O₂ → CO₂ + 2H₂O,Cu²⁺ + Zn → Zn²⁺ + Cu,CuO + H₂SO₄ → CuSO₄ + H₂O,Zn + H₂SO₄ → ZnSO₄ + H₂,,C,,deep_visual_recheck,BUMHS-2025 Blue,17
964,2025-bumhs-2025-98-964,2025,BUMHS-2025,Blue,Chemistry,98,"If intermolecular forces between gas molecules disappear suddenly, which of the following would happen?",pressure decreases,pressure increases,gas collapses,pressure remain unchanged,,B,,deep_visual_recheck,BUMHS-2025 Blue,17
965,2025-bumhs-2025-99-965,2025,BUMHS-2025,Blue,Chemistry,99,Which one has strongest metallic bond?,Na,Mg,Al,P,,C,,deep_visual_recheck,BUMHS-2025 Blue,17
966,2025-bumhs-2025-100-966,2025,BUMHS-2025,Blue,Chemistry,100,Rate constant depends upon:,Volume,Temperature,Concentration,Pressure,,B,,deep_visual_recheck,BUMHS-2025 Blue,17
967,2025-bumhs-2025-101-967,2025,BUMHS-2025,Blue,Chemistry,101,"Which monomer is used for synthesis of nylon 6,6?",sobacoyl chloride,methylene diamine,"heptane-1,7-dioic acid",hexamethylene diamine,,D,,deep_visual_recheck,BUMHS-2025 Blue,17
968,2025-bumhs-2025-102-968,2025,BUMHS-2025,Blue,Chemistry,102,Aromatic compound that is more likely to undergo Friedel-Craft alkylation is _____________.,benzene,toluene,nitrobenzene,benzaldehyde,,B,,deep_visual_recheck,BUMHS-2025 Blue,17
969,2025-bumhs-2025-103-969,2025,BUMHS-2025,Blue,Chemistry,103,The IUPAC name for CH₃-CH₂-CO-CH₂-CHO is :,3-one pentanal,3-oxo pentanal,3-one pentanol,3-oxo pentanol,,B,,deep_visual_recheck,BUMHS-2025 Blue,17
970,2025-bumhs-2025-104-970,2025,BUMHS-2025,Blue,Chemistry,104,n + l value for 4d orbital is:,4,5,6,7,,C,,deep_visual_recheck,BUMHS-2025 Blue,18
971,2025-bumhs-2025-105-971,2025,BUMHS-2025,Blue,Chemistry,105,"At constant temperature, when the pressure of gas is increased three times then its volume becomes:",2V/3,3V,V/3,5V,,C,,deep_visual_recheck,BUMHS-2025 Blue,18
972,2025-bumhs-2025-106-972,2025,BUMHS-2025,Blue,Chemistry,106,"Ketones when treated with LiAlH₄ in the presence of dry ether, they are converted to:",Primary Alcohol,Monohyderic alcohol,Secondary alcohol,Dihyderic alcohol,,C,,deep_visual_recheck,BUMHS-2025 Blue,18
973,2025-bumhs-2025-107-973,2025,BUMHS-2025,Blue,Chemistry,107,A terminal alkyne is treated with lindler catalyst and Hydrogen. The major product is:,Trans- alkene,Cis-alkene,alkane,vinyl chloride,,B,,deep_visual_recheck,BUMHS-2025 Blue,18
974,2025-bumhs-2025-108-974,2025,BUMHS-2025,Blue,Chemistry,108,A student starts a reaction expecting to get 28g of product. After isolating and drying the product she obtains 18g. Later it was found that 4g was lost due to spillage. What is the actual and percentage yield?,14g and 50%,18g and 75%,28g and 85%,24g and 90%,,A,,deep_visual_recheck,BUMHS-2025 Blue,18
975,2025-bumhs-2025-109-975,2025,BUMHS-2025,Blue,Chemistry,109,Common name of pentanoic acid is,valeric acid,caproic acid,stearic acid,oxalic acid,,A,,deep_visual_recheck,BUMHS-2025 Blue,18
976,2025-bumhs-2025-110-976,2025,BUMHS-2025,Blue,Chemistry,110,Which one of the following is an exothermic process?,Melting of ice,Evaporation of water,Oxidation of Sulphur,Photosynthesis,,C,,deep_visual_recheck,BUMHS-2025 Blue,19
977,2025-bumhs-2025-111-977,2025,BUMHS-2025,Blue,Chemistry,111,"If an electrophile is the attacking reagent, which one is the most reactive?",R-I,R-F,R-Br,R-Cl,,B,,deep_visual_recheck,BUMHS-2025 Blue,19
978,2025-bumhs-2025-112-978,2025,BUMHS-2025,Blue,Chemistry,112,The activation energy of a reaction is usually:,Unaffected by the process of a catalyst.,Low for the reaction that takes place slowly.,Different for the forward and backward reaction.,Increases with rise in temperature.,,C,,deep_visual_recheck,BUMHS-2025 Blue,19
979,2025-bumhs-2025-113-979,2025,BUMHS-2025,Blue,Chemistry,113,Which of the following mechanism involves a carbocation intermediate?,E₁ mechanism,E₂ mechanism,SN₁ mechanism,SN₂ mechanism,,C,,deep_visual_recheck,BUMHS-2025 Blue,19
980,2025-bumhs-2025-114-980,2025,BUMHS-2025,Blue,Chemistry,114,What is formed by homolysis of covalent bond?,free radical,molecule,ion,atom,,A,,deep_visual_recheck,BUMHS-2025 Blue,19
981,2025-bumhs-2025-115-981,2025,BUMHS-2025,Blue,Chemistry,115,Which of the following reaction is the characteristic of alkene?,Electrophilic addition,Nucleophilic substitution,Free radical substitution,Elimination,,A,,deep_visual_recheck,BUMHS-2025 Blue,19
982,2025-bumhs-2025-116-982,2025,BUMHS-2025,Blue,Chemistry,116,Toluene reacts with bromine in the presence of UV light to produce:,m-bromotoluene,benzylbromide,o-bromotoluene,bromobenzene,,B,,deep_visual_recheck,BUMHS-2025 Blue,20
983,2025-bumhs-2025-117-983,2025,BUMHS-2025,Blue,Chemistry,117,Reaction of Phenol with Acetyl chloride will yield:,Alcohol,Ester,Carboxylic acid,Ether,,B,,deep_visual_recheck,BUMHS-2025 Blue,20
984,2025-bumhs-2025-118-984,2025,BUMHS-2025,Blue,Chemistry,118,"Consider the reaction: 2Na + Cl₂ → 2NaCl If 4 moles of Na and 2 moles of Cl₂ are reacted, how much Cl₂ will remain unreacted?",0 mol,0.5 mol,1 mol,1.5 mol,,A,,deep_visual_recheck,BUMHS-2025 Blue,20
985,2025-bumhs-2025-119-985,2025,BUMHS-2025,Blue,Chemistry,119,Unit of rate constant for a particular reaction depends upon the:,temperature of reaction,activation energy of reaction,molecularity of reaction,order of reaction,,D,,deep_visual_recheck,BUMHS-2025 Blue,20
986,2025-bumhs-2025-120-986,2025,BUMHS-2025,Blue,Chemistry,120,Expression for Boyle's law is:,V α n,V α P⁻¹,T α P,P α n,,B,,deep_visual_recheck,BUMHS-2025 Blue,20
987,2025-bumhs-2025-121-987,2025,BUMHS-2025,Blue,Chemistry,121,"A molecule will be chiral, if it has:",three different group,no element of symmetry,superimposed,mirror image,,B,,deep_visual_recheck,BUMHS-2025 Blue,20
988,2025-bumhs-2025-122-988,2025,BUMHS-2025,Blue,Chemistry,122,Which hydride of group VIIA has lowest boiling point?,HF,HCl,HBr,HI,,D,,deep_visual_recheck,BUMHS-2025 Blue,20
989,2025-bumhs-2025-123-989,2025,BUMHS-2025,Blue,Chemistry,123,"Kc value will change, if we change:",Pressure,Temperature,Concentration,any one,,B,,deep_visual_recheck,BUMHS-2025 Blue,21
990,2025-bumhs-2025-124-990,2025,BUMHS-2025,Blue,Chemistry,124,"The N-F-N bond in NF is 101.9° -102.4°, much lesser than in ammonia due to:",Presence of lone pair on F,high electronegativity of F,large size of F,Its drawback of VSEPR,,B,,deep_visual_recheck,BUMHS-2025 Blue,21
991,2025-bumhs-2025-125-991,2025,BUMHS-2025,Blue,Chemistry,125,"NO₂⁻ → NO₃⁻ + ne⁻. Value of ""n"" by the oxidation number method is:",1,2,3,6,,B,,deep_visual_recheck,BUMHS-2025 Blue,21
992,2025-bumhs-2025-126-992,2025,BUMHS-2025,Blue,Chemistry,126,"Reaction of toluene with chlorine in presence of Lewis catalyst, the major product will be:",o-chlorotoluene,m-chlorotoluene,p-chlorotoluene,equal mixture of o and p toluene,,C,,deep_visual_recheck,BUMHS-2025 Blue,21
993,2025-bumhs-2025-127-993,2025,BUMHS-2025,Blue,Physics,127,"If a photon of gamma ray and one of x-ray are compared, then:",x-ray photon has more energy,Both have same energy,Gamma-ray photon has more energy,Both have same wavelength,,C,,deep_visual_recheck,BUMHS-2025 Blue,22
994,2025-bumhs-2025-128-994,2025,BUMHS-2025,Blue,Physics,128,"The dot product of two vectors is negative. If one vector lies along the positive x-axis, then the projection of second vector is along:",x.axis,- x-axis,y-axis,- y-axis,,B,,deep_visual_recheck,BUMHS-2025 Blue,22
995,2025-bumhs-2025-129-995,2025,BUMHS-2025,Blue,Physics,129,"If two points are at the same potential in a electric field, then the work done in moving a unit positive charge from one point to another is equal to:",- 0.5 J,0 J,1 J,2 J,,B,,deep_visual_recheck,BUMHS-2025 Blue,22
996,2025-bumhs-2025-130-996,2025,BUMHS-2025,Blue,Physics,130,"A string vibrates in the first, second and third harmonics. The ratio of their wavelength is:",1 : 2 : 3,3 : 2 : 1,1 : 4 : 9,3 : 6 : 9,,B,,deep_visual_recheck,BUMHS-2025 Blue,22
997,2025-bumhs-2025-131-997,2025,BUMHS-2025,Blue,Physics,131,The angle that a body covers at the center of the circle in three turns in radian is:,0,3,10.8,18.8,,D,,deep_visual_recheck,BUMHS-2025 Blue,22
998,2025-bumhs-2025-132-998,2025,BUMHS-2025,Blue,Physics,132,The efficiency of an emf source becomes 50% when the load resistance is equal to:,internal resistance,double the internal resistance,half the internal resistance,zero,,A,,deep_visual_recheck,BUMHS-2025 Blue,22
999,2025-bumhs-2025-133-999,2025,BUMHS-2025,Blue,Physics,133,"If the length of a copper wire connected in a circuit is doubled, its resistivity:",Becomes half,Becomes double,Becomes four times,Remains same,,D,,deep_visual_recheck,BUMHS-2025 Blue,22
1000,2025-bumhs-2025-134-1000,2025,BUMHS-2025,Blue,Physics,134,"If the angle between force and velocity is 90°, the power delivered by the force is:",Zero,Maximum,Minimum but not zero,Infinite,,A,,deep_visual_recheck,BUMHS-2025 Blue,23
1001,2025-bumhs-2025-135-1001,2025,BUMHS-2025,Blue,Physics,135,A ball is thrown vertically upward with a certain velocity making an angle with the horizontal (neglecting air resistance). With the passage of time horizontal component of velocity __________.,Increases,Decreases,Remains same,First decreases then increases,,C,,deep_visual_recheck,BUMHS-2025 Blue,23
1002,2025-bumhs-2025-136-1002,2025,BUMHS-2025,Blue,Physics,136,A capacitor of capacitance 2 μF is connected in series with 1 MΩ resistance and 12 volts battery. The time taken by this capacitor take to 63% of its equilibrium charge will be:,1 second,2 seconds,10 seconds,Infinite,,B,,deep_visual_recheck,BUMHS-2025 Blue,23
1003,2025-bumhs-2025-137-1003,2025,BUMHS-2025,Blue,Physics,137,"A rolling cart collides with a stationary cart of equal mass. After the collision, both move together, momentum is still conserved because:",Masses are equal,No external force acts on the system,Both move with the same speed,Internal forces are very small,,B,,deep_visual_recheck,BUMHS-2025 Blue,23
1004,2025-bumhs-2025-138-1004,2025,BUMHS-2025,Blue,Physics,138,An electric field exists in a region if:,A test charge experiences a force,Voltage is zero,Charge density is uniform,The medium is vacuum,,A,,deep_visual_recheck,BUMHS-2025 Blue,23
1005,2025-bumhs-2025-139-1005,2025,BUMHS-2025,Blue,Physics,139,Dot product of two unit vectors is:,1,0,cosθ,AB cosθ,,C,,deep_visual_recheck,BUMHS-2025 Blue,23
1006,2025-bumhs-2025-140-1006,2025,BUMHS-2025,Blue,Physics,140,"According to the Faraday's law of electromagnetic induction, emf induced in a coil placed in changing magnetic field, depends upon:",the magnetic field,amount of current,resistance of a coil,the rate of change of magnetic flux,,D,,deep_visual_recheck,BUMHS-2025 Blue,24
1007,2025-bumhs-2025-141-1007,2025,BUMHS-2025,Blue,Physics,141,"A 4kg box initially at rest is pulled along a frictionless surface by a constant horizontal force of 8N. After 15 seconds, its kinetic energy is:",120 J,600 J,960 J,1800 J,,D,,deep_visual_recheck,BUMHS-2025 Blue,24
1008,2025-bumhs-2025-142-1008,2025,BUMHS-2025,Blue,Physics,142,The ratio of longest to shortest wave lengths in Bracket series of hydrogen spectrum is:,25/9,17/6,9/5,4/3,,A,,deep_visual_recheck,BUMHS-2025 Blue,24
1009,2025-bumhs-2025-143-1009,2025,BUMHS-2025,Blue,Physics,143,"For a diode, the depletion region of a PN junction has:",Free positive charges,Free negative charges,Positive and negative ions,No free charges,,D,,deep_visual_recheck,BUMHS-2025 Blue,24
1010,2025-bumhs-2025-144-1010,2025,BUMHS-2025,Blue,Physics,144,"When a battery is being charged, the direction of current inside the battery:",is from positive to negative terminal,is the same as the direction of emf,is opposite to the direction of emf,depends on the load resistance,,C,,deep_visual_recheck,BUMHS-2025 Blue,24
1011,2025-bumhs-2025-145-1011,2025,BUMHS-2025,Blue,Physics,145,Two standing waves vibrate in fundamental mode in two organ pipes A (open) and B ( closed) each of length 60cm. The ratio of frequency of A to B is:,1 : 2,1 : 1,2 : 1,2 : 3,,C,,deep_visual_recheck,BUMHS-2025 Blue,24
1012,2025-bumhs-2025-146-1012,2025,BUMHS-2025,Blue,Physics,146,The result of vector product of two vectors:,number,unit,number and unit,magnitude and a unit vector,,D,,deep_visual_recheck,BUMHS-2025 Blue,24
1013,2025-bumhs-2025-147-1013,2025,BUMHS-2025,Blue,Physics,147,"The average speed of a body in a given interval of time is equal to the average velocity, if:",The speed of the body remains uniform.,The body moves with constant acceleration.,The body moves along a straight path.,The body returns to its starting point.,,C,,deep_visual_recheck,BUMHS-2025 Blue,25
1014,2025-bumhs-2025-148-1014,2025,BUMHS-2025,Blue,Physics,148,"A proton and an electron are held stationary at a distance r in a uniform electric field. If released, how does their potential energy change?",Increases,Decreases,Remains constant,"First increases, then decreases",,B,,deep_visual_recheck,BUMHS-2025 Blue,25
1015,2025-bumhs-2025-149-1015,2025,BUMHS-2025,Blue,Physics,149,If vector A = 2î + ĵ + 3k̂ is perpendicular to B = î + ĵ + xk̂ then x =,3,-3,1,-1,,D,,deep_visual_recheck,BUMHS-2025 Blue,25
1016,2025-bumhs-2025-150-1016,2025,BUMHS-2025,Blue,Physics,150,The magnitude of electric field intensity due to a point charge q at a distance r in vacuum is given by:,E = q/r²,E = kq/r,E = kq/r²,E = k/r²,,C,,deep_visual_recheck,BUMHS-2025 Blue,25
1017,2025-bumhs-2025-151-1017,2025,BUMHS-2025,Blue,Physics,151,The power transmission lines delivering same amount of power. An increase in current will increase:,Heat produced in the wires,Voltage output,Frequency of AC,Mechanical stress on the wires,,A,,deep_visual_recheck,BUMHS-2025 Blue,25
1018,2025-bumhs-2025-152-1018,2025,BUMHS-2025,Blue,Physics,152,"When the diameter of a blood vessel narrows, the velocity and pressure of blood will: Options Velocity Pressure A. increase increase B. increase decrease C. decrease increase D. decrease decrease",A,B,C,D,,B,,deep_visual_recheck,BUMHS-2025 Blue,25
1019,2025-bumhs-2025-153-1019,2025,BUMHS-2025,Blue,Physics,153,A progressive wave differs from a stationary wave because in progressive wave:,particles remain at fixed nodes,particles oscillate and transfer energy,particles stay at anti-nodes,particles move forward with the wave,,B,,deep_visual_recheck,BUMHS-2025 Blue,26
1020,2025-bumhs-2025-154-1020,2025,BUMHS-2025,Blue,Physics,154,"For an ideal gas, the relation between molar specific heats Cp and Cv is:",Cp = Cv + R,Cp = Cv – R,Cv = Cp + R,Cp = R - Cv,,A,,deep_visual_recheck,BUMHS-2025 Blue,26
1021,2025-bumhs-2025-155-1021,2025,BUMHS-2025,Blue,Physics,155,"If the capacitance in a purely capacitive AC circuit is doubled, the current will be:",Double,Become half,Remain same,Decrease to the fourth,,A,,deep_visual_recheck,BUMHS-2025 Blue,26
1022,2025-bumhs-2025-156-1022,2025,BUMHS-2025,Blue,Physics,156,The coulomb repulsive force between two protons inside a nucleus is much higher than the gravitational attractive force by a factor of approximately ____.,10³⁶,10⁻³⁶,10⁻¹⁵,10¹²,,A,,deep_visual_recheck,BUMHS-2025 Blue,26
1023,2025-bumhs-2025-157-1023,2025,BUMHS-2025,Blue,Physics,157,A particle is moving in a uniform circular path of radius 4cm with velocity 4cm/s. The maximum acceleration of its projection executing simple harmonic motion on horizontal diameter is:,4 cm/s²,8 cm/s²,12 cm/s²,16 cm/s²,,A,,deep_visual_recheck,BUMHS-2025 Blue,26
1024,2025-bumhs-2025-158-1024,2025,BUMHS-2025,Blue,Physics,158,"On increasing the length of a wire, the specific resistance (resistivity) of the wire:",increases,decreases,remains unchanged,"first increases, then decreases",,C,,deep_visual_recheck,BUMHS-2025 Blue,26
1025,2025-bumhs-2025-159-1025,2025,BUMHS-2025,Blue,Physics,159,Water flows through a horizontal pipe with area of 0.02 m² at 3m/s. The pipe narrows to 0.01 m². The velocity in the narrow section is:,0.5 m/s,1.5 m/s,3 m/s,6 m/s,,D,,deep_visual_recheck,BUMHS-2025 Blue,27
1026,2025-bumhs-2025-160-1026,2025,BUMHS-2025,Blue,Physics,160,Bernoulli's principle helps explain why blood pressure drops when blood velocity:,Increases in narrow vessel,Decreases in narrow vessel,Increases in wide vessel,Decreases in wide vessel,,A,,deep_visual_recheck,BUMHS-2025 Blue,27
1027,2025-bumhs-2025-161-1027,2025,BUMHS-2025,Blue,Physics,161,A man pushes a wall with a force of 100 N for 10 seconds. The work done by the man on the wall is:,1000 J,100J,10 J,zero,,D,,deep_visual_recheck,BUMHS-2025 Blue,27
1028,2025-bumhs-2025-162-1028,2025,BUMHS-2025,Blue,Physics,162,"F is the force between two identical charges each with a charge (e) separated by a distance (r). If the separation is made quarter of the initial separation (r), then the new force in terms F can be written as:",F/4,16F,32F,F,,B,,deep_visual_recheck,BUMHS-2025 Blue,27
1029,2025-bumhs-2025-163-1029,2025,BUMHS-2025,Blue,English,163,Choose the word with incorrect spelling:,sagacious,foremost,berister,pneumonia,,C,,deep_visual_recheck,BUMHS-2025 Blue,28
1030,2025-bumhs-2025-164-1030,2025,BUMHS-2025,Blue,English,164,"What is the correct reported speech for the given sentence? He said, "" I am going to the store.""",He said that he was going to the store.,He said that he is going to the store.,He said that he has been going to the store.,He said that he had been going to the store.,,A,,deep_visual_recheck,BUMHS-2025 Blue,28
1031,2025-bumhs-2025-165-1031,2025,BUMHS-2025,Blue,English,165,Pick out the sentence with appropriate use of transitional device.,She likes to read books but watch movies.,She is a talented musician likewise a gifted painter.,She is not only intelligent but also very kind.,"Second; gather your material. First, begin your project.",,C,,deep_visual_recheck,BUMHS-2025 Blue,28
1032,2025-bumhs-2025-166-1032,2025,BUMHS-2025,Blue,English,166,The students decided to meet the teacher and request him for a favour. The main verb in this sentence is:,meet,request,meet & request,decided,,D,,deep_visual_recheck,BUMHS-2025 Blue,28
1033,2025-bumhs-2025-167-1033,2025,BUMHS-2025,Blue,English,167,Which sentence implies that it was unexpected that she took the test.,She even took the test.,She took even the test.,Even she took the test.,She took the test even.,,C,,deep_visual_recheck,BUMHS-2025 Blue,28
1034,2025-bumhs-2025-168-1034,2025,BUMHS-2025,Blue,English,168,"Which version improves tone and formality in the sentence: ""You boys need to submit the paper ASAP.""",You should submit the paper as soon as you can.,Everyone needs to get the paper in quickly.,The paper should be submitted as soon as possible.,Y’all better hand it in now.,,C,,deep_visual_recheck,BUMHS-2025 Blue,29
1035,2025-bumhs-2025-169-1035,2025,BUMHS-2025,Blue,English,169,"""She remained stoic during the crisis, refusing to show fear or distress."" Deduce the meaning of underlined word from the given sentence.",Anxious,Resilient,Angry,Confused,,B,,deep_visual_recheck,BUMHS-2025 Blue,29
1036,2025-bumhs-2025-170-1036,2025,BUMHS-2025,Blue,English,170,Many follow exactly what is written in the ____________.,scripturies,screptures,scriptures,scripttures,,C,,deep_visual_recheck,BUMHS-2025 Blue,29
1037,2025-bumhs-2025-171-1037,2025,BUMHS-2025,Blue,English,171,Identify the sentence that uses inversion correctly:,Rarely I have seen such a beautiful scene.,Rarely have I seen such a beautiful scene.,Rarely seen I have such a beautiful scene.,Rarely I seen have such a beautiful scene.,,B,,deep_visual_recheck,BUMHS-2025 Blue,29
1038,2025-bumhs-2025-172-1038,2025,BUMHS-2025,Blue,Logical Reasoning,172,"CAT is to DOG, as MOUSE is to:",RAT,CAT,DOG,CHEESE,,B,,deep_visual_recheck,BUMHS-2025 Blue,30
1039,2025-bumhs-2025-173-1039,2025,BUMHS-2025,Blue,Logical Reasoning,173,Prohibiting smoking in public areas will reduce the occurrence of lung disease. What assumption is present here?,Banning smoking has no impact on lung disease rates.,"Hence all people live in public areas therefore, banning smoking will eliminate lung disease.",Smoking is the sole cause of lung disease.,Smoking in public places plays a major role in causing lung disease.,,D,,deep_visual_recheck,BUMHS-2025 Blue,30
1040,2025-bumhs-2025-174-1040,2025,BUMHS-2025,Blue,Logical Reasoning,174,What would be the result of: 10 - 3 × 2 ?,4,6,14,17,,A,,deep_visual_recheck,BUMHS-2025 Blue,30
1041,2025-bumhs-2025-175-1041,2025,BUMHS-2025,Blue,Logical Reasoning,175,"Consider the pattern in the given picture. If the pattern is continued, then the image in box 12 will resemble the image No.?",1,2,3,4,,D,,deep_visual_recheck,BUMHS-2025 Blue,30
1042,2025-bumhs-2025-176-1042,2025,BUMHS-2025,Blue,Logical Reasoning,176,"In a certain university, 25% candidates failed university admission test. Of those who passed the test, 80% got the admission in the university. If 1800 got admission, how many candidates appear in the test?",9000,6000,5000,3000,,D,,deep_visual_recheck,BUMHS-2025 Blue,31
1043,2025-bumhs-2025-177-1043,2025,BUMHS-2025,Blue,Logical Reasoning,177,"If a person earns Rs. 1000 in the first week and their income doubles each week, how much will they earn in the 4th week?",Rs. 4000,Rs. 3000,Rs. 8000,Rs. 16000,,C,,deep_visual_recheck,BUMHS-2025 Blue,31
1044,2025-bumhs-2025-178-1044,2025,BUMHS-2025,Blue,Logical Reasoning,178,Which of the following represents an environmental factor that could lead to incidents?,Lack of experience,Machine malfunctioning,A storm leading to power disruptions,A design flaw,,C,,deep_visual_recheck,BUMHS-2025 Blue,31
1045,2025-bumhs-2025-179-1045,2025,BUMHS-2025,Blue,Logical Reasoning,179,"The age of a man is twice that of his daughter. If the man is 36 years old, what was the daughter’s age 4 years ago?",14 years,18 years,20 years,10 years,,A,,deep_visual_recheck,BUMHS-2025 Blue,31
1046,2025-bumhs-2025-180-1046,2025,BUMHS-2025,Blue,Logical Reasoning,180,"A man walks 12 meters north, then turns right and walks 8 meters, then turns right again and walks 12 meters. He finally turns left and walks 5 meters. What is the distance between his starting and ending point?",5m,8m,13m,17m,,C,,deep_visual_recheck,BUMHS-2025 Blue,31
1047,2025-kmu-mdcat-2025-1-1047,2025,KMU-MDCAT-2025,D,Biology,1,BIOLOGY Intrinsic factor secreted by parietal cells is essential for:,Activation of pepsinogen to pepsin,Absorption of vitamin By in the intestine,Emulsification of dietary fats,Neutralization of stomach acid in the duodenum,,B,,ocr_visual,KMU-MDCAT-2025 D,36
1048,2025-kmu-mdcat-2025-2-1048,2025,KMU-MDCAT-2025,D,Biology,2,The Delta D cells in the Islets of Langerhans secrete:,Insulin,Somatostatin,Glucagon,Pancreatic polypeptide,,B,,ocr_visual,KMU-MDCAT-2025 D,36
1049,2025-kmu-mdcat-2025-3-1049,2025,KMU-MDCAT-2025,D,Biology,3,Identify the main function of duodenum:,Bile storage,Absorption of water,Digestion of food,Waste storage,,C,,ocr_visual,KMU-MDCAT-2025 D,36
1050,2025-kmu-mdcat-2025-4-1050,2025,KMU-MDCAT-2025,D,Biology,4,Which stage of the swallowing process prevents food or liquid from being aspirated to the lungs?,Oral,Pharyngeal,Oesophageal,Peristalsis,,B,,ocr_visual,KMU-MDCAT-2025 D,36
1051,2025-kmu-mdcat-2025-5-1051,2025,KMU-MDCAT-2025,D,Biology,5,Which type of nephron is responsible for the development of osmotic gradients in the renal medulla?,Glomerular,Cortical,Juxtamedullary,Medullary,,C,,ocr_visual,KMU-MDCAT-2025 D,36
1052,2025-kmu-mdcat-2025-6-1052,2025,KMU-MDCAT-2025,D,Biology,6,Which of the following best describes how the distal convoluted tubule contributes to regulation of blood pH in the body?,Selective reabsorption of Glucose,Active secretion of hydrogen ions into the filtrate,Active secretion of sodium from the glomerular filtrate,Tubular reabsorption of potassium ions,,B,,ocr_visual,KMU-MDCAT-2025 D,36
1053,2025-kmu-mdcat-2025-7-1053,2025,KMU-MDCAT-2025,D,Biology,7,The sodium potassium pumps in the distal convoluted tubule are activated by:,Aldosterone,Antidiuretic hormone,Anti-natriuretic peptide,Renin,,A,,ocr_visual,KMU-MDCAT-2025 D,36
1054,2025-kmu-mdcat-2025-8-1054,2025,KMU-MDCAT-2025,D,Biology,8,"If a person drinks excessive amount of water, how does the kidney respond to maintaining osmoregulation?",Increase ADH release and water reabsorption,Increase aldosterone release and reabsorb more sodium,Decrease ADH release and increase water excretion,Decrease renin secretion and retain more water,,C,,ocr_visual,KMU-MDCAT-2025 D,36
1055,2025-kmu-mdcat-2025-9-1055,2025,KMU-MDCAT-2025,D,Biology,9,The primary function of glomerular capillaries is:,Reabsorption of water and solutes from the renal tubules,Secretion of waste products from the blood into the tubules,Filtration of blood from glomerular filtrate,Supply of nutrients and oxygen to the kidney tissue,,C,,ocr_visual,KMU-MDCAT-2025 D,36
1056,2025-kmu-mdcat-2025-10-1056,2025,KMU-MDCAT-2025,D,Biology,10,"In a heat stroke the hypothalamus will detect an increase in core body temperature, which of the following response is triggered?",Vasoconstriction and shivering,Vasodilation and sweating,Increased metabolic rate,Release of thyroxin,,B,,ocr_visual,KMU-MDCAT-2025 D,36
1057,2025-kmu-mdcat-2025-11-1057,2025,KMU-MDCAT-2025,D,Biology,11,Which nitrogenous waste has the lowest solubility in water?,Urea,Ammonia,Uric acid,Nitrite,,C,,ocr_visual,KMU-MDCAT-2025 D,36
1058,2025-kmu-mdcat-2025-12-1058,2025,KMU-MDCAT-2025,D,Biology,12,"By nature, human excretory system is:",Ammoniotelic,Uricotelic,Ureotelic,Aminotelic,,C,,ocr_visual,KMU-MDCAT-2025 D,36
1059,2025-kmu-mdcat-2025-13-1059,2025,KMU-MDCAT-2025,D,Biology,13,Hyperparathyroidism may lead to the formation of:,Calcium phosphate stones,Uric acid stones,Cystine stones,Struvite stones,,A,,ocr_visual,KMU-MDCAT-2025 D,36
1060,2025-kmu-mdcat-2025-14-1060,2025,KMU-MDCAT-2025,D,Biology,14,"In somatic cell hybridization, which two cells are fused to produce monoclonal antibodies?",T-cells and nerve cells,B-lymphocytes and spleen cells,T-cells and liver cells,B-lymphocytes and macrophages,,B,,ocr_visual,KMU-MDCAT-2025 D,36
1061,2025-kmu-mdcat-2025-15-1061,2025,KMU-MDCAT-2025,D,Biology,15,"In molecular diagnostics, the primary function of DNA/RNA probes is to:",Replace malfunctioning genes in effected cells,Bind to specific DNA or RNA sequences for identification,Cut genetic material at precise locations,Stimulate immune responses against disease-causing organisms,,B,,ocr_visual,KMU-MDCAT-2025 D,36
1062,2025-kmu-mdcat-2025-16-1062,2025,KMU-MDCAT-2025,D,Biology,16,"A set of uniform proteins generated by genetically identical immune cells, cloned froma single original cell, are:",Therapeutic proteins,Immunoglobulins,Monoclonal antibodies,Recombinant proteins,,C,,ocr_visual,KMU-MDCAT-2025 D,36
1063,2025-kmu-mdcat-2025-17-1063,2025,KMU-MDCAT-2025,D,Biology,17,Which biotechnological product is used to replace an abnormal gene in a patient's cells?,Antibiotic,Vaccine,Vector,Interferon,,C,,ocr_visual,KMU-MDCAT-2025 D,36
1064,2025-kmu-mdcat-2025-18-1064,2025,KMU-MDCAT-2025,D,Biology,18,"In Watson and Crick's DNA model, which of the following pairs with Cytosine?",Adenine,Guanine,Thymine,Uracil,,B,,ocr_visual,KMU-MDCAT-2025 D,36
1065,2025-kmu-mdcat-2025-19-1065,2025,KMU-MDCAT-2025,D,Biology,19,Fats are considered as a very efficient source of energy because they:,Produce ATP directly and without requiring respiration,Enter into glycolysis without any modification,Are highly oxidized compounds,Generate multiple acetyl groups that produce more ATP,,D,,ocr_visual,KMU-MDCAT-2025 D,37
1066,2025-kmu-mdcat-2025-20-1066,2025,KMU-MDCAT-2025,D,Biology,20,The junction between two consecutive neurons where information is transmitted from one neuron to the next is called:,Node of Ranvier,Synapse,Axon terminal,Dendrite cleft,,B,,ocr_visual,KMU-MDCAT-2025 D,37
1067,2025-kmu-mdcat-2025-21-1067,2025,KMU-MDCAT-2025,D,Biology,21,All of the following are the functions of Golgi bodies EXCEPT:,Processing of protein,Plasma membrane formation,Cellular respiration,Lysosome formation,,C,,ocr_visual,KMU-MDCAT-2025 D,37
1068,2025-kmu-mdcat-2025-22-1068,2025,KMU-MDCAT-2025,D,Biology,22,Which ion is tenfold higher in concentration outside the membrane of neuron during resting potential?,Potassium,Sodium,Calcium,Hydrogen,,B,,ocr_visual,KMU-MDCAT-2025 D,37
1069,2025-kmu-mdcat-2025-23-1069,2025,KMU-MDCAT-2025,D,Biology,23,"All of the following are the modes of transmission of AIDS, EXCEPT:",Transfusion of infected blood,Sharing infected needles,Shaking hands with infected person,Sexual contact with infected person,,C,,ocr_visual,KMU-MDCAT-2025 D,37
1070,2025-kmu-mdcat-2025-24-1070,2025,KMU-MDCAT-2025,D,Biology,24,Which organelle of the cell is involved in the detoxification of toxins and poisonous compounds?,Lysosomes,Smooth Endoplasmic Reticulum,Ribosomes,Mitochondria,,B,,ocr_visual,KMU-MDCAT-2025 D,37
1071,2025-kmu-mdcat-2025-25-1071,2025,KMU-MDCAT-2025,D,Biology,25,The active site is important in enzyme action because:,It binds to the substrate,It maintains the pH of reaction,It provides energy for reaction,It changes the shape of the enzyme,,A,,ocr_visual,KMU-MDCAT-2025 D,37
1072,2025-kmu-mdcat-2025-26-1072,2025,KMU-MDCAT-2025,D,Biology,26,The idea that acquired characters are inherited is part of:,Darwinism,Neo Darwinism,Lamarckism,Biogenesis,,C,,ocr_visual,KMU-MDCAT-2025 D,37
1073,2025-kmu-mdcat-2025-27-1073,2025,KMU-MDCAT-2025,D,Biology,27,Which disease is caused by enveloped virus?,Leaf curl disease of cotton,Flu,Polio,Hepatitis A,,B,,ocr_visual,KMU-MDCAT-2025 D,37
1074,2025-kmu-mdcat-2025-28-1074,2025,KMU-MDCAT-2025,D,Biology,28,The glycoproteins are commonly found in:,Mitochondria,Chloroplasts,Ribosomes,Plasma membrane,,D,,ocr_visual,KMU-MDCAT-2025 D,37
1075,2025-kmu-mdcat-2025-29-1075,2025,KMU-MDCAT-2025,D,Biology,29,Which structure enables the exchange of material between nucleus and cytoplasm?,Plasma membrane,Nuclear pores,Lysosomes,Mitochondria,,B,,ocr_visual,KMU-MDCAT-2025 D,37
1076,2025-kmu-mdcat-2025-30-1076,2025,KMU-MDCAT-2025,D,Biology,30,The high specific heat capacity of water is due to:,lonic bonding,Hydrogen bonding,Covalent bonding,Hydrophilic bonding,,B,,ocr_visual,KMU-MDCAT-2025 D,37
1077,2025-kmu-mdcat-2025-31-1077,2025,KMU-MDCAT-2025,D,Biology,31,The contracted region of a chromosome that attaches to spindle fiber is called:,Telomere,Chromatin,Centromere,Nucleosomes,,C,,ocr_visual,KMU-MDCAT-2025 D,37
1078,2025-kmu-mdcat-2025-32-1078,2025,KMU-MDCAT-2025,D,Biology,32,Touching a sharp object stimulates pain receptors. This information is carried to the central nervous system by the?,Motor neuron,Sensory neuron,Associative neuron,Effector neuron,,B,,ocr_visual,KMU-MDCAT-2025 D,37
1079,2025-kmu-mdcat-2025-33-1079,2025,KMU-MDCAT-2025,D,Biology,33,The number of chromosomes in a haploid cell are:,Half the chromosomes in a normal body cell,Double the chromosomes in a normal body cell,Quarter the chromosomes in a normal body cell,Equal to the chromosomes in a normal body cell,,A,,ocr_visual,KMU-MDCAT-2025 D,37
1080,2025-kmu-mdcat-2025-34-1080,2025,KMU-MDCAT-2025,D,Biology,34,Which of the following is a branched polysaccharide found in animals:,Cellulose,Glycogen,Amylose,Chitin,,B,,ocr_visual,KMU-MDCAT-2025 D,37
1081,2025-kmu-mdcat-2025-35-1081,2025,KMU-MDCAT-2025,D,Biology,35,"A substance that binds to an enzyme, but NOT at the active site and reduces the enzyme activity is called a:",Competitive inhibitor,Substrate,Non-Competitive inhibitor,Cofactor,,C,,ocr_visual,KMU-MDCAT-2025 D,37
1082,2025-kmu-mdcat-2025-36-1082,2025,KMU-MDCAT-2025,D,Biology,36,"On the basis of morphological classification, influenza virus is an example of:",Helical capsid virus,Polyhedral capsid virus,Enveloped capsid virus,Non-enveloped capsid virus,,C,,ocr_visual,KMU-MDCAT-2025 D,37
1083,2025-kmu-mdcat-2025-37-1083,2025,KMU-MDCAT-2025,D,Biology,37,Which of the following is NOT a globular protein?,Enzyme,Albumen,Hemoglobin,Collagen,,D,,ocr_visual,KMU-MDCAT-2025 D,37
1084,2025-kmu-mdcat-2025-38-1084,2025,KMU-MDCAT-2025,D,Biology,38,"The state, when a neuron is NOT conducting an impulse during resting membrane potential is called;",Polarized,Depolarized,Repolarized,Hyperpolarized,,A,,ocr_visual,KMU-MDCAT-2025 D,37
1085,2025-kmu-mdcat-2025-39-1085,2025,KMU-MDCAT-2025,D,Biology,39,Which of the following waves travel along a neuron during nerve impulse conduction?,Thermal waves,Magnetic waves,Electromagnetic waves,Electrochemical waves,,D,,ocr_visual,KMU-MDCAT-2025 D,38
1086,2025-kmu-mdcat-2025-40-1086,2025,KMU-MDCAT-2025,D,Biology,40,The reticular formation in the brain runs through which specific regions?,Forebrain and Midbrain,Hindbrain and Midbrain,Cerebellum and Forebrain,Telencephalon and Cerebellum,,B,,ocr_visual,KMU-MDCAT-2025 D,38
1087,2025-kmu-mdcat-2025-41-1087,2025,KMU-MDCAT-2025,D,Biology,41,Enzymes increase the rate of reaction by:,Increasing activation energy,Lowering activation energy,Increasing pH,Decreasing pH,,B,,ocr_visual,KMU-MDCAT-2025 D,38
1088,2025-kmu-mdcat-2025-42-1088,2025,KMU-MDCAT-2025,D,Biology,42,"A diabetic patient is advised to avoid both sucrose and lactose, because they both:",Are structural carbohydrates,Increase blood glucose after hydrolysis,Cannot be digested in human,Act as non-caloric sweeteners,,B,,ocr_visual,KMU-MDCAT-2025 D,38
1089,2025-kmu-mdcat-2025-43-1089,2025,KMU-MDCAT-2025,D,Biology,43,Match the CORRECT structure of the brain with its function:,Medulla: Breathing,Pons: Memory,Cerebellum: Dreaming,Midbrain: Balance,,A,,ocr_visual,KMU-MDCAT-2025 D,38
1090,2025-kmu-mdcat-2025-44-1090,2025,KMU-MDCAT-2025,D,Biology,44,Living cells Do NOT directly acquire energy released from the breakdown of food molecules because:,Glucose cannot be broken down inside the cells,Energy released is too small to be used by the cells,Glucose molecules do not store any energy,"The energy released is too large, leading to heating and wastage",,D,,ocr_visual,KMU-MDCAT-2025 D,38
1091,2025-kmu-mdcat-2025-45-1091,2025,KMU-MDCAT-2025,D,Biology,45,Which properties of water enable it to circulate in living bodies and act as transport medium?,lonization and low density,Cohesion and ionization,lonization and adhesion,Adhesion and cohesion,,D,,ocr_visual,KMU-MDCAT-2025 D,38
1092,2025-kmu-mdcat-2025-46-1092,2025,KMU-MDCAT-2025,D,Biology,46,"A scientist cuts the tails of mice for several generations, but their offspring are always born with tails. This rejects:",Darwinism,Neo Darwinism,Lamarckism,Mutation theory,,C,,ocr_visual,KMU-MDCAT-2025 D,38
1093,2025-kmu-mdcat-2025-47-1093,2025,KMU-MDCAT-2025,D,Biology,47,How are the phospholipid molecules arranged in the plasma membrane?,Hydrophilic heads face inwards and hydrophobic tails face outwards,Both Hydrophilic heads face each other in the membrane,Hydrophilic heads face outwards and hydrophobic tails face inwards,Hydrophilic heads and hydrophobic tails are randomly distributed,,C,,ocr_visual,KMU-MDCAT-2025 D,38
1094,2025-kmu-mdcat-2025-48-1094,2025,KMU-MDCAT-2025,D,Biology,48,The structure of RNA consists of:,Double polynucleotide strand,Deoxyribose sugar,Five different types of nucleotides,Base uracil instead of thymine,,D,,ocr_visual,KMU-MDCAT-2025 D,38
1095,2025-kmu-mdcat-2025-49-1095,2025,KMU-MDCAT-2025,D,Biology,49,The constant diameter of DNA is maintained by pairing:,Purine towards Pyrimidine,Pyrimidine towards Pyrimidine,Purine towards Purine,Sugar towards Phosphate,,A,,ocr_visual,KMU-MDCAT-2025 D,38
1096,2025-kmu-mdcat-2025-50-1096,2025,KMU-MDCAT-2025,D,Biology,50,Identify the CORRECT option that matches the sugar with its carbon number and functional group:,"Glyceraldehyde - Triose, Ketone group","Ribose - Pentose, Aldehyde group","Ribulose - Pentose, Aldehyde Group","Galactose - Hexose, Ketone Group",,B,,ocr_visual,KMU-MDCAT-2025 D,38
1097,2025-kmu-mdcat-2025-51-1097,2025,KMU-MDCAT-2025,D,Biology,51,The CORRECT sequence of events in a reflex arc is:,"Receptor, associative neuron, sensory neuron, motor neuron, effector","Receptor, motor neuron, associative neuron, sensory neuron, effector","Receptor, sensory neuron, associative neuron, motor neuron, effector","Receptor, sensory neuron, motor neuron, associative neuron, effector",,C,,ocr_visual,KMU-MDCAT-2025 D,38
1098,2025-kmu-mdcat-2025-52-1098,2025,KMU-MDCAT-2025,D,Biology,52,Fertilization normally occurs in the:,Uterus,Ovary,Vagina,. Fallopian tubes,,D,,ocr_visual,KMU-MDCAT-2025 D,38
1099,2025-kmu-mdcat-2025-53-1099,2025,KMU-MDCAT-2025,D,Biology,53,Which cells of the fallopian tube moisten and nourish the ovum?,Ciliated epithelial cells,Non ciliated epithelial cells,Germ cells,Endometrial cells,,B,,ocr_visual,KMU-MDCAT-2025 D,38
1100,2025-kmu-mdcat-2025-54-1100,2025,KMU-MDCAT-2025,D,Biology,54,Which of the following is NOT the accessory gland of human male reproductive system?,Bulbourethral gland,Seminal vesicle,Prostate gland,Testes,,D,,ocr_visual,KMU-MDCAT-2025 D,38
1101,2025-kmu-mdcat-2025-55-1101,2025,KMU-MDCAT-2025,D,Biology,55,Syphilis is caused by what kind of bacteria:,Spirochaete,Cocci,Bacillus,Vibrio,,A,,ocr_visual,KMU-MDCAT-2025 D,38
1102,2025-kmu-mdcat-2025-56-1102,2025,KMU-MDCAT-2025,D,Biology,56,What is FALSE about cartilages?,Cells are called chondrocytes,Consist of Type Il collagen,Heal very slowly,Have an extensive blood supply,,D,,ocr_visual,KMU-MDCAT-2025 D,38
1103,2025-kmu-mdcat-2025-57-1103,2025,KMU-MDCAT-2025,D,Biology,57,Bones provide a rigid framework with an inorganic matrix of:,35%,45%,55%,65%,,D,,ocr_visual,KMU-MDCAT-2025 D,38
1104,2025-kmu-mdcat-2025-58-1104,2025,KMU-MDCAT-2025,D,Biology,58,An important feature of bone remodeling is bone breakdown. Which cell carries out this function?,Chondrocyte,Osteocyte,Osteoclast,Osteoblast,,C,,ocr_visual,KMU-MDCAT-2025 D,39
1105,2025-kmu-mdcat-2025-59-1105,2025,KMU-MDCAT-2025,D,Biology,59,Myofibrils consist of small contractile units called,Sarcoplasm,Sarcolemma,Sarcomere,Sarcoplasmic reticulum,,C,,ocr_visual,KMU-MDCAT-2025 D,39
1106,2025-kmu-mdcat-2025-60-1106,2025,KMU-MDCAT-2025,D,Biology,60,Which muscle type is under conscious control and is multinucleated?,Smooth muscle,Skeletal muscle,Cardiac muscle,Ciliary muscle,,B,,ocr_visual,KMU-MDCAT-2025 D,39
1107,2025-kmu-mdcat-2025-61-1107,2025,KMU-MDCAT-2025,D,Biology,61,Which part of the sarcomere contain both actin and myosin filament?,l-band,Z-line,A-band,H-zone,,C,,ocr_visual,KMU-MDCAT-2025 D,39
1108,2025-kmu-mdcat-2025-62-1108,2025,KMU-MDCAT-2025,D,Biology,62,The primary role of calcium ions in muscle contraction is to:,Produce energy,Bind with troponin,Carry nerve impulses,Breakdown ATP,,B,,ocr_visual,KMU-MDCAT-2025 D,39
1109,2025-kmu-mdcat-2025-63-1109,2025,KMU-MDCAT-2025,D,Biology,63,Which of the following is an example of a fibrous joint?,Shoulder joint,Elbow joint,Intervertebral discs,Skull sutures,,D,,ocr_visual,KMU-MDCAT-2025 D,39
1110,2025-kmu-mdcat-2025-64-1110,2025,KMU-MDCAT-2025,D,Biology,64,Which of Mendel's laws can best explain why a child may inherit brown eyes even if one parent has blue eyes?,Law of Dominance,Law of Segregation,Law of Independent Assortment,Law of Recombination,,A,,ocr_visual,KMU-MDCAT-2025 D,39
1111,2025-kmu-mdcat-2025-65-1111,2025,KMU-MDCAT-2025,D,Biology,65,What is the significance of the 9:3:3:1ratio in a dihybrid cross?,It proves that all genes are linked,It demonstrates that traits assort independently,It indicates co-dominance between alleles,It confirms that mutations have occurred,,B,,ocr_visual,KMU-MDCAT-2025 D,39
1112,2025-kmu-mdcat-2025-66-1112,2025,KMU-MDCAT-2025,D,Biology,66,"In crossing over, an exchange of maternal and paternal chromatid parts occurs while homologous chromosomes are paired during stage of meiosis.",Metaphase |,Prophase |,Anaphase Il,Telophase |,,B,,ocr_visual,KMU-MDCAT-2025 D,39
1113,2025-kmu-mdcat-2025-67-1113,2025,KMU-MDCAT-2025,D,Biology,67,Linked genes DO NOT follow Mendel's Law of Independent Assortment because _..,They are located on different chromosomes,They always undergo crossing over,They are physically close together on the same chromosome,They rarely separate during meiosis,,C,,ocr_visual,KMU-MDCAT-2025 D,39
1114,2025-kmu-mdcat-2025-68-1114,2025,KMU-MDCAT-2025,D,Biology,68,A carrier female for an X-linked recessive disorder:,Expresses the disorder fully,Cannot pass the disorder to offspring,Can pass the disorder to her sons,Only passes the disorder to daughters,,C,,ocr_visual,KMU-MDCAT-2025 D,39
1115,2025-kmu-mdcat-2025-69-1115,2025,KMU-MDCAT-2025,D,Biology,69,Which of the following is an X-linked recessive disorder in humans?,Cystic fibrosis,Thalassemia,Hemophilia,Sickle cell anemia,,C,,ocr_visual,KMU-MDCAT-2025 D,39
1116,2025-kmu-mdcat-2025-70-1116,2025,KMU-MDCAT-2025,D,Biology,70,"Which of the following CORRECTLY describes the expected outcome of children from a carrier mother for haemophilia (X""X"") and a normal father (X""Y)?",All sons will have hemophilia,All daughters will be carriers,"50% of sons will have hemophilia, and 50% of daughters will be carriers",All offspring will be unaffected,,C,,ocr_visual,KMU-MDCAT-2025 D,39
1117,2025-kmu-mdcat-2025-71-1117,2025,KMU-MDCAT-2025,D,Biology,71,"The heart is surrounded by a tough, inelastic double membranous covering called:",Pleura,Peritoneum,Pericardium,Meninges,,C,,ocr_visual,KMU-MDCAT-2025 D,39
1118,2025-kmu-mdcat-2025-72-1118,2025,KMU-MDCAT-2025,D,Biology,72,Which phase of the cardiac cycle is characterized by the opening of semilunar valves?,Atrial systole,Atrial diastole,Ventricular systole,Ventricular diastole,,C,,ocr_visual,KMU-MDCAT-2025 D,39
1119,2025-kmu-mdcat-2025-73-1119,2025,KMU-MDCAT-2025,D,Biology,73,Which part of the heart's conducting system delays the impulse from atria to the ventricles?,Sino-atrial node,Atrio-ventricular node,Purkinje fibers,Atrio-ventricular valves,,B,,ocr_visual,KMU-MDCAT-2025 D,39
1120,2025-kmu-mdcat-2025-74-1120,2025,KMU-MDCAT-2025,D,Biology,74,The heartbeat sound “LUB” is produced on closure of:,Aortic valve,Atrio-ventricular valves,Pulmonary valves,Semilunar valves,,B,,ocr_visual,KMU-MDCAT-2025 D,39
1121,2025-kmu-mdcat-2025-75-1121,2025,KMU-MDCAT-2025,D,Biology,75,What is the primary function of lymphatic vessels?,Transport oxygenated blood,Drain excess interstitial fluid,Produce antibodies,Store metabolic waste,,B,,ocr_visual,KMU-MDCAT-2025 D,39
1122,2025-kmu-mdcat-2025-76-1122,2025,KMU-MDCAT-2025,D,Biology,76,The primary role of helper T-cells in immune response is: 85.,Secreting perforins to destroy target cells,Assisting B-cells and other T-cells in their function,Inhibiting over activity of the immune system,Engulfing and digesting pathogens,,B,,ocr_visual,KMU-MDCAT-2025 D,40
1123,2025-kmu-mdcat-2025-77-1123,2025,KMU-MDCAT-2025,D,Biology,77,Identify the primary characteristic of 3rd line of defense. 86.,Complement system and interferons,Physical component of skin defense,Specific recognition and memory of pathogens,General inflammation at the site of infection,,C,,ocr_visual,KMU-MDCAT-2025 D,40
1124,2025-kmu-mdcat-2025-78-1124,2025,KMU-MDCAT-2025,D,Biology,78,Which of the following best describes Inspiratory Reserve 87. Volume (IRV)?,The volume of air forcibly exhaled after normal tidal volume,The volume of air remaining in the lungs after forcible expiration,The volume of air exchanged during normal breathing 88.,The volume of air forcibly inhaled after normal tidal volume,,D,,ocr_visual,KMU-MDCAT-2025 D,40
1125,2025-kmu-mdcat-2025-79-1125,2025,KMU-MDCAT-2025,D,Biology,79,"During gaseous exchange in human respiration, enzyme carbonic anhydrase is directly involved in the:",Release of oxygen from hemoglobin,Combination of water with carbon dioxide,Breakdown of oxyhemoglobin,Binding of oxygen to myoglobin,,B,,ocr_visual,KMU-MDCAT-2025 D,40
1126,2025-kmu-mdcat-2025-80-1126,2025,KMU-MDCAT-2025,D,Biology,80,What happens when the external intercostal muscles contract during inhalation in humans? 89.,The rib cage compresses,The ribs move outward,The sternum moves inwards,The diaphragm muscles relax,,B,,ocr_visual,KMU-MDCAT-2025 D,40
1127,2025-kmu-mdcat-2025-81-1127,2025,KMU-MDCAT-2025,D,Biology,81,The primary effect of smoking on the respiratory system:,Increased lung function due to presence of nicotine 90.,Reduced risk of lung cancer due to tolerance,Damage to alveoli reducing gaseous exchange,Improves oxygenation of the blood by activating hemoglobin PHYSICS,,C,,ocr_visual,KMU-MDCAT-2025 D,40
1128,2025-kmu-mdcat-2025-82-1128,2025,KMU-MDCAT-2025,D,Chemistry,82,"According to Lenz's Law, the direction of induced current 91 in a conductor is such that it:",Opposes the change in magnetic flux,Enhances the change in magnetic flux,Is perpendicular to the magnetic field,Is parallel to the magnetic field,,A,,ocr_visual,KMU-MDCAT-2025 D,40
1129,2025-kmu-mdcat-2025-83-1129,2025,KMU-MDCAT-2025,D,Chemistry,83,"In a pure capacitance AC circuit, the current:",Lags behind voltage by 90°,Leads the voltage by 90° 92,Is in phase with the voltage,Leads the voltage by 45°,,B,,ocr_visual,KMU-MDCAT-2025 D,40
1130,2025-kmu-mdcat-2025-84-1130,2025,KMU-MDCAT-2025,D,Chemistry,84,"In a full-wave rectifier using two diodes, the diodes D, and D2 operate:",Simultaneously during both half-cycles,In alternate switching mode,Only when both ends of transformer are positive,Only in reverse bias condition,,B,,ocr_visual,KMU-MDCAT-2025 D,40
1131,2025-kmu-mdcat-2025-85-1131,2025,KMU-MDCAT-2025,D,Chemistry,85,The energy (E) of a quantum is given by which equation?,E=mc?,E=hf,E=%mv,E=qV,,B,,ocr_visual,KMU-MDCAT-2025 D,40
1132,2025-kmu-mdcat-2025-86-1132,2025,KMU-MDCAT-2025,D,Chemistry,86,"In the hydrogen spectrum, the Brackett series lies in the:",Ultraviolet region,visiblele region,Infraared region,Xray region,,C,,ocr_visual,KMU-MDCAT-2025 D,40
1133,2025-kmu-mdcat-2025-87-1133,2025,KMU-MDCAT-2025,D,Chemistry,87,Which of the following statement best describes the nature of nuclear decay?,It occurs both spontaneously and randomly,It occurs only when external energy is supplied,It occurs at regular time intervals for each atom,It can be controlled by temperature and pressure,,A,,ocr_visual,KMU-MDCAT-2025 D,40
1134,2025-kmu-mdcat-2025-88-1134,2025,KMU-MDCAT-2025,D,Chemistry,88,A boat moves 4 km east and then 3 km north. Another boat moves 3 km north first and then 4 km east. Which statement is CORRECT about their final displacements?,Both boats have the same displacement vector,The first boat's displacement is greater because it traveled east first,The second boat's displacement is greater because it travelled north first,Both boats end at different positions but cover the same distance,,A,,ocr_visual,KMU-MDCAT-2025 D,40
1135,2025-kmu-mdcat-2025-89-1135,2025,KMU-MDCAT-2025,D,Chemistry,89,The area under the line on a displacement-time graph of a car moving with uniform velocity would be a:,Rectangle,. Triangle,Trapezium,Parallelogram,,B,,ocr_visual,KMU-MDCAT-2025 D,40
1136,2025-kmu-mdcat-2025-90-1136,2025,KMU-MDCAT-2025,D,Chemistry,90,A car starts from rest and moves with a uniform acceleration of 3m/s?. What will be its velocity after 5 seconds?,8m/s,12m/s,15m/s,18m/s,,C,,ocr_visual,KMU-MDCAT-2025 D,40
1137,2025-kmu-mdcat-2025-91-1137,2025,KMU-MDCAT-2025,D,Chemistry,91,"A passenger is standing in a stationary bus. When the bus suddenly starts moving forward, the passenger falls backward. Which phenomenon best explains this observation?",Friction,Gravity,Inertia,Deceleration,,C,,ocr_visual,KMU-MDCAT-2025 D,40
1138,2025-kmu-mdcat-2025-92-1138,2025,KMU-MDCAT-2025,D,Chemistry,92,A ball is projected at an angle 45° with an initial speed of 20 m/s on earth. How does Rw (Range without air resistance) compare to Ra (Range with resistance)?,Ra will be greater than Rw because air resistance reduces horizontal speed,Rw will be equal to Ra because gravity is unchanged,Ra will be lesser than Rw because air resistance reduces horizontal speed,Rw will be lesser than Ra because air resistance is random,,C,,ocr_visual,KMU-MDCAT-2025 D,40
1139,2025-kmu-mdcat-2025-93-1139,2025,KMU-MDCAT-2025,D,Chemistry,93,A 0.02 kg bullet moving at 300m/s embeds itself in a 2 kg 100. block at rest on a smooth surfac. What is the velocity of the block-bullet system just after an impact?,2m/s,3m/s,4m/s,5m/s,,B,,ocr_visual,KMU-MDCAT-2025 D,41
1140,2025-kmu-mdcat-2025-94-1140,2025,KMU-MDCAT-2025,D,Chemistry,94,Which of the following statement about projectile motion 101. is CORRECT?,The horizontal velocity of a projectile changes constantly due to gravity,The vertical velocity of a projectile remains constant throughout the flight,"At the highest point, the vertical velocity of the projectile is zero, but the horizontal velocity remains 102. unchanged",The acceleration of the projectile is zero at the peak of its trajectory,,C,,ocr_visual,KMU-MDCAT-2025 D,41
1141,2025-kmu-mdcat-2025-95-1141,2025,KMU-MDCAT-2025,D,Chemistry,95,The rate of doing work at any instant of time is called:,Work done,Instantaneous power 103.,Average power,Mechanical energy,,B,,ocr_visual,KMU-MDCAT-2025 D,41
1142,2025-kmu-mdcat-2025-96-1142,2025,KMU-MDCAT-2025,D,Chemistry,96,A 5kg body falls from the height of 30m towards the ground. All its potential energy is converted into heat on impact. What is the heat energy produced?,1270) 104.,1370],1470),1570),,C,,ocr_visual,KMU-MDCAT-2025 D,41
1143,2025-kmu-mdcat-2025-97-1143,2025,KMU-MDCAT-2025,D,Chemistry,97,"Two students, A and B, each carry a 20kg load to the top of a 10m high staircase. Student A takes 10sec, while student B takes 20sec. Which statement is CORRECT?",Student A does more work than student B,Student B uses more power than student A,"Both students do the same amount of work, but student A uses more power",Student A and B use the same power since they lifted the same weight 105.,,C,,ocr_visual,KMU-MDCAT-2025 D,41
1144,2025-kmu-mdcat-2025-98-1144,2025,KMU-MDCAT-2025,D,Chemistry,98,A wheel of radius 0.4m has an angular acceleration of 6 rad/s*. The linear acceleration is:,1.2 m/s?,1.2 m/s,2.4m/s,2.4 m/s?,,D,,ocr_visual,KMU-MDCAT-2025 D,41
1145,2025-kmu-mdcat-2025-99-1145,2025,KMU-MDCAT-2025,D,Chemistry,99,"If an object is moving anticlockwise along a circular path, 106. in a horizontal plane on a page then the direction of its angular velocity is:",Tangential to any point on the circle,Towards centre of the circle,Perpendicular to the plane and pointing out of the 107. page,Perpendicular to the plane and pointing into the page,,C,,ocr_visual,KMU-MDCAT-2025 D,41
1146,2025-kmu-mdcat-2025-100-1146,2025,KMU-MDCAT-2025,D,Chemistry,100,"If a particle moves alonga circular path of radius r with angular displacement 6 (in radians), then the arc length s is given by:",rx6,6/r,1x8,@/r?,,A,,ocr_visual,KMU-MDCAT-2025 D,41
1147,2025-kmu-mdcat-2025-101-1147,2025,KMU-MDCAT-2025,D,Chemistry,101,"A ball of weight F° is falling vertically downward through air. If the drag force acting on it at some instant is Fp, what is the Fret (net force) on the ball?",FS+Fp,F%-Fp,Fp-FS,Fp/FS,,B,,ocr_visual,KMU-MDCAT-2025 D,41
1148,2025-kmu-mdcat-2025-102-1148,2025,KMU-MDCAT-2025,D,Chemistry,102,Most kinds of fluid flow are turbulent rather than laminar because of:,Zero viscosity,Very low velocities,High velocities,No resistance,,C,,ocr_visual,KMU-MDCAT-2025 D,41
1149,2025-kmu-mdcat-2025-103-1149,2025,KMU-MDCAT-2025,D,Chemistry,103,"According to the equation of continuity, when the cross- sectional area of a pipe decreases, the fluid velocity:",Increases,Decreases,Remains the same,Becomes zero,,A,,ocr_visual,KMU-MDCAT-2025 D,41
1150,2025-kmu-mdcat-2025-104-1150,2025,KMU-MDCAT-2025,D,Chemistry,104,"Water flows steadily througha pipe that gradually narrows. At the wider end, the velocity of water is 1m/s. At the narrower end, the velocity is 3m/s. Which statement is CORRECT about the pressure in the narrower end compared to the wider end?",Pressure is lower at the narrow end because velocity is higher,Pressure is higher at the narrow end because velocity is higher,Pressure is the same at both ends since flow is continuous,Pressure is independent of velocity of water,,A,,ocr_visual,KMU-MDCAT-2025 D,41
1151,2025-kmu-mdcat-2025-105-1151,2025,KMU-MDCAT-2025,D,Chemistry,105,What is the necessary condition of a wave motion?,The medium must be elastic,The medium must be inelastic,The particles of the medium must be independent of each other,The particles of the medium must not be dependent on each other,,A,,ocr_visual,KMU-MDCAT-2025 D,41
1152,2025-kmu-mdcat-2025-106-1152,2025,KMU-MDCAT-2025,D,Chemistry,106,A progressive wave is one which:,Does not vibrate the medium,Carries energy across the medium,Propagates only through air,Requires a denser medium for propagation,,B,,ocr_visual,KMU-MDCAT-2025 D,41
1153,2025-kmu-mdcat-2025-107-1153,2025,KMU-MDCAT-2025,D,Chemistry,107,Speed of sound in air increases with:,"Higher temperature, higher humidity","Lower temperature, lower humidity",Higher pressure at constant temperature,Higher density at constant elasticity,,A,,ocr_visual,KMU-MDCAT-2025 D,41
1154,2025-kmu-mdcat-2025-108-1154,2025,KMU-MDCAT-2025,D,Chemistry,108,"A wave has velocity 300m/s and frequency 100Hz. If the medium is changed so that velocity doubles but frequency remains constant, the new wavelength will be:",Halved,Doubled,Same,Zero,,B,,ocr_visual,KMU-MDCAT-2025 D,42
1155,2025-kmu-mdcat-2025-109-1155,2025,KMU-MDCAT-2025,D,Chemistry,109,"When a particle executing simple harmonic motion moves from the mean position to the extreme position, its kinetic energy:",Increases continuously,Decreases continuously and becomes zero at the extreme position,Remains constant throughout the motion,Becomes maximum at the extreme position,,B,,ocr_visual,KMU-MDCAT-2025 D,42
1156,2025-kmu-mdcat-2025-110-1156,2025,KMU-MDCAT-2025,D,Chemistry,110,Heat will spontaneously flow from:,Lower to higher internal energy only,High pressure to low pressure,Cold to hot,Hot to cold,,D,,ocr_visual,KMU-MDCAT-2025 D,42
1157,2025-kmu-mdcat-2025-111-1157,2025,KMU-MDCAT-2025,D,Chemistry,111,The SI unit of molar specific heat is:,Jmole'K™,J mole K,"Jmole kK""",J mole'K,,A,,ocr_visual,KMU-MDCAT-2025 D,42
1158,2025-kmu-mdcat-2025-112-1158,2025,KMU-MDCAT-2025,D,Chemistry,112,"At a constant Pressure (C,) and Volume (C,), an ideal gas has Cy=3/2R. Then C, will be?",R,3/2R,5/2R,7/2R,,C,,ocr_visual,KMU-MDCAT-2025 D,42
1159,2025-kmu-mdcat-2025-113-1159,2025,KMU-MDCAT-2025,D,Chemistry,113,The electric field at a point is defined as:,Potential per unit charge,Work done per unit time,Charge per unit area,Force per unit positive test charge,,D,,ocr_visual,KMU-MDCAT-2025 D,42
1160,2025-kmu-mdcat-2025-114-1160,2025,KMU-MDCAT-2025,D,Chemistry,114,Coulomb's law fits well into:,Newton's Ist law,Newton's 2nd law,Newton's 3rd law,Gauss's Law,,C,,ocr_visual,KMU-MDCAT-2025 D,42
1161,2025-kmu-mdcat-2025-115-1161,2025,KMU-MDCAT-2025,D,Chemistry,115,The work done in moving a unit positive charge from one point to another while keeping the charge in electrostatic equilibrium is called:,Kinetic energy,Potential energy,Elastic potential energy,Potential difference,,D,,ocr_visual,KMU-MDCAT-2025 D,42
1162,2025-kmu-mdcat-2025-116-1162,2025,KMU-MDCAT-2025,D,Chemistry,116,"If the potential difference (V) across a conductor is doubled, keeping resistance (R) constant, the power dissipated(P) becomes:",Doubled,Halved,Four times,Remains unchanged,,C,,ocr_visual,KMU-MDCAT-2025 D,42
1163,2025-kmu-mdcat-2025-117-1163,2025,KMU-MDCAT-2025,D,Chemistry,117,"When the area vectorA is parallel to the magnetic field B, what is the value of magnetic flux (Os)?",O,BAcos 0°,BAcos 90°,B/A CHEMISTRY,,B,,ocr_visual,KMU-MDCAT-2025 D,42
1164,2025-kmu-mdcat-2025-118-1164,2025,KMU-MDCAT-2025,D,Chemistry,118,"Consider the chlorination of methane to methyl chloride, the attack of chlorine free radical on methane, occurs in which phase?",Before initiation,Initiation,Propagation,Termination,,C,,ocr_visual,KMU-MDCAT-2025 D,42
1165,2025-kmu-mdcat-2025-119-1165,2025,KMU-MDCAT-2025,D,Chemistry,119,A patient with pancreatic insufficiency shows reduced activity of an enzyme that hydrolyzes the first peptide bond at the carboxyl end of proteins and peptides. Which enzyme is deficient?,Elastase,Pepsin,Carboxypeptidase,Collagenase,,C,,ocr_visual,KMU-MDCAT-2025 D,42
1166,2025-kmu-mdcat-2025-120-1166,2025,KMU-MDCAT-2025,D,Chemistry,120,The force of attraction due to temporary dipoles is:,Dipole-dipole,Dispersion force,Debye force,lon dipole force,,B,,ocr_visual,KMU-MDCAT-2025 D,42
1167,2025-kmu-mdcat-2025-121-1167,2025,KMU-MDCAT-2025,D,Chemistry,121,In which cases does a chemical reaction proceed nearly to completion?,When Kc is small but positive,When Kc is large but positive,When Kc is negative,When Kc is approximately equal to 1,,B,,ocr_visual,KMU-MDCAT-2025 D,42
1168,2025-kmu-mdcat-2025-122-1168,2025,KMU-MDCAT-2025,D,Chemistry,122,A student adds bromine water to ethene and observes rapid decolourisation. What makes ethene more reactive than ethane in this reaction?,Ethene has a higher molecular mass,Ethene contains a weak and exposed pi bond,Ethane contains fewer sigma bonds,Ethene undergoes substitution more readily,,B,,ocr_visual,KMU-MDCAT-2025 D,42
1169,2025-kmu-mdcat-2025-123-1169,2025,KMU-MDCAT-2025,D,Chemistry,123,What best describes the overall reaction in electrophilic aromatic substitution in benzene?,Addition of an electrophile across a double bond,Substitution of a halogen by an nucleophile,Substitution of a proton (H*) by an electrophile on the aromatic ring,Substitution of a methyl group by a nucleophile,,C,,ocr_visual,KMU-MDCAT-2025 D,42
1170,2025-kmu-mdcat-2025-124-1170,2025,KMU-MDCAT-2025,D,Chemistry,124,Real gases DO NOT reach absolute zero in practice because:,Molecular collisions become inelastic due to increased kinetic energy,Intermolecular forces become negligible and molecules disperse,Kinetic energy of molecules increases due to compression,Intermolecular forces exceed kinetic energy of molecules,,D,,ocr_visual,KMU-MDCAT-2025 D,42
1171,2025-kmu-mdcat-2025-125-1171,2025,KMU-MDCAT-2025,D,Chemistry,125,The energy of an orbital is determined by:,Hund's Rule,Pauli exclusion principle,ntlrule,Boyles principle,,C,,ocr_visual,KMU-MDCAT-2025 D,43
1172,2025-kmu-mdcat-2025-126-1172,2025,KMU-MDCAT-2025,D,Chemistry,126,The Ksp value of salt AB = A* +B is 9 x 107°. Its molar solubility will be:,3x10°°,9x10°3,3x10?,9x10°6,,C,,ocr_visual,KMU-MDCAT-2025 D,43
1173,2025-kmu-mdcat-2025-127-1173,2025,KMU-MDCAT-2025,D,Physics,127,Water changes froma liquid at 4°C to ice at 0°C. What is the change in volume?,9% increase,9% decrease,19% increase,19% decrease,,A,,ocr_visual,KMU-MDCAT-2025 D,43
1174,2025-kmu-mdcat-2025-128-1174,2025,KMU-MDCAT-2025,D,Physics,128,"For an exothermic reaction, the energy level of reactant is:",Less than the product,More than the product,Equal to the product,Zero,,B,,ocr_visual,KMU-MDCAT-2025 D,43
1175,2025-kmu-mdcat-2025-129-1175,2025,KMU-MDCAT-2025,D,Physics,129,"In an electrolytic cell when the current passes through a solution, the anode is:",A positive electrode where oxidation occurs,Anegative electrode where oxidation occurs,Apositive electrode where reduction occurs,Anegative electrode where reduction occurs,,A,,ocr_visual,KMU-MDCAT-2025 D,43
1176,2025-kmu-mdcat-2025-130-1176,2025,KMU-MDCAT-2025,D,Physics,130,An increase in the internal energy of a chemical system can lead to all EXCEPT:,An increase in temperature due to rise in kinetic energy of molecules,A phase change such as melting or evaporation,A chemical reaction if energy supplied is sufficient to break bonds,An increase in temperature due to drop in kinetic energy of molecules,,D,,ocr_visual,KMU-MDCAT-2025 D,43
1177,2025-kmu-mdcat-2025-131-1177,2025,KMU-MDCAT-2025,D,Physics,131,"In ethene molecule, each carbon atom has three hybridized sp? orbitals which are:",Coplanar,Tetrahedral,Linear,Pyramidal,,A,,ocr_visual,KMU-MDCAT-2025 D,43
1178,2025-kmu-mdcat-2025-132-1178,2025,KMU-MDCAT-2025,D,Physics,132,Which of the following best explains the reaction between Beryllium (Be) and Oxygen (O)?,"Be burns vigorously with oxygen forminga layer of BeO, which accelerates the oxidation of remaining metal","Be reacts with oxygen forming a layer of BeO, which protects the metal from further oxidation","Be reacts slowly with oxygen to form a volatile oxide BeO, which evaporates quickly",Beis the only alkaline earth metal that doesn't react with oxygen,,B,,ocr_visual,KMU-MDCAT-2025 D,43
1179,2025-kmu-mdcat-2025-133-1179,2025,KMU-MDCAT-2025,D,Physics,133,"The value of R in atm.dm?.mol-.K"" is:",0.0821,0.821,62.4,8.314,,A,,ocr_visual,KMU-MDCAT-2025 D,43
1180,2025-kmu-mdcat-2025-134-1180,2025,KMU-MDCAT-2025,D,Physics,134,The rate of a chemical reaction changes with:,Concentration of reactant molecules,Concentration of product molecules,Concentration of both reactant and product,Rate constant,,A,,ocr_visual,KMU-MDCAT-2025 D,43
1181,2025-kmu-mdcat-2025-135-1181,2025,KMU-MDCAT-2025,D,Physics,135,"According to Planck's quantum theory, if the frequency of photon is doubled, the value of “h” will be?",Doubled,Increased 3 times,Increased 4 times,Unchanged,,D,,ocr_visual,KMU-MDCAT-2025 D,43
1182,2025-kmu-mdcat-2025-136-1182,2025,KMU-MDCAT-2025,D,Physics,136,The specific rate constant (k) of a reaction is related to the concentration of reactants:,Directly,Inversely,Exponentially,Independently,,D,,ocr_visual,KMU-MDCAT-2025 D,43
1183,2025-kmu-mdcat-2025-137-1183,2025,KMU-MDCAT-2025,D,Physics,137,An experiment shows that heating a ‘protein’ disrupts the alpha helix structure. Which protein structure is mainly affected?,Primary,Secondary,Tertiary,Quaternary,,B,,ocr_visual,KMU-MDCAT-2025 D,43
1184,2025-kmu-mdcat-2025-138-1184,2025,KMU-MDCAT-2025,D,Physics,138,Which of the following is NOT a postulate of kinetic molecular theory of gases?,Gas molecules undergo elastic collision,Gas molecules are in continuous random motion,Gas molecules do not exert pressure when molecules collide with wall of container,Gas molecules are far away from each other,,C,,ocr_visual,KMU-MDCAT-2025 D,43
1185,2025-kmu-mdcat-2025-139-1185,2025,KMU-MDCAT-2025,D,Physics,139,Spectral series for hydrogen spectrum are:,2,3,5,7,,C,,ocr_visual,KMU-MDCAT-2025 D,43
1186,2025-kmu-mdcat-2025-140-1186,2025,KMU-MDCAT-2025,D,Physics,140,The most electronegative element in periodic table is:,F,Cl,O,N,,A,,ocr_visual,KMU-MDCAT-2025 D,43
1187,2025-kmu-mdcat-2025-141-1187,2025,KMU-MDCAT-2025,D,Physics,141,"If AH for a reaction is positive, then by decreasing temperature, the reaction will:",Move forward,Move in reverse,Have no effect,Be both forward and reverse,,B,,ocr_visual,KMU-MDCAT-2025 D,43
1188,2025-kmu-mdcat-2025-142-1188,2025,KMU-MDCAT-2025,D,Physics,142,The addition of water to propene in the presence of sulfuric acid produces:,Propanol,Propan-2-ol,Butanol,Ethanol,,B,,ocr_visual,KMU-MDCAT-2025 D,43
1189,2025-kmu-mdcat-2025-143-1189,2025,KMU-MDCAT-2025,D,Physics,143,In which of the following molecules does the central atom use sp³ hybridization?,PH₃,NH₃,CH₃,SbH₃,,C,,ocr_visual,KMU-MDCAT-2025 D,44
1190,2025-kmu-mdcat-2025-144-1190,2025,KMU-MDCAT-2025,D,Physics,144,"In a molecule of phenol, the carbon atom which is attached to -OH group is:",sp hybridized,sp² hybridized,sp³ hybridized,unhybridized,,B,,ocr_visual,KMU-MDCAT-2025 D,44
1191,2025-kmu-mdcat-2025-145-1191,2025,KMU-MDCAT-2025,D,Physics,145,Which one of the following is a planar molecule?,NH₃,H₂O,BF₃,CH₄,,C,,ocr_visual,KMU-MDCAT-2025 D,44
1192,2025-kmu-mdcat-2025-146-1192,2025,KMU-MDCAT-2025,D,Physics,146,Which of the following has highest bond energy?,HCl,HI,HF,HBr,,C,,ocr_visual,KMU-MDCAT-2025 D,44
1193,2025-kmu-mdcat-2025-147-1193,2025,KMU-MDCAT-2025,D,Physics,147,Identify the CORRECT electronic configuration for an element with atomic number 24?,1s?2s?2p°3s?3p°3d,1s?2s?2p%3s?3p%4s?3d*,1s?2s?2p°3s?3p*4s'3d5>,1s?2s?3s?2p%4s?3p%3d5,,C,,ocr_visual,KMU-MDCAT-2025 D,44
1194,2025-kmu-mdcat-2025-148-1194,2025,KMU-MDCAT-2025,D,Physics,148,"Balance the equation, using the oxidation number method for: Cu + H2S04 > CuSOq4 + SO2 + H20.","Cu+H2S04 > CuSO, + SO2 + H20",Cu+H2SO4 > CuSOg + SO2 + He,"Cu+2H2504 > CuSO, + SO2 + 2H20",2Cu+2H2SO4 > 2CuSO4 + SO2 + 2H20,,C,,ocr_visual,KMU-MDCAT-2025 D,44
1195,2025-kmu-mdcat-2025-149-1195,2025,KMU-MDCAT-2025,D,Physics,149,The compound that reacts with phenyl hydrazine to form a crystalline phenyl hydrazone derivative is:,Butanal,"1,3-butadiene",Ethyl acetate,Ethanol,,A,,ocr_visual,KMU-MDCAT-2025 D,44
1196,2025-kmu-mdcat-2025-150-1196,2025,KMU-MDCAT-2025,D,Physics,150,"If 4g of Hz reacts with 2 moles of O2 to form water, which one is the excess reagent?",Hz only,Q2 only,H20 only,Both O2 and Hz,,B,,ocr_visual,KMU-MDCAT-2025 D,44
1197,2025-kmu-mdcat-2025-151-1197,2025,KMU-MDCAT-2025,D,Physics,151,"If 10 moles of magnesium react with excess of oxygen. Calculate the theoretical yield of magnesium oxide (MgO).(Molar mass of Magnesium=24g/mol, Oxygen=16g/mol)",160g,240g,320g,400g,,D,,ocr_visual,KMU-MDCAT-2025 D,44
1198,2025-kmu-mdcat-2025-152-1198,2025,KMU-MDCAT-2025,D,Physics,152,Acetaldehyde reacts with ethanol in presence of acid and initially produces:,Acetal,Hemiacetal,Diol,Diethoxyethane,,B,,ocr_visual,KMU-MDCAT-2025 D,44
1199,2025-kmu-mdcat-2025-153-1199,2025,KMU-MDCAT-2025,D,Physics,153,IUPAC name of given compound Br — CH2 — CH2 —- CO— CH3 is?,1-bromobutan-1-one,1-bromobutan-2-one,1-bromobutan-3-one,1-bromobutan-4-one,,B,,ocr_visual,KMU-MDCAT-2025 D,44
1200,2025-kmu-mdcat-2025-154-1200,2025,KMU-MDCAT-2025,D,Physics,154,"Consider the given reaction: 2Na + Cl, > 2NaCl lf 4 moles of Na and 2 moles of Cl2 are reacted, how much Cl. will remain unreacted?",Omol,0.5 mol,1mol,1.5 mol,,A,,ocr_visual,KMU-MDCAT-2025 D,44
1201,2025-kmu-mdcat-2025-155-1201,2025,KMU-MDCAT-2025,D,Physics,155,The electronic configuration of Fe?* (Z=26) is:,"[Ar]4s?,3d?","[Ar]4s',3d*","[Ar]4s°,3d5","[Ar]4s°,3d®",,C,,ocr_visual,KMU-MDCAT-2025 D,44
1202,2025-kmu-mdcat-2025-156-1202,2025,KMU-MDCAT-2025,D,Physics,156,"If pressure and temperature of a gas are doubled, the new volume will be:",Doubled,Halved,Tripled,Same,,D,,ocr_visual,KMU-MDCAT-2025 D,44
1203,2025-kmu-mdcat-2025-157-1203,2025,KMU-MDCAT-2025,D,Physics,157,IUPAC name of CH3(CHz2)2CCH is:,hex-l-yne,pent-2-yne,pent-4-yne,pent-1-yne,,D,,ocr_visual,KMU-MDCAT-2025 D,44
1204,2025-kmu-mdcat-2025-158-1204,2025,KMU-MDCAT-2025,D,Physics,158,"According to Le Chatelier's Principle, when the pressure of a gaseous equilibrium system is increased, the equilibrium shifts towards:",Nochange in equilibrium position,The side with greater volume,The side with lower volume,The side with more moles of gas,,C,,ocr_visual,KMU-MDCAT-2025 D,44
1205,2025-kmu-mdcat-2025-159-1205,2025,KMU-MDCAT-2025,D,Physics,159,Consider a reaction 2A + Bz > 2AB. Which of the following mixtures would make A the limiting reagent?,300 atoms of A and 400 molecules of Bz,100 atoms of A and 50 molecules of Bz,2 mol ofAand 1 mol of Bz,5 mol of Aand 2.5 mol of Bz,,A,,ocr_visual,KMU-MDCAT-2025 D,44
1206,2025-kmu-mdcat-2025-160-1206,2025,KMU-MDCAT-2025,D,Physics,160,"On increasing the temperature, the rate of reaction increases mainly because:",The activation energy of the reaction increases,The concentration of the reacting molecules increases,The collisions frequency increases,The energy of molecules decreases,,C,,ocr_visual,KMU-MDCAT-2025 D,44
1207,2025-kmu-mdcat-2025-161-1207,2025,KMU-MDCAT-2025,D,Physics,161,"Heat of sublimation of Na= 108kJ/mol, lonization energy of Na = 496 kJ/mol, Bond dissociation energy of Clz = 121 kJ/mol, Electron affinity of Cl= -349 kJ/mol and Enthalpy of formation of NaCl= -411 kJ/mol. Calculate the lattice energy of NaCl:",-678 kJ/mol,-727 kJ/mol,-819 kJ/mol,-832 kJ/mol,,B,,ocr_visual,KMU-MDCAT-2025 D,45
1208,2025-kmu-mdcat-2025-162-1208,2025,KMU-MDCAT-2025,D,Physics,162,The molecular orbitals in benzene are:,Localized,Delocalized,Hybridized,Polarized ENGLISH,,B,,ocr_visual,KMU-MDCAT-2025 D,45
1209,2025-kmu-mdcat-2025-163-1209,2025,KMU-MDCAT-2025,D,English,163,"In the sentence “Jogging every morning improves my mood,” what role does the gerund phrase play?",Object of a verb,Direct object,Predicate noun,Subject,,D,,ocr_visual,KMU-MDCAT-2025 D,45
1210,2025-kmu-mdcat-2025-164-1210,2025,KMU-MDCAT-2025,D,English,164,The meeting has been scheduled ———_—« 3. p.m. sharp.,on,at,in,to,,B,,ocr_visual,KMU-MDCAT-2025 D,45
1211,2025-kmu-mdcat-2025-165-1211,2025,KMU-MDCAT-2025,D,English,165,"“She studied hard; , she passed the exam with distinction.” Choose the CORRECT transitional device:",however,for instance,consequently,in contrast,,C,,ocr_visual,KMU-MDCAT-2025 D,45
1212,2025-kmu-mdcat-2025-166-1212,2025,KMU-MDCAT-2025,D,English,166,She completed the task with great difficulty. Identify the CORRECT usage of passive voic.,The task was completed with great difficulty by her.,The task has been completed with great difficulty by her.,The task was been completed with great difficulty by her.,The task was being completed with great difficulty by her.,,A,,ocr_visual,KMU-MDCAT-2025 D,45
1213,2025-kmu-mdcat-2025-167-1213,2025,KMU-MDCAT-2025,D,English,167,Each of the boys ambitious to lead the team.,have,has,Is,are,,C,,ocr_visual,KMU-MDCAT-2025 D,45
1214,2025-kmu-mdcat-2025-168-1214,2025,KMU-MDCAT-2025,D,English,168,“Revenge is a kind of wild justic.” The sentence illustrates the use of:,Personification,Pun,Metaphor,Hyperbole,,C,,ocr_visual,KMU-MDCAT-2025 D,45
1215,2025-kmu-mdcat-2025-169-1215,2025,KMU-MDCAT-2025,D,English,169,"The old man was feeble, barely able to walk. The word “feeble” means:",Healthy,Weak,Strong,Fat,,B,,ocr_visual,KMU-MDCAT-2025 D,45
1216,2025-kmu-mdcat-2025-170-1216,2025,KMU-MDCAT-2025,D,English,170,Which literary device involves using words or phrases that convey the opposite of their literal meaning?,lrony,Parody,Satire,Sarcasm,,A,,ocr_visual,KMU-MDCAT-2025 D,45
1217,2025-kmu-mdcat-2025-171-1217,2025,KMU-MDCAT-2025,D,English,171,Allofthe players forgot _—_—jerseys.,his,her,there,their LOGICAL REASONING,,D,,ocr_visual,KMU-MDCAT-2025 D,45
1218,2025-kmu-mdcat-2025-172-1218,2025,KMU-MDCAT-2025,D,Logical Reasoning,172,A medication dose starts at 100mg and halves each day. What will be the dose on day 4?,12.5mg,25mg,30mg,50mg,,A,,ocr_visual,KMU-MDCAT-2025 D,45
1219,2025-kmu-mdcat-2025-173-1219,2025,KMU-MDCAT-2025,D,Logical Reasoning,173,"A library has 4 books on Shelf A, and 8 books on Shelf B. Some books are removed from Shelf B such that both shelves now have exactly the same number of books, How many books were removed from Shelf B?",2 books,3 books,4books,6 books,,C,,ocr_visual,KMU-MDCAT-2025 D,45
1220,2025-kmu-mdcat-2025-174-1220,2025,KMU-MDCAT-2025,D,Logical Reasoning,174,Ahmed ranks 10th in the class of 46 students. There are only 7 students below Bilal rank wise. How many students are there between Ahmed and Bilal?,27,28,30,32,,B,,ocr_visual,KMU-MDCAT-2025 D,45
1221,2025-kmu-mdcat-2025-175-1221,2025,KMU-MDCAT-2025,D,Logical Reasoning,175,"How is Ali related to Mustafa? If Ali says, “Mustafa's mother is the only child of my grandmother.”",Brother,Cousin,Uncle,Father,,A,,ocr_visual,KMU-MDCAT-2025 D,45
1222,2025-kmu-mdcat-2025-176-1222,2025,KMU-MDCAT-2025,D,Logical Reasoning,176,A mobile company is deciding whether to collect personal user data for improving advertisement. Which of the following is a moral argument against collecting the data?,"Users may lose trust in the company, which could hurt profits.",It is wrong to collect data without users’ clear and informed consent.,"Competitors already collect more data, and we need to stay competitive.","More data means more accurate advertising, which boosts sales.",,B,,ocr_visual,KMU-MDCAT-2025 D,45
1223,2025-kmu-mdcat-2025-177-1223,2025,KMU-MDCAT-2025,D,Logical Reasoning,177,"A father is 5 years older than twice his son's age. If the son is 12, what is the father's age?",28 years,29 years,30 years,32 years,,B,,ocr_visual,KMU-MDCAT-2025 D,46
1224,2025-kmu-mdcat-2025-178-1224,2025,KMU-MDCAT-2025,D,Logical Reasoning,178,"Which number comes in the missing place? 200, 180, 162, 146, 132, .",118,120,122,126,,B,,ocr_visual,KMU-MDCAT-2025 D,46
1225,2025-kmu-mdcat-2025-179-1225,2025,KMU-MDCAT-2025,D,Logical Reasoning,179,If 5 boxes of soap weigh 75 kilos and each box when empty weighs3 kilos. What is total weight of the soaps?,15,30,45,60,,D,,ocr_visual,KMU-MDCAT-2025 D,46
1226,2025-kmu-mdcat-2025-180-1226,2025,KMU-MDCAT-2025,D,Logical Reasoning,180,"Consider the sequence: 64, 32, 16, 8,... What is the 10th term of this sequence?",2,4,1/4,1/8 Good Luck! The END.,,D,,ocr_visual,KMU-MDCAT-2025 D,46
1227,2025-nums-2025-1-1227,2025,NUMS-2025,,Physics,1,NUMS 2025 (ORIGINAL COMPLETE QUESTION PAPER) BY SKN PHYSICS Q.1 Q. 2 Q. 10 Q. 11 Q. 12 Q. 13 Q. 14 The path of a charged particle in a plane perpendicular to a uniform magnetic field is:,Circular,Helical,Parabola,Elliptical Magnetic force acting on a charge at rest is:,,A,,ocr_visual,NUMS-2025,48
1228,2025-nums-2025-2-1228,2025,NUMS-2025,,Physics,2,NUMS 2025 (ORIGINAL COMPLETE QUESTION PAPER) BY SKN PHYSICS Q.1 Q. 2 Q. 10 Q. 11 Q. 12 Q. 13 Q. 14 The path of a charged particle in a plane perpendicular to a uniform magnetic field is: A. Circular B. Helical C. Parabola D. Elliptical Magnetic force acting on a charge at rest is:,Zero,Positive,Negative,"Infinite If mass of a charged particle is doubled, cyclotron frequency becomes:",,A,,ocr_visual,NUMS-2025,48
1229,2025-nums-2025-3-1229,2025,NUMS-2025,,Physics,3,"NUMS 2025 (ORIGINAL COMPLETE QUESTION PAPER) BY SKN PHYSICS Q.1 Q. 2 Q. 10 Q. 11 Q. 12 Q. 13 Q. 14 The path of a charged particle in a plane perpendicular to a uniform magnetic field is: A. Circular B. Helical C. Parabola D. Elliptical Magnetic force acting on a charge at rest is: A. Zero B. Positive C. Negative D. Infinite If mass of a charged particle is doubled, cyclotron frequency becomes:",Doubled,Halved,Quadrupled,"One fourth In uniform circular motion, average velocity is equal to same as:",,B,,ocr_visual,NUMS-2025,48
1230,2025-nums-2025-4-1230,2025,NUMS-2025,,Physics,4,"NUMS 2025 (ORIGINAL COMPLETE QUESTION PAPER) BY SKN PHYSICS Q.1 Q. 2 Q. 10 Q. 11 Q. 12 Q. 13 Q. 14 The path of a charged particle in a plane perpendicular to a uniform magnetic field is: A. Circular B. Helical C. Parabola D. Elliptical Magnetic force acting on a charge at rest is: A. Zero B. Positive C. Negative D. Infinite If mass of a charged particle is doubled, cyclotron frequency becomes: A. Doubled B. Halved C. Quadrupled D. One fourth In uniform circular motion, average velocity is equal to same as:",Linear velocity,Average velocity,Uniform velocity,Instantaneous velocity Electric field intensity of infinite charge sheet:,,D,,ocr_visual,NUMS-2025,48
1231,2025-nums-2025-5-1231,2025,NUMS-2025,,Physics,5,"NUMS 2025 (ORIGINAL COMPLETE QUESTION PAPER) BY SKN PHYSICS Q.1 Q. 2 Q. 10 Q. 11 Q. 12 Q. 13 Q. 14 The path of a charged particle in a plane perpendicular to a uniform magnetic field is: A. Circular B. Helical C. Parabola D. Elliptical Magnetic force acting on a charge at rest is: A. Zero B. Positive C. Negative D. Infinite If mass of a charged particle is doubled, cyclotron frequency becomes: A. Doubled B. Halved C. Quadrupled D. One fourth In uniform circular motion, average velocity is equal to same as: A. Linear velocity B. Average velocity C. Uniform velocity D. Instantaneous velocity Electric field intensity of infinite charge sheet:",E = 26/é0,E= I/é0,E=0/€0,o/(2€0) Stability of radioactivity element is determined by:,,A,,ocr_visual,NUMS-2025,48
1232,2025-nums-2025-6-1232,2025,NUMS-2025,,Physics,6,"NUMS 2025 (ORIGINAL COMPLETE QUESTION PAPER) BY SKN PHYSICS Q.1 Q. 2 Q. 10 Q. 11 Q. 12 Q. 13 Q. 14 The path of a charged particle in a plane perpendicular to a uniform magnetic field is: A. Circular B. Helical C. Parabola D. Elliptical Magnetic force acting on a charge at rest is: A. Zero B. Positive C. Negative D. Infinite If mass of a charged particle is doubled, cyclotron frequency becomes: A. Doubled B. Halved C. Quadrupled D. One fourth In uniform circular motion, average velocity is equal to same as: A. Linear velocity B. Average velocity C. Uniform velocity D. Instantaneous velocity Electric field intensity of infinite charge sheet: A. E = 26/é0 B. E= I/é0 C. E=0/€0 D. o/(2€0) Stability of radioactivity element is determined by:",Decay constant,Rate of the radioactive decay,Time of decay,Number of radioactive nuclei 1kWh is equal to:,,A,,ocr_visual,NUMS-2025,48
1233,2025-nums-2025-7-1233,2025,NUMS-2025,,Physics,7,"NUMS 2025 (ORIGINAL COMPLETE QUESTION PAPER) BY SKN PHYSICS Q.1 Q. 2 Q. 10 Q. 11 Q. 12 Q. 13 Q. 14 The path of a charged particle in a plane perpendicular to a uniform magnetic field is: A. Circular B. Helical C. Parabola D. Elliptical Magnetic force acting on a charge at rest is: A. Zero B. Positive C. Negative D. Infinite If mass of a charged particle is doubled, cyclotron frequency becomes: A. Doubled B. Halved C. Quadrupled D. One fourth In uniform circular motion, average velocity is equal to same as: A. Linear velocity B. Average velocity C. Uniform velocity D. Instantaneous velocity Electric field intensity of infinite charge sheet: A. E = 26/é0 B. E= I/é0 C. E=0/€0 D. o/(2€0) Stability of radioactivity element is determined by: A. Decay constant B. Rate of the radioactive decay C. Time of decay D. Number of radioactive nuclei 1kWh is equal to:",3.6 MW,3.6 MJ,3.6 kJ,3.6 GJ Rectifier converts,,D,,ocr_visual,NUMS-2025,48
1234,2025-nums-2025-8-1234,2025,NUMS-2025,,Physics,8,"NUMS 2025 (ORIGINAL COMPLETE QUESTION PAPER) BY SKN PHYSICS Q.1 Q. 2 Q. 10 Q. 11 Q. 12 Q. 13 Q. 14 The path of a charged particle in a plane perpendicular to a uniform magnetic field is: A. Circular B. Helical C. Parabola D. Elliptical Magnetic force acting on a charge at rest is: A. Zero B. Positive C. Negative D. Infinite If mass of a charged particle is doubled, cyclotron frequency becomes: A. Doubled B. Halved C. Quadrupled D. One fourth In uniform circular motion, average velocity is equal to same as: A. Linear velocity B. Average velocity C. Uniform velocity D. Instantaneous velocity Electric field intensity of infinite charge sheet: A. E = 26/é0 B. E= I/é0 C. E=0/€0 D. o/(2€0) Stability of radioactivity element is determined by: A. Decay constant B. Rate of the radioactive decay C. Time of decay D. Number of radioactive nuclei 1kWh is equal to: A. 3.6 MW B. 3.6 MJ C. 3.6 kJ D. 3.6 GJ Rectifier converts",Alternating voltage into Direct voltage _,Direct voltage into Alternating voltage,Alternating current into Direct current —_,Direct current into Alternating current Basic requirement for induce emf is,,A,,ocr_visual,NUMS-2025,48
1235,2025-nums-2025-9-1235,2025,NUMS-2025,,Physics,9,"NUMS 2025 (ORIGINAL COMPLETE QUESTION PAPER) BY SKN PHYSICS Q.1 Q. 2 Q. 10 Q. 11 Q. 12 Q. 13 Q. 14 The path of a charged particle in a plane perpendicular to a uniform magnetic field is: A. Circular B. Helical C. Parabola D. Elliptical Magnetic force acting on a charge at rest is: A. Zero B. Positive C. Negative D. Infinite If mass of a charged particle is doubled, cyclotron frequency becomes: A. Doubled B. Halved C. Quadrupled D. One fourth In uniform circular motion, average velocity is equal to same as: A. Linear velocity B. Average velocity C. Uniform velocity D. Instantaneous velocity Electric field intensity of infinite charge sheet: A. E = 26/é0 B. E= I/é0 C. E=0/€0 D. o/(2€0) Stability of radioactivity element is determined by: A. Decay constant B. Rate of the radioactive decay C. Time of decay D. Number of radioactive nuclei 1kWh is equal to: A. 3.6 MW B. 3.6 MJ C. 3.6 kJ D. 3.6 GJ Rectifier converts A. Alternating voltage into Direct voltage _B. Direct voltage into Alternating voltage C. Alternating current into Direct current —_D. Direct current into Alternating current Basic requirement for induce emf is",flux linked to coil.,No flux linked to coil,Coil should be circular,Change in flux links to the coil Product of force and time is equal to,,D,,ocr_visual,NUMS-2025,48
1236,2025-nums-2025-10-1236,2025,NUMS-2025,,Physics,10,"NUMS 2025 (ORIGINAL COMPLETE QUESTION PAPER) BY SKN PHYSICS Q.1 Q. 2 Q. 10 Q. 11 Q. 12 Q. 13 Q. 14 The path of a charged particle in a plane perpendicular to a uniform magnetic field is: A. Circular B. Helical C. Parabola D. Elliptical Magnetic force acting on a charge at rest is: A. Zero B. Positive C. Negative D. Infinite If mass of a charged particle is doubled, cyclotron frequency becomes: A. Doubled B. Halved C. Quadrupled D. One fourth In uniform circular motion, average velocity is equal to same as: A. Linear velocity B. Average velocity C. Uniform velocity D. Instantaneous velocity Electric field intensity of infinite charge sheet: A. E = 26/é0 B. E= I/é0 C. E=0/€0 D. o/(2€0) Stability of radioactivity element is determined by: A. Decay constant B. Rate of the radioactive decay C. Time of decay D. Number of radioactive nuclei 1kWh is equal to: A. 3.6 MW B. 3.6 MJ C. 3.6 kJ D. 3.6 GJ Rectifier converts A. Alternating voltage into Direct voltage _B. Direct voltage into Alternating voltage C. Alternating current into Direct current —_D. Direct current into Alternating current Basic requirement for induce emf is A. flux linked to coil. B. No flux linked to coil C. Coil should be circular D. Change in flux links to the coil Product of force and time is equal to",Change in displacement,Change in momentum,Change in velocity,Change in acceleration Resistivity of copper is:,,B,,ocr_visual,NUMS-2025,48
1237,2025-nums-2025-11-1237,2025,NUMS-2025,,Physics,11,"NUMS 2025 (ORIGINAL COMPLETE QUESTION PAPER) BY SKN PHYSICS Q.1 Q. 2 Q. 10 Q. 11 Q. 12 Q. 13 Q. 14 The path of a charged particle in a plane perpendicular to a uniform magnetic field is: A. Circular B. Helical C. Parabola D. Elliptical Magnetic force acting on a charge at rest is: A. Zero B. Positive C. Negative D. Infinite If mass of a charged particle is doubled, cyclotron frequency becomes: A. Doubled B. Halved C. Quadrupled D. One fourth In uniform circular motion, average velocity is equal to same as: A. Linear velocity B. Average velocity C. Uniform velocity D. Instantaneous velocity Electric field intensity of infinite charge sheet: A. E = 26/é0 B. E= I/é0 C. E=0/€0 D. o/(2€0) Stability of radioactivity element is determined by: A. Decay constant B. Rate of the radioactive decay C. Time of decay D. Number of radioactive nuclei 1kWh is equal to: A. 3.6 MW B. 3.6 MJ C. 3.6 kJ D. 3.6 GJ Rectifier converts A. Alternating voltage into Direct voltage _B. Direct voltage into Alternating voltage C. Alternating current into Direct current —_D. Direct current into Alternating current Basic requirement for induce emf is A. flux linked to coil. B. No flux linked to coil C. Coil should be circular D. Change in flux links to the coil Product of force and time is equal to A. Change in displacement B. Change in momentum C. Change in velocity D. Change in acceleration Resistivity of copper is:",1.54 « 10% O-m,1.34 x 10° Q-m,1.45 x 10° O-m,1.64 x 10° Q-m Bursting of tire is an example of which process?,,A,,ocr_visual,NUMS-2025,48
1238,2025-nums-2025-12-1238,2025,NUMS-2025,,Physics,12,"NUMS 2025 (ORIGINAL COMPLETE QUESTION PAPER) BY SKN PHYSICS Q.1 Q. 2 Q. 10 Q. 11 Q. 12 Q. 13 Q. 14 The path of a charged particle in a plane perpendicular to a uniform magnetic field is: A. Circular B. Helical C. Parabola D. Elliptical Magnetic force acting on a charge at rest is: A. Zero B. Positive C. Negative D. Infinite If mass of a charged particle is doubled, cyclotron frequency becomes: A. Doubled B. Halved C. Quadrupled D. One fourth In uniform circular motion, average velocity is equal to same as: A. Linear velocity B. Average velocity C. Uniform velocity D. Instantaneous velocity Electric field intensity of infinite charge sheet: A. E = 26/é0 B. E= I/é0 C. E=0/€0 D. o/(2€0) Stability of radioactivity element is determined by: A. Decay constant B. Rate of the radioactive decay C. Time of decay D. Number of radioactive nuclei 1kWh is equal to: A. 3.6 MW B. 3.6 MJ C. 3.6 kJ D. 3.6 GJ Rectifier converts A. Alternating voltage into Direct voltage _B. Direct voltage into Alternating voltage C. Alternating current into Direct current —_D. Direct current into Alternating current Basic requirement for induce emf is A. flux linked to coil. B. No flux linked to coil C. Coil should be circular D. Change in flux links to the coil Product of force and time is equal to A. Change in displacement B. Change in momentum C. Change in velocity D. Change in acceleration Resistivity of copper is: A. 1.54 « 10% O-m B. 1.34 x 10° Q-m C. 1.45 x 10° O-m D. 1.64 x 10° Q-m Bursting of tire is an example of which process?",Adiabatic,Isochoric,Isothermal,Isobaric Direction of angular velocity can be found by:,,A,,ocr_visual,NUMS-2025,48
1239,2025-nums-2025-13-1239,2025,NUMS-2025,,Physics,13,"NUMS 2025 (ORIGINAL COMPLETE QUESTION PAPER) BY SKN PHYSICS Q.1 Q. 2 Q. 10 Q. 11 Q. 12 Q. 13 Q. 14 The path of a charged particle in a plane perpendicular to a uniform magnetic field is: A. Circular B. Helical C. Parabola D. Elliptical Magnetic force acting on a charge at rest is: A. Zero B. Positive C. Negative D. Infinite If mass of a charged particle is doubled, cyclotron frequency becomes: A. Doubled B. Halved C. Quadrupled D. One fourth In uniform circular motion, average velocity is equal to same as: A. Linear velocity B. Average velocity C. Uniform velocity D. Instantaneous velocity Electric field intensity of infinite charge sheet: A. E = 26/é0 B. E= I/é0 C. E=0/€0 D. o/(2€0) Stability of radioactivity element is determined by: A. Decay constant B. Rate of the radioactive decay C. Time of decay D. Number of radioactive nuclei 1kWh is equal to: A. 3.6 MW B. 3.6 MJ C. 3.6 kJ D. 3.6 GJ Rectifier converts A. Alternating voltage into Direct voltage _B. Direct voltage into Alternating voltage C. Alternating current into Direct current —_D. Direct current into Alternating current Basic requirement for induce emf is A. flux linked to coil. B. No flux linked to coil C. Coil should be circular D. Change in flux links to the coil Product of force and time is equal to A. Change in displacement B. Change in momentum C. Change in velocity D. Change in acceleration Resistivity of copper is: A. 1.54 « 10% O-m B. 1.34 x 10° Q-m C. 1.45 x 10° O-m D. 1.64 x 10° Q-m Bursting of tire is an example of which process? A. Adiabatic B. Isochoric C. Isothermal D. Isobaric Direction of angular velocity can be found by:",Right-hand rule,Fleming’s left-hand rule,Lenz’s law,Faraday’s law When star moves towards the earth shift is known as? SKN 03100121696 Page 112,,A,,ocr_visual,NUMS-2025,48
1240,2025-nums-2025-15-1240,2025,NUMS-2025,,Physics,15,Q. 16 Q.17 Q. 18 Q. 19 Q. 20 Q. 21 Q. 22 Q. 23 Q. 24 Q. 25 Q. 26 Q. 27 Q. 28 Q. 29,Blue shift,Red shift,Compton shift,None Angle at which maximum range of projectile is achieved ?,,B,,ocr_visual,NUMS-2025,49
1241,2025-nums-2025-16-1241,2025,NUMS-2025,,Physics,16,Q. 16 Q.17 Q. 18 Q. 19 Q. 20 Q. 21 Q. 22 Q. 23 Q. 24 Q. 25 Q. 26 Q. 27 Q. 28 Q. 29 A. Blue shift B. Red shift C. Compton shift D. None Angle at which maximum range of projectile is achieved ?,0°,45°,90°,76° Which of the following spectrum is produced when atoms are in the gaseous state?,,B,,ocr_visual,NUMS-2025,49
1242,2025-nums-2025-17-1242,2025,NUMS-2025,,Physics,17,Q. 16 Q.17 Q. 18 Q. 19 Q. 20 Q. 21 Q. 22 Q. 23 Q. 24 Q. 25 Q. 26 Q. 27 Q. 28 Q. 29 A. Blue shift B. Red shift C. Compton shift D. None Angle at which maximum range of projectile is achieved ? A. 0° B. 45° C. 90° D. 76° Which of the following spectrum is produced when atoms are in the gaseous state?,Continuous spectrum,Band spectrum,Line spectrum,"Absorption spectrum Conductance is reciprocal of resistance, its unit is:",,A,,ocr_visual,NUMS-2025,49
1243,2025-nums-2025-18-1243,2025,NUMS-2025,,Physics,18,"Q. 16 Q.17 Q. 18 Q. 19 Q. 20 Q. 21 Q. 22 Q. 23 Q. 24 Q. 25 Q. 26 Q. 27 Q. 28 Q. 29 A. Blue shift B. Red shift C. Compton shift D. None Angle at which maximum range of projectile is achieved ? A. 0° B. 45° C. 90° D. 76° Which of the following spectrum is produced when atoms are in the gaseous state? A. Continuous spectrum B. Band spectrum C. Line spectrum D. Absorption spectrum Conductance is reciprocal of resistance, its unit is:",Siemen,Ohm,Ampere,"Watt During rubbing of hands, internal energy:",,A,,ocr_visual,NUMS-2025,49
1244,2025-nums-2025-19-1244,2025,NUMS-2025,,Physics,19,"Q. 16 Q.17 Q. 18 Q. 19 Q. 20 Q. 21 Q. 22 Q. 23 Q. 24 Q. 25 Q. 26 Q. 27 Q. 28 Q. 29 A. Blue shift B. Red shift C. Compton shift D. None Angle at which maximum range of projectile is achieved ? A. 0° B. 45° C. 90° D. 76° Which of the following spectrum is produced when atoms are in the gaseous state? A. Continuous spectrum B. Band spectrum C. Line spectrum D. Absorption spectrum Conductance is reciprocal of resistance, its unit is: A. Siemen B. Ohm C. Ampere D. Watt During rubbing of hands, internal energy:",Increases,Decreases,Zero,Remains same If velocity is doubled what happens to kinetic energy:,,B,,ocr_visual,NUMS-2025,49
1245,2025-nums-2025-20-1245,2025,NUMS-2025,,Physics,20,"Q. 16 Q.17 Q. 18 Q. 19 Q. 20 Q. 21 Q. 22 Q. 23 Q. 24 Q. 25 Q. 26 Q. 27 Q. 28 Q. 29 A. Blue shift B. Red shift C. Compton shift D. None Angle at which maximum range of projectile is achieved ? A. 0° B. 45° C. 90° D. 76° Which of the following spectrum is produced when atoms are in the gaseous state? A. Continuous spectrum B. Band spectrum C. Line spectrum D. Absorption spectrum Conductance is reciprocal of resistance, its unit is: A. Siemen B. Ohm C. Ampere D. Watt During rubbing of hands, internal energy: A. Increases B. Decreases C. Zero D. Remains same If velocity is doubled what happens to kinetic energy:",Remains same,Doubles,Quadruples,"Halves On a clear day at noon, intensity of solar energy is:",,B,,ocr_visual,NUMS-2025,49
1246,2025-nums-2025-21-1246,2025,NUMS-2025,,Physics,21,"Q. 16 Q.17 Q. 18 Q. 19 Q. 20 Q. 21 Q. 22 Q. 23 Q. 24 Q. 25 Q. 26 Q. 27 Q. 28 Q. 29 A. Blue shift B. Red shift C. Compton shift D. None Angle at which maximum range of projectile is achieved ? A. 0° B. 45° C. 90° D. 76° Which of the following spectrum is produced when atoms are in the gaseous state? A. Continuous spectrum B. Band spectrum C. Line spectrum D. Absorption spectrum Conductance is reciprocal of resistance, its unit is: A. Siemen B. Ohm C. Ampere D. Watt During rubbing of hands, internal energy: A. Increases B. Decreases C. Zero D. Remains same If velocity is doubled what happens to kinetic energy: A. Remains same B. Doubles C. Quadruples D. Halves On a clear day at noon, intensity of solar energy is:",1.4 kW/m?,1.2 kW/m?,1 kW/m?,1.3 kW/m? Work done is positive if angle is:,,A,,ocr_visual,NUMS-2025,49
1247,2025-nums-2025-22-1247,2025,NUMS-2025,,Physics,22,"Q. 16 Q.17 Q. 18 Q. 19 Q. 20 Q. 21 Q. 22 Q. 23 Q. 24 Q. 25 Q. 26 Q. 27 Q. 28 Q. 29 A. Blue shift B. Red shift C. Compton shift D. None Angle at which maximum range of projectile is achieved ? A. 0° B. 45° C. 90° D. 76° Which of the following spectrum is produced when atoms are in the gaseous state? A. Continuous spectrum B. Band spectrum C. Line spectrum D. Absorption spectrum Conductance is reciprocal of resistance, its unit is: A. Siemen B. Ohm C. Ampere D. Watt During rubbing of hands, internal energy: A. Increases B. Decreases C. Zero D. Remains same If velocity is doubled what happens to kinetic energy: A. Remains same B. Doubles C. Quadruples D. Halves On a clear day at noon, intensity of solar energy is: A. 1.4 kW/m? B. 1.2 kW/m? C. 1 kW/m? D. 1.3 kW/m? Work done is positive if angle is:",0°<6@<90°,0° <0 < 180°,90°<@< 2709,None of these The electric potential at a distance r is given by the formula:,,B,,ocr_visual,NUMS-2025,49
1248,2025-nums-2025-23-1248,2025,NUMS-2025,,Physics,23,"Q. 16 Q.17 Q. 18 Q. 19 Q. 20 Q. 21 Q. 22 Q. 23 Q. 24 Q. 25 Q. 26 Q. 27 Q. 28 Q. 29 A. Blue shift B. Red shift C. Compton shift D. None Angle at which maximum range of projectile is achieved ? A. 0° B. 45° C. 90° D. 76° Which of the following spectrum is produced when atoms are in the gaseous state? A. Continuous spectrum B. Band spectrum C. Line spectrum D. Absorption spectrum Conductance is reciprocal of resistance, its unit is: A. Siemen B. Ohm C. Ampere D. Watt During rubbing of hands, internal energy: A. Increases B. Decreases C. Zero D. Remains same If velocity is doubled what happens to kinetic energy: A. Remains same B. Doubles C. Quadruples D. Halves On a clear day at noon, intensity of solar energy is: A. 1.4 kW/m? B. 1.2 kW/m? C. 1 kW/m? D. 1.3 kW/m? Work done is positive if angle is: A. 0°<6@<90° B. 0° <0 < 180° C. 90°<@< 2709 D. None of these The electric potential at a distance r is given by the formula:",V=kq’/r,1/4meoqr,Ed,Ir Which of the following act as a semiconductor?,,B,,ocr_visual,NUMS-2025,49
1249,2025-nums-2025-24-1249,2025,NUMS-2025,,Physics,24,"Q. 16 Q.17 Q. 18 Q. 19 Q. 20 Q. 21 Q. 22 Q. 23 Q. 24 Q. 25 Q. 26 Q. 27 Q. 28 Q. 29 A. Blue shift B. Red shift C. Compton shift D. None Angle at which maximum range of projectile is achieved ? A. 0° B. 45° C. 90° D. 76° Which of the following spectrum is produced when atoms are in the gaseous state? A. Continuous spectrum B. Band spectrum C. Line spectrum D. Absorption spectrum Conductance is reciprocal of resistance, its unit is: A. Siemen B. Ohm C. Ampere D. Watt During rubbing of hands, internal energy: A. Increases B. Decreases C. Zero D. Remains same If velocity is doubled what happens to kinetic energy: A. Remains same B. Doubles C. Quadruples D. Halves On a clear day at noon, intensity of solar energy is: A. 1.4 kW/m? B. 1.2 kW/m? C. 1 kW/m? D. 1.3 kW/m? Work done is positive if angle is: A. 0°<6@<90° B. 0° <0 < 180° C. 90°<@< 2709 D. None of these The electric potential at a distance r is given by the formula: A. V=kq’/r B. 1/4meoqr C. Ed D. Ir Which of the following act as a semiconductor?",Iron,Silicon,Zinc,Tungsten The fraction change in resistance per kelvin is:,,B,,ocr_visual,NUMS-2025,49
1250,2025-nums-2025-25-1250,2025,NUMS-2025,,Physics,25,"Q. 16 Q.17 Q. 18 Q. 19 Q. 20 Q. 21 Q. 22 Q. 23 Q. 24 Q. 25 Q. 26 Q. 27 Q. 28 Q. 29 A. Blue shift B. Red shift C. Compton shift D. None Angle at which maximum range of projectile is achieved ? A. 0° B. 45° C. 90° D. 76° Which of the following spectrum is produced when atoms are in the gaseous state? A. Continuous spectrum B. Band spectrum C. Line spectrum D. Absorption spectrum Conductance is reciprocal of resistance, its unit is: A. Siemen B. Ohm C. Ampere D. Watt During rubbing of hands, internal energy: A. Increases B. Decreases C. Zero D. Remains same If velocity is doubled what happens to kinetic energy: A. Remains same B. Doubles C. Quadruples D. Halves On a clear day at noon, intensity of solar energy is: A. 1.4 kW/m? B. 1.2 kW/m? C. 1 kW/m? D. 1.3 kW/m? Work done is positive if angle is: A. 0°<6@<90° B. 0° <0 < 180° C. 90°<@< 2709 D. None of these The electric potential at a distance r is given by the formula: A. V=kq’/r B. 1/4meoqr C. Ed D. Ir Which of the following act as a semiconductor? A. Iron B. Silicon C. Zinc D. Tungsten The fraction change in resistance per kelvin is: A. coefficient of conductivity . Temperature coefficient of resistance C. Coefficient of conductance . Coefficient of resistivity Quantized momentum was explained by: whice)",Einstein,Bohr,de-Broglie,Rutherford Angle between a and r is,,C,,ocr_visual,NUMS-2025,49
1251,2025-nums-2025-26-1251,2025,NUMS-2025,,Physics,26,"Q. 16 Q.17 Q. 18 Q. 19 Q. 20 Q. 21 Q. 22 Q. 23 Q. 24 Q. 25 Q. 26 Q. 27 Q. 28 Q. 29 A. Blue shift B. Red shift C. Compton shift D. None Angle at which maximum range of projectile is achieved ? A. 0° B. 45° C. 90° D. 76° Which of the following spectrum is produced when atoms are in the gaseous state? A. Continuous spectrum B. Band spectrum C. Line spectrum D. Absorption spectrum Conductance is reciprocal of resistance, its unit is: A. Siemen B. Ohm C. Ampere D. Watt During rubbing of hands, internal energy: A. Increases B. Decreases C. Zero D. Remains same If velocity is doubled what happens to kinetic energy: A. Remains same B. Doubles C. Quadruples D. Halves On a clear day at noon, intensity of solar energy is: A. 1.4 kW/m? B. 1.2 kW/m? C. 1 kW/m? D. 1.3 kW/m? Work done is positive if angle is: A. 0°<6@<90° B. 0° <0 < 180° C. 90°<@< 2709 D. None of these The electric potential at a distance r is given by the formula: A. V=kq’/r B. 1/4meoqr C. Ed D. Ir Which of the following act as a semiconductor? A. Iron B. Silicon C. Zinc D. Tungsten The fraction change in resistance per kelvin is: A. coefficient of conductivity . Temperature coefficient of resistance C. Coefficient of conductance . Coefficient of resistivity Quantized momentum was explained by: whice) A. Einstein B. Bohr C. de-Broglie D. Rutherford Angle between a and r is",90°,80°,45°,60° Emf induced is zero when plane of coil is:,,A,,ocr_visual,NUMS-2025,49
1252,2025-nums-2025-27-1252,2025,NUMS-2025,,Physics,27,"Q. 16 Q.17 Q. 18 Q. 19 Q. 20 Q. 21 Q. 22 Q. 23 Q. 24 Q. 25 Q. 26 Q. 27 Q. 28 Q. 29 A. Blue shift B. Red shift C. Compton shift D. None Angle at which maximum range of projectile is achieved ? A. 0° B. 45° C. 90° D. 76° Which of the following spectrum is produced when atoms are in the gaseous state? A. Continuous spectrum B. Band spectrum C. Line spectrum D. Absorption spectrum Conductance is reciprocal of resistance, its unit is: A. Siemen B. Ohm C. Ampere D. Watt During rubbing of hands, internal energy: A. Increases B. Decreases C. Zero D. Remains same If velocity is doubled what happens to kinetic energy: A. Remains same B. Doubles C. Quadruples D. Halves On a clear day at noon, intensity of solar energy is: A. 1.4 kW/m? B. 1.2 kW/m? C. 1 kW/m? D. 1.3 kW/m? Work done is positive if angle is: A. 0°<6@<90° B. 0° <0 < 180° C. 90°<@< 2709 D. None of these The electric potential at a distance r is given by the formula: A. V=kq’/r B. 1/4meoqr C. Ed D. Ir Which of the following act as a semiconductor? A. Iron B. Silicon C. Zinc D. Tungsten The fraction change in resistance per kelvin is: A. coefficient of conductivity . Temperature coefficient of resistance C. Coefficient of conductance . Coefficient of resistivity Quantized momentum was explained by: whice) A. Einstein B. Bohr C. de-Broglie D. Rutherford Angle between a and r is A. 90° B. 80° C.45° D. 60° Emf induced is zero when plane of coil is:",Perpendicular to B,Parallel to B,Antiparallel,None of these The spectra which is obtained by the absorption or emission of radiation by the atoms of the gas:,,A,,ocr_visual,NUMS-2025,49
1253,2025-nums-2025-28-1253,2025,NUMS-2025,,Physics,28,"Q. 16 Q.17 Q. 18 Q. 19 Q. 20 Q. 21 Q. 22 Q. 23 Q. 24 Q. 25 Q. 26 Q. 27 Q. 28 Q. 29 A. Blue shift B. Red shift C. Compton shift D. None Angle at which maximum range of projectile is achieved ? A. 0° B. 45° C. 90° D. 76° Which of the following spectrum is produced when atoms are in the gaseous state? A. Continuous spectrum B. Band spectrum C. Line spectrum D. Absorption spectrum Conductance is reciprocal of resistance, its unit is: A. Siemen B. Ohm C. Ampere D. Watt During rubbing of hands, internal energy: A. Increases B. Decreases C. Zero D. Remains same If velocity is doubled what happens to kinetic energy: A. Remains same B. Doubles C. Quadruples D. Halves On a clear day at noon, intensity of solar energy is: A. 1.4 kW/m? B. 1.2 kW/m? C. 1 kW/m? D. 1.3 kW/m? Work done is positive if angle is: A. 0°<6@<90° B. 0° <0 < 180° C. 90°<@< 2709 D. None of these The electric potential at a distance r is given by the formula: A. V=kq’/r B. 1/4meoqr C. Ed D. Ir Which of the following act as a semiconductor? A. Iron B. Silicon C. Zinc D. Tungsten The fraction change in resistance per kelvin is: A. coefficient of conductivity . Temperature coefficient of resistance C. Coefficient of conductance . Coefficient of resistivity Quantized momentum was explained by: whice) A. Einstein B. Bohr C. de-Broglie D. Rutherford Angle between a and r is A. 90° B. 80° C.45° D. 60° Emf induced is zero when plane of coil is: A. Perpendicular to B B. Parallel to B C. Antiparallel D. None of these The spectra which is obtained by the absorption or emission of radiation by the atoms of the gas:",Atomic spectra,Molecular spectra,Band spectra,Continuous spectra Two waves identical traveling in the same medium are super posed:,,A,,ocr_visual,NUMS-2025,49
1254,2025-nums-2025-29-1254,2025,NUMS-2025,,Physics,29,"Q. 16 Q.17 Q. 18 Q. 19 Q. 20 Q. 21 Q. 22 Q. 23 Q. 24 Q. 25 Q. 26 Q. 27 Q. 28 Q. 29 A. Blue shift B. Red shift C. Compton shift D. None Angle at which maximum range of projectile is achieved ? A. 0° B. 45° C. 90° D. 76° Which of the following spectrum is produced when atoms are in the gaseous state? A. Continuous spectrum B. Band spectrum C. Line spectrum D. Absorption spectrum Conductance is reciprocal of resistance, its unit is: A. Siemen B. Ohm C. Ampere D. Watt During rubbing of hands, internal energy: A. Increases B. Decreases C. Zero D. Remains same If velocity is doubled what happens to kinetic energy: A. Remains same B. Doubles C. Quadruples D. Halves On a clear day at noon, intensity of solar energy is: A. 1.4 kW/m? B. 1.2 kW/m? C. 1 kW/m? D. 1.3 kW/m? Work done is positive if angle is: A. 0°<6@<90° B. 0° <0 < 180° C. 90°<@< 2709 D. None of these The electric potential at a distance r is given by the formula: A. V=kq’/r B. 1/4meoqr C. Ed D. Ir Which of the following act as a semiconductor? A. Iron B. Silicon C. Zinc D. Tungsten The fraction change in resistance per kelvin is: A. coefficient of conductivity . Temperature coefficient of resistance C. Coefficient of conductance . Coefficient of resistivity Quantized momentum was explained by: whice) A. Einstein B. Bohr C. de-Broglie D. Rutherford Angle between a and r is A. 90° B. 80° C.45° D. 60° Emf induced is zero when plane of coil is: A. Perpendicular to B B. Parallel to B C. Antiparallel D. None of these The spectra which is obtained by the absorption or emission of radiation by the atoms of the gas: A. Atomic spectra B. Molecular spectra C. Band spectra D. Continuous spectra Two waves identical traveling in the same medium are super posed:",Interference,Diffraction,Reflection,Refraction SKN 03100121696 Page 212,,A,,ocr_visual,NUMS-2025,49
1255,2025-nums-2025-30-1255,2025,NUMS-2025,,Chemistry,30,CHEMISTRY Q. 30 Most molecular crystals melt below:,200°C,280°C,330°C,480°C Q. 31 How much heavier is the H-atom as compared to electron?,,B,,ocr_visual,NUMS-2025,50
1256,2025-nums-2025-31-1256,2025,NUMS-2025,,Chemistry,31,CHEMISTRY Q. 30 Most molecular crystals melt below: A. 200°C B. 280°C C. 330°C D. 480°C Q. 31 How much heavier is the H-atom as compared to electron?,1937,1737,1837,1637 Q. 32 The value of equilibrium constant for the decomposition of ozone at 25°C:,,A,,ocr_visual,NUMS-2025,50
1257,2025-nums-2025-32-1257,2025,NUMS-2025,,Chemistry,32,CHEMISTRY Q. 30 Most molecular crystals melt below: A. 200°C B. 280°C C. 330°C D. 480°C Q. 31 How much heavier is the H-atom as compared to electron? A. 1937 B. 1737 C. 1837 D. 1637 Q. 32 The value of equilibrium constant for the decomposition of ozone at 25°C:,10°,10®,10°,"10° Q. 33 Areaction is first order with respect to A and third order with respect to B, the rate equation is:",,C,,ocr_visual,NUMS-2025,50
1258,2025-nums-2025-33-1258,2025,NUMS-2025,,Chemistry,33,"CHEMISTRY Q. 30 Most molecular crystals melt below: A. 200°C B. 280°C C. 330°C D. 480°C Q. 31 How much heavier is the H-atom as compared to electron? A. 1937 B. 1737 C. 1837 D. 1637 Q. 32 The value of equilibrium constant for the decomposition of ozone at 25°C: A. 10° B. 10® C. 10° D. 10° Q. 33 Areaction is first order with respect to A and third order with respect to B, the rate equation is:",Rate = K[A][B/?,Rate = K[A}’[B],Rate = K[A][B}?,"Rate = K[A] Q. 34 For a reaction A — Product, if concentration of A is doubled, product increases 4 times. The order of reaction will be:",,C,,ocr_visual,NUMS-2025,50
1259,2025-nums-2025-34-1259,2025,NUMS-2025,,Chemistry,34,"CHEMISTRY Q. 30 Most molecular crystals melt below: A. 200°C B. 280°C C. 330°C D. 480°C Q. 31 How much heavier is the H-atom as compared to electron? A. 1937 B. 1737 C. 1837 D. 1637 Q. 32 The value of equilibrium constant for the decomposition of ozone at 25°C: A. 10° B. 10® C. 10° D. 10° Q. 33 Areaction is first order with respect to A and third order with respect to B, the rate equation is: A. Rate = K[A][B/? B. Rate = K[A}’[B] C. Rate = K[A][B}? D. Rate = K[A] Q. 34 For a reaction A — Product, if concentration of A is doubled, product increases 4 times. The order of reaction will be: A. Zero B. 1* C2 D335 Q.35 Select the spontaneous reaction from the following:",Reaction of nitrogen and oxygen,Emission of a-particles from polonium,Thermal decomposition of marble,Burning of paper Q. 36 Select the exothermic reaction among the following:,,C,,ocr_visual,NUMS-2025,50
1260,2025-nums-2025-35-1260,2025,NUMS-2025,,Chemistry,35,"CHEMISTRY Q. 30 Most molecular crystals melt below: A. 200°C B. 280°C C. 330°C D. 480°C Q. 31 How much heavier is the H-atom as compared to electron? A. 1937 B. 1737 C. 1837 D. 1637 Q. 32 The value of equilibrium constant for the decomposition of ozone at 25°C: A. 10° B. 10® C. 10° D. 10° Q. 33 Areaction is first order with respect to A and third order with respect to B, the rate equation is: A. Rate = K[A][B/? B. Rate = K[A}’[B] C. Rate = K[A][B}? D. Rate = K[A] Q. 34 For a reaction A — Product, if concentration of A is doubled, product increases 4 times. The order of reaction will be: A. Zero B. 1* C2 D335 Q.35 Select the spontaneous reaction from the following: A. Reaction of nitrogen and oxygen B. Emission of a-particles from polonium C. Thermal decomposition of marble D. Burning of paper Q. 36 Select the exothermic reaction among the following:",Thermal composition of P2Os,Formation of atmospheric nitric oxide,Burning of methane,Sublimation of dry ice Q.37 The oxidation number of Cl in HCIO:; is:,,B,,ocr_visual,NUMS-2025,50
1261,2025-nums-2025-36-1261,2025,NUMS-2025,,Chemistry,36,"CHEMISTRY Q. 30 Most molecular crystals melt below: A. 200°C B. 280°C C. 330°C D. 480°C Q. 31 How much heavier is the H-atom as compared to electron? A. 1937 B. 1737 C. 1837 D. 1637 Q. 32 The value of equilibrium constant for the decomposition of ozone at 25°C: A. 10° B. 10® C. 10° D. 10° Q. 33 Areaction is first order with respect to A and third order with respect to B, the rate equation is: A. Rate = K[A][B/? B. Rate = K[A}’[B] C. Rate = K[A][B}? D. Rate = K[A] Q. 34 For a reaction A — Product, if concentration of A is doubled, product increases 4 times. The order of reaction will be: A. Zero B. 1* C2 D335 Q.35 Select the spontaneous reaction from the following: A. Reaction of nitrogen and oxygen B. Emission of a-particles from polonium C. Thermal decomposition of marble D. Burning of paper Q. 36 Select the exothermic reaction among the following: A. Thermal composition of P2Os B. Formation of atmospheric nitric oxide C. Burning of methane D. Sublimation of dry ice Q.37 The oxidation number of Cl in HCIO:; is: A. +1 B. +3 Ca D. +7 Q. 38 Bond order is equal to:",Difference between number of bonding electrons and antibonding electrons,The sum of number of bonding electrons and antibonding electrons,Half of the difference between number of bonding electrons and antibonding electrons,Quarter of the difference between number of bonding electrons and antibonding electrons Q. 39 Which of the following molecule has non-polar covalent bond?,,A,,ocr_visual,NUMS-2025,50
1262,2025-nums-2025-37-1262,2025,NUMS-2025,,Chemistry,37,"CHEMISTRY Q. 30 Most molecular crystals melt below: A. 200°C B. 280°C C. 330°C D. 480°C Q. 31 How much heavier is the H-atom as compared to electron? A. 1937 B. 1737 C. 1837 D. 1637 Q. 32 The value of equilibrium constant for the decomposition of ozone at 25°C: A. 10° B. 10® C. 10° D. 10° Q. 33 Areaction is first order with respect to A and third order with respect to B, the rate equation is: A. Rate = K[A][B/? B. Rate = K[A}’[B] C. Rate = K[A][B}? D. Rate = K[A] Q. 34 For a reaction A — Product, if concentration of A is doubled, product increases 4 times. The order of reaction will be: A. Zero B. 1* C2 D335 Q.35 Select the spontaneous reaction from the following: A. Reaction of nitrogen and oxygen B. Emission of a-particles from polonium C. Thermal decomposition of marble D. Burning of paper Q. 36 Select the exothermic reaction among the following: A. Thermal composition of P2Os B. Formation of atmospheric nitric oxide C. Burning of methane D. Sublimation of dry ice Q.37 The oxidation number of Cl in HCIO:; is: A. +1 B. +3 Ca D. +7 Q. 38 Bond order is equal to: A. Difference between number of bonding electrons and antibonding electrons B. The sum of number of bonding electrons and antibonding electrons C. Half of the difference between number of bonding electrons and antibonding electrons D. Quarter of the difference between number of bonding electrons and antibonding electrons Q. 39 Which of the following molecule has non-polar covalent bond?",Methyl chloride,Methanol,Carbon dioxide,Tetrachloromethane Q. 40 Which of the following alcohols will give oily layer upon heating?,,B,,ocr_visual,NUMS-2025,50
1263,2025-nums-2025-38-1263,2025,NUMS-2025,,Chemistry,38,"CHEMISTRY Q. 30 Most molecular crystals melt below: A. 200°C B. 280°C C. 330°C D. 480°C Q. 31 How much heavier is the H-atom as compared to electron? A. 1937 B. 1737 C. 1837 D. 1637 Q. 32 The value of equilibrium constant for the decomposition of ozone at 25°C: A. 10° B. 10® C. 10° D. 10° Q. 33 Areaction is first order with respect to A and third order with respect to B, the rate equation is: A. Rate = K[A][B/? B. Rate = K[A}’[B] C. Rate = K[A][B}? D. Rate = K[A] Q. 34 For a reaction A — Product, if concentration of A is doubled, product increases 4 times. The order of reaction will be: A. Zero B. 1* C2 D335 Q.35 Select the spontaneous reaction from the following: A. Reaction of nitrogen and oxygen B. Emission of a-particles from polonium C. Thermal decomposition of marble D. Burning of paper Q. 36 Select the exothermic reaction among the following: A. Thermal composition of P2Os B. Formation of atmospheric nitric oxide C. Burning of methane D. Sublimation of dry ice Q.37 The oxidation number of Cl in HCIO:; is: A. +1 B. +3 Ca D. +7 Q. 38 Bond order is equal to: A. Difference between number of bonding electrons and antibonding electrons B. The sum of number of bonding electrons and antibonding electrons C. Half of the difference between number of bonding electrons and antibonding electrons D. Quarter of the difference between number of bonding electrons and antibonding electrons Q. 39 Which of the following molecule has non-polar covalent bond? A. Methyl chloride B. Methanol C. Carbon dioxide D. Tetrachloromethane Q. 40 Which of the following alcohols will give oily layer upon heating?",3-Methyl-2-butanol,2-Methyl-2-butanol,2-Butanol,Ethyl] alcohol Q. 41 Formalin is a mixture of:,,C,,ocr_visual,NUMS-2025,50
1264,2025-nums-2025-39-1264,2025,NUMS-2025,,Chemistry,39,"CHEMISTRY Q. 30 Most molecular crystals melt below: A. 200°C B. 280°C C. 330°C D. 480°C Q. 31 How much heavier is the H-atom as compared to electron? A. 1937 B. 1737 C. 1837 D. 1637 Q. 32 The value of equilibrium constant for the decomposition of ozone at 25°C: A. 10° B. 10® C. 10° D. 10° Q. 33 Areaction is first order with respect to A and third order with respect to B, the rate equation is: A. Rate = K[A][B/? B. Rate = K[A}’[B] C. Rate = K[A][B}? D. Rate = K[A] Q. 34 For a reaction A — Product, if concentration of A is doubled, product increases 4 times. The order of reaction will be: A. Zero B. 1* C2 D335 Q.35 Select the spontaneous reaction from the following: A. Reaction of nitrogen and oxygen B. Emission of a-particles from polonium C. Thermal decomposition of marble D. Burning of paper Q. 36 Select the exothermic reaction among the following: A. Thermal composition of P2Os B. Formation of atmospheric nitric oxide C. Burning of methane D. Sublimation of dry ice Q.37 The oxidation number of Cl in HCIO:; is: A. +1 B. +3 Ca D. +7 Q. 38 Bond order is equal to: A. Difference between number of bonding electrons and antibonding electrons B. The sum of number of bonding electrons and antibonding electrons C. Half of the difference between number of bonding electrons and antibonding electrons D. Quarter of the difference between number of bonding electrons and antibonding electrons Q. 39 Which of the following molecule has non-polar covalent bond? A. Methyl chloride B. Methanol C. Carbon dioxide D. Tetrachloromethane Q. 40 Which of the following alcohols will give oily layer upon heating? A. 3-Methyl-2-butanol B. 2-Methyl-2-butanol C. 2-Butanol D. Ethyl] alcohol Q. 41 Formalin is a mixture of:","40% HCHO, 8% CH30H, 52% H20","40% CH3CHO, 8% CH30H, 50% H20","40% CH3CHO, 8% C2HsOH, 50% H20","45% HCHO, 8% C2HsOH, 50% H20 Q. 42 Polymerization of HCHO and CH3CHO occurs in the presence of:",,D,,ocr_visual,NUMS-2025,50
1265,2025-nums-2025-43-1265,2025,NUMS-2025,,Chemistry,43,Q. 43 The boiling point of carboxylic acids are relatively high due to:,Increased molecular mass,Intermolecular carbon bonding,Intermolecular oxygen bonding,Intermolecular hydrogen bonding Q. 44 Carboxylic acid reacts with metal carbonate. The colorless gas evolved is:,,D,,ocr_visual,NUMS-2025,51
1266,2025-nums-2025-44-1266,2025,NUMS-2025,,Chemistry,44,Q. 43 The boiling point of carboxylic acids are relatively high due to: A. Increased molecular mass B. Intermolecular carbon bonding C. Intermolecular oxygen bonding D. Intermolecular hydrogen bonding Q. 44 Carboxylic acid reacts with metal carbonate. The colorless gas evolved is:,Ho,O2,COs,"CO Q. 45 Which of the following compound will react with 2,2-dimethyl propanoic acid to produce ester?",,C,,ocr_visual,NUMS-2025,51
1267,2025-nums-2025-45-1267,2025,NUMS-2025,,Chemistry,45,"Q. 43 The boiling point of carboxylic acids are relatively high due to: A. Increased molecular mass B. Intermolecular carbon bonding C. Intermolecular oxygen bonding D. Intermolecular hydrogen bonding Q. 44 Carboxylic acid reacts with metal carbonate. The colorless gas evolved is: A. Ho B. O2 C. COs D. CO Q. 45 Which of the following compound will react with 2,2-dimethyl propanoic acid to produce ester?",Ethanoic acid,Propane,Ethanol,Propanone Q. 46 The most abundant protein in animal kingdom forming 25-35% of body proteins is/are:,,C,,ocr_visual,NUMS-2025,51
1268,2025-nums-2025-46-1268,2025,NUMS-2025,,Chemistry,46,"Q. 43 The boiling point of carboxylic acids are relatively high due to: A. Increased molecular mass B. Intermolecular carbon bonding C. Intermolecular oxygen bonding D. Intermolecular hydrogen bonding Q. 44 Carboxylic acid reacts with metal carbonate. The colorless gas evolved is: A. Ho B. O2 C. COs D. CO Q. 45 Which of the following compound will react with 2,2-dimethyl propanoic acid to produce ester? A. Ethanoic acid B. Propane C. Ethanol D. Propanone Q. 46 The most abundant protein in animal kingdom forming 25-35% of body proteins is/are:",Derived proteins,Simple proteins,Compound proteins,Conjugated proteins Q. 47 Protein presents in connective tissues of human body is:,,B,,ocr_visual,NUMS-2025,51
1269,2025-nums-2025-47-1269,2025,NUMS-2025,,Chemistry,47,"Q. 43 The boiling point of carboxylic acids are relatively high due to: A. Increased molecular mass B. Intermolecular carbon bonding C. Intermolecular oxygen bonding D. Intermolecular hydrogen bonding Q. 44 Carboxylic acid reacts with metal carbonate. The colorless gas evolved is: A. Ho B. O2 C. COs D. CO Q. 45 Which of the following compound will react with 2,2-dimethyl propanoic acid to produce ester? A. Ethanoic acid B. Propane C. Ethanol D. Propanone Q. 46 The most abundant protein in animal kingdom forming 25-35% of body proteins is/are: A. Derived proteins B. Simple proteins C. Compound proteins D. Conjugated proteins Q. 47 Protein presents in connective tissues of human body is:",Phosphoprotein,Collagen,Lecithin,Cholesterol Q. 48 In human body Ferritin is used to store:,,B,,ocr_visual,NUMS-2025,51
1270,2025-nums-2025-48-1270,2025,NUMS-2025,,Chemistry,48,"Q. 43 The boiling point of carboxylic acids are relatively high due to: A. Increased molecular mass B. Intermolecular carbon bonding C. Intermolecular oxygen bonding D. Intermolecular hydrogen bonding Q. 44 Carboxylic acid reacts with metal carbonate. The colorless gas evolved is: A. Ho B. O2 C. COs D. CO Q. 45 Which of the following compound will react with 2,2-dimethyl propanoic acid to produce ester? A. Ethanoic acid B. Propane C. Ethanol D. Propanone Q. 46 The most abundant protein in animal kingdom forming 25-35% of body proteins is/are: A. Derived proteins B. Simple proteins C. Compound proteins D. Conjugated proteins Q. 47 Protein presents in connective tissues of human body is: A. Phosphoprotein B. Collagen C. Lecithin D. Cholesterol Q. 48 In human body Ferritin is used to store:",P,Ca,Fe,Zn Q. 49 In Human body Ceruloplasmin acts as a carrier of:,,C,,ocr_visual,NUMS-2025,51
1271,2025-nums-2025-49-1271,2025,NUMS-2025,,Chemistry,49,"Q. 43 The boiling point of carboxylic acids are relatively high due to: A. Increased molecular mass B. Intermolecular carbon bonding C. Intermolecular oxygen bonding D. Intermolecular hydrogen bonding Q. 44 Carboxylic acid reacts with metal carbonate. The colorless gas evolved is: A. Ho B. O2 C. COs D. CO Q. 45 Which of the following compound will react with 2,2-dimethyl propanoic acid to produce ester? A. Ethanoic acid B. Propane C. Ethanol D. Propanone Q. 46 The most abundant protein in animal kingdom forming 25-35% of body proteins is/are: A. Derived proteins B. Simple proteins C. Compound proteins D. Conjugated proteins Q. 47 Protein presents in connective tissues of human body is: A. Phosphoprotein B. Collagen C. Lecithin D. Cholesterol Q. 48 In human body Ferritin is used to store: A.P B. Ca C. Fe D. Zn Q. 49 In Human body Ceruloplasmin acts as a carrier of:",O2,Zn,Cu,Fe Q.50 Predict the element with lowest ionization energy:,,C,,ocr_visual,NUMS-2025,51
1272,2025-nums-2025-50-1272,2025,NUMS-2025,,Chemistry,50,"Q. 43 The boiling point of carboxylic acids are relatively high due to: A. Increased molecular mass B. Intermolecular carbon bonding C. Intermolecular oxygen bonding D. Intermolecular hydrogen bonding Q. 44 Carboxylic acid reacts with metal carbonate. The colorless gas evolved is: A. Ho B. O2 C. COs D. CO Q. 45 Which of the following compound will react with 2,2-dimethyl propanoic acid to produce ester? A. Ethanoic acid B. Propane C. Ethanol D. Propanone Q. 46 The most abundant protein in animal kingdom forming 25-35% of body proteins is/are: A. Derived proteins B. Simple proteins C. Compound proteins D. Conjugated proteins Q. 47 Protein presents in connective tissues of human body is: A. Phosphoprotein B. Collagen C. Lecithin D. Cholesterol Q. 48 In human body Ferritin is used to store: A.P B. Ca C. Fe D. Zn Q. 49 In Human body Ceruloplasmin acts as a carrier of: A. O2 B. Zn C. Cu D. Fe Q.50 Predict the element with lowest ionization energy:",Mg,Ar,S1,P Q.51 Select the group II elements which has the highest atomic radius?,,A,,ocr_visual,NUMS-2025,51
1273,2025-nums-2025-51-1273,2025,NUMS-2025,,Chemistry,51,"Q. 43 The boiling point of carboxylic acids are relatively high due to: A. Increased molecular mass B. Intermolecular carbon bonding C. Intermolecular oxygen bonding D. Intermolecular hydrogen bonding Q. 44 Carboxylic acid reacts with metal carbonate. The colorless gas evolved is: A. Ho B. O2 C. COs D. CO Q. 45 Which of the following compound will react with 2,2-dimethyl propanoic acid to produce ester? A. Ethanoic acid B. Propane C. Ethanol D. Propanone Q. 46 The most abundant protein in animal kingdom forming 25-35% of body proteins is/are: A. Derived proteins B. Simple proteins C. Compound proteins D. Conjugated proteins Q. 47 Protein presents in connective tissues of human body is: A. Phosphoprotein B. Collagen C. Lecithin D. Cholesterol Q. 48 In human body Ferritin is used to store: A.P B. Ca C. Fe D. Zn Q. 49 In Human body Ceruloplasmin acts as a carrier of: A. O2 B. Zn C. Cu D. Fe Q.50 Predict the element with lowest ionization energy: A. Mg B. Ar C. S1 D.P Q.51 Select the group II elements which has the highest atomic radius?",Be,Ca,Ba,Sr Q. 52 Which of the following element has least boiling point?,,C,,ocr_visual,NUMS-2025,51
1274,2025-nums-2025-52-1274,2025,NUMS-2025,,Chemistry,52,"Q. 43 The boiling point of carboxylic acids are relatively high due to: A. Increased molecular mass B. Intermolecular carbon bonding C. Intermolecular oxygen bonding D. Intermolecular hydrogen bonding Q. 44 Carboxylic acid reacts with metal carbonate. The colorless gas evolved is: A. Ho B. O2 C. COs D. CO Q. 45 Which of the following compound will react with 2,2-dimethyl propanoic acid to produce ester? A. Ethanoic acid B. Propane C. Ethanol D. Propanone Q. 46 The most abundant protein in animal kingdom forming 25-35% of body proteins is/are: A. Derived proteins B. Simple proteins C. Compound proteins D. Conjugated proteins Q. 47 Protein presents in connective tissues of human body is: A. Phosphoprotein B. Collagen C. Lecithin D. Cholesterol Q. 48 In human body Ferritin is used to store: A.P B. Ca C. Fe D. Zn Q. 49 In Human body Ceruloplasmin acts as a carrier of: A. O2 B. Zn C. Cu D. Fe Q.50 Predict the element with lowest ionization energy: A. Mg B. Ar C. S1 D.P Q.51 Select the group II elements which has the highest atomic radius? A. Be B. Ca C. Ba D. Sr Q. 52 Which of the following element has least boiling point?",Li,Na,K,Cs Q.53 2-pentanone and 3-pentanone are examples of:,,A,,ocr_visual,NUMS-2025,51
1275,2025-nums-2025-53-1275,2025,NUMS-2025,,Chemistry,53,"Q. 43 The boiling point of carboxylic acids are relatively high due to: A. Increased molecular mass B. Intermolecular carbon bonding C. Intermolecular oxygen bonding D. Intermolecular hydrogen bonding Q. 44 Carboxylic acid reacts with metal carbonate. The colorless gas evolved is: A. Ho B. O2 C. COs D. CO Q. 45 Which of the following compound will react with 2,2-dimethyl propanoic acid to produce ester? A. Ethanoic acid B. Propane C. Ethanol D. Propanone Q. 46 The most abundant protein in animal kingdom forming 25-35% of body proteins is/are: A. Derived proteins B. Simple proteins C. Compound proteins D. Conjugated proteins Q. 47 Protein presents in connective tissues of human body is: A. Phosphoprotein B. Collagen C. Lecithin D. Cholesterol Q. 48 In human body Ferritin is used to store: A.P B. Ca C. Fe D. Zn Q. 49 In Human body Ceruloplasmin acts as a carrier of: A. O2 B. Zn C. Cu D. Fe Q.50 Predict the element with lowest ionization energy: A. Mg B. Ar C. S1 D.P Q.51 Select the group II elements which has the highest atomic radius? A. Be B. Ca C. Ba D. Sr Q. 52 Which of the following element has least boiling point? A. Li B. Na C.K D. Cs Q.53 2-pentanone and 3-pentanone are examples of:",Metamers,Functional group isomers,Tautomerism,Position isomers Q. 54 Which of the following will show optical isomerism?,,B,,ocr_visual,NUMS-2025,51
1276,2025-nums-2025-54-1276,2025,NUMS-2025,,Chemistry,54,"Q. 43 The boiling point of carboxylic acids are relatively high due to: A. Increased molecular mass B. Intermolecular carbon bonding C. Intermolecular oxygen bonding D. Intermolecular hydrogen bonding Q. 44 Carboxylic acid reacts with metal carbonate. The colorless gas evolved is: A. Ho B. O2 C. COs D. CO Q. 45 Which of the following compound will react with 2,2-dimethyl propanoic acid to produce ester? A. Ethanoic acid B. Propane C. Ethanol D. Propanone Q. 46 The most abundant protein in animal kingdom forming 25-35% of body proteins is/are: A. Derived proteins B. Simple proteins C. Compound proteins D. Conjugated proteins Q. 47 Protein presents in connective tissues of human body is: A. Phosphoprotein B. Collagen C. Lecithin D. Cholesterol Q. 48 In human body Ferritin is used to store: A.P B. Ca C. Fe D. Zn Q. 49 In Human body Ceruloplasmin acts as a carrier of: A. O2 B. Zn C. Cu D. Fe Q.50 Predict the element with lowest ionization energy: A. Mg B. Ar C. S1 D.P Q.51 Select the group II elements which has the highest atomic radius? A. Be B. Ca C. Ba D. Sr Q. 52 Which of the following element has least boiling point? A. Li B. Na C.K D. Cs Q.53 2-pentanone and 3-pentanone are examples of: A. Metamers B. Functional group isomers C. Tautomerism D. Position isomers Q. 54 Which of the following will show optical isomerism?","2,2-Dihydroxy propanoic acid",2-Hydroxy butanedioic acid,Butanoic acid,2-Hydroxy propanoic acid Q.55 Which of the following is an electrophile in sulphonation?,,D,,ocr_visual,NUMS-2025,51
1277,2025-nums-2025-55-1277,2025,NUMS-2025,,Chemistry,55,"Q. 43 The boiling point of carboxylic acids are relatively high due to: A. Increased molecular mass B. Intermolecular carbon bonding C. Intermolecular oxygen bonding D. Intermolecular hydrogen bonding Q. 44 Carboxylic acid reacts with metal carbonate. The colorless gas evolved is: A. Ho B. O2 C. COs D. CO Q. 45 Which of the following compound will react with 2,2-dimethyl propanoic acid to produce ester? A. Ethanoic acid B. Propane C. Ethanol D. Propanone Q. 46 The most abundant protein in animal kingdom forming 25-35% of body proteins is/are: A. Derived proteins B. Simple proteins C. Compound proteins D. Conjugated proteins Q. 47 Protein presents in connective tissues of human body is: A. Phosphoprotein B. Collagen C. Lecithin D. Cholesterol Q. 48 In human body Ferritin is used to store: A.P B. Ca C. Fe D. Zn Q. 49 In Human body Ceruloplasmin acts as a carrier of: A. O2 B. Zn C. Cu D. Fe Q.50 Predict the element with lowest ionization energy: A. Mg B. Ar C. S1 D.P Q.51 Select the group II elements which has the highest atomic radius? A. Be B. Ca C. Ba D. Sr Q. 52 Which of the following element has least boiling point? A. Li B. Na C.K D. Cs Q.53 2-pentanone and 3-pentanone are examples of: A. Metamers B. Functional group isomers C. Tautomerism D. Position isomers Q. 54 Which of the following will show optical isomerism? A. 2,2-Dihydroxy propanoic acid B. 2-Hydroxy butanedioic acid C. Butanoic acid D. 2-Hydroxy propanoic acid Q.55 Which of the following is an electrophile in sulphonation?",SO3H,SO3,SO2,SOs* Q.56 Acetylene reacts with hydrogen bromide to form:,,B,,ocr_visual,NUMS-2025,51
1278,2025-nums-2025-56-1278,2025,NUMS-2025,,Chemistry,56,"Q. 43 The boiling point of carboxylic acids are relatively high due to: A. Increased molecular mass B. Intermolecular carbon bonding C. Intermolecular oxygen bonding D. Intermolecular hydrogen bonding Q. 44 Carboxylic acid reacts with metal carbonate. The colorless gas evolved is: A. Ho B. O2 C. COs D. CO Q. 45 Which of the following compound will react with 2,2-dimethyl propanoic acid to produce ester? A. Ethanoic acid B. Propane C. Ethanol D. Propanone Q. 46 The most abundant protein in animal kingdom forming 25-35% of body proteins is/are: A. Derived proteins B. Simple proteins C. Compound proteins D. Conjugated proteins Q. 47 Protein presents in connective tissues of human body is: A. Phosphoprotein B. Collagen C. Lecithin D. Cholesterol Q. 48 In human body Ferritin is used to store: A.P B. Ca C. Fe D. Zn Q. 49 In Human body Ceruloplasmin acts as a carrier of: A. O2 B. Zn C. Cu D. Fe Q.50 Predict the element with lowest ionization energy: A. Mg B. Ar C. S1 D.P Q.51 Select the group II elements which has the highest atomic radius? A. Be B. Ca C. Ba D. Sr Q. 52 Which of the following element has least boiling point? A. Li B. Na C.K D. Cs Q.53 2-pentanone and 3-pentanone are examples of: A. Metamers B. Functional group isomers C. Tautomerism D. Position isomers Q. 54 Which of the following will show optical isomerism? A. 2,2-Dihydroxy propanoic acid B. 2-Hydroxy butanedioic acid C. Butanoic acid D. 2-Hydroxy propanoic acid Q.55 Which of the following is an electrophile in sulphonation? A. SO3H B. SO3 C. SO2 D. SOs* Q.56 Acetylene reacts with hydrogen bromide to form:","2,2-Dibromoethane","1,1-Dibromoethane","1,2-Dibromoethane","1,1,2,2-Tetrabromoethane Q.57 Generally the decreasing order of reactivity is:",,B,,ocr_visual,NUMS-2025,51
1279,2025-nums-2025-57-1279,2025,NUMS-2025,,Chemistry,57,"Q. 43 The boiling point of carboxylic acids are relatively high due to: A. Increased molecular mass B. Intermolecular carbon bonding C. Intermolecular oxygen bonding D. Intermolecular hydrogen bonding Q. 44 Carboxylic acid reacts with metal carbonate. The colorless gas evolved is: A. Ho B. O2 C. COs D. CO Q. 45 Which of the following compound will react with 2,2-dimethyl propanoic acid to produce ester? A. Ethanoic acid B. Propane C. Ethanol D. Propanone Q. 46 The most abundant protein in animal kingdom forming 25-35% of body proteins is/are: A. Derived proteins B. Simple proteins C. Compound proteins D. Conjugated proteins Q. 47 Protein presents in connective tissues of human body is: A. Phosphoprotein B. Collagen C. Lecithin D. Cholesterol Q. 48 In human body Ferritin is used to store: A.P B. Ca C. Fe D. Zn Q. 49 In Human body Ceruloplasmin acts as a carrier of: A. O2 B. Zn C. Cu D. Fe Q.50 Predict the element with lowest ionization energy: A. Mg B. Ar C. S1 D.P Q.51 Select the group II elements which has the highest atomic radius? A. Be B. Ca C. Ba D. Sr Q. 52 Which of the following element has least boiling point? A. Li B. Na C.K D. Cs Q.53 2-pentanone and 3-pentanone are examples of: A. Metamers B. Functional group isomers C. Tautomerism D. Position isomers Q. 54 Which of the following will show optical isomerism? A. 2,2-Dihydroxy propanoic acid B. 2-Hydroxy butanedioic acid C. Butanoic acid D. 2-Hydroxy propanoic acid Q.55 Which of the following is an electrophile in sulphonation? A. SO3H B. SO3 C. SO2 D. SOs* Q.56 Acetylene reacts with hydrogen bromide to form: A. 2,2-Dibromoethane B. 1,1-Dibromoethane C. 1,2-Dibromoethane D. 1,1,2,2-Tetrabromoethane Q.57 Generally the decreasing order of reactivity is:",Alkane > Alkynes > Alkene,Alkene < Alkynes < Alkanes,Alkene > Alkynes > Alkanes,Alkynes < Alkanes < Alkene SKN 03100121696 Page 412,,D,,ocr_visual,NUMS-2025,51
1280,2025-nums-2025-58-1280,2025,NUMS-2025,,Chemistry,58,Q.58 Racemic mixture formed in SN1 reaction is due to presence of empty:,s-orbital,p-orbital,sp?-orbital,sp?-orbital Q.59 The order of reactivity of alcohol with respect to cleavage of C—O bond:,,B,,ocr_visual,NUMS-2025,52
1281,2025-nums-2025-59-1281,2025,NUMS-2025,,Chemistry,59,Q.58 Racemic mixture formed in SN1 reaction is due to presence of empty: A. s-orbital B. p-orbital C. sp?-orbital D. sp?-orbital Q.59 The order of reactivity of alcohol with respect to cleavage of C—O bond:,Tertiary alcohol > Secondary alcohol > Primary alcohol,Primary alcohol > Tertiary alcohol > Secondary alcohol,Secondary alcohol > Tertiary alcohol > Primary alcohol,Tertiary alcohol < Secondary alcohol < Primary alcohol Q. 60 Consider the following reaction NaOH + H2S04 — Na280O4 + B20 When 40g of NaOH reacts with 49g of H2SO4. The number of water molecules produced are:,,A,,ocr_visual,NUMS-2025,52
1282,2025-nums-2025-60-1282,2025,NUMS-2025,,Chemistry,60,Q.58 Racemic mixture formed in SN1 reaction is due to presence of empty: A. s-orbital B. p-orbital C. sp?-orbital D. sp?-orbital Q.59 The order of reactivity of alcohol with respect to cleavage of C—O bond: A. Tertiary alcohol > Secondary alcohol > Primary alcohol B. Primary alcohol > Tertiary alcohol > Secondary alcohol C. Secondary alcohol > Tertiary alcohol > Primary alcohol D. Tertiary alcohol < Secondary alcohol < Primary alcohol Q. 60 Consider the following reaction NaOH + H2S04 — Na280O4 + B20 When 40g of NaOH reacts with 49g of H2SO4. The number of water molecules produced are:,6.02 x 10”,6.02 = 10*4,1.2044 x 10”,1.204 x 10*4 Q. 61 The number of electrons in a subshell can be calculated by the formula:,,B,,ocr_visual,NUMS-2025,52
1283,2025-nums-2025-61-1283,2025,NUMS-2025,,Chemistry,61,"Q.58 Racemic mixture formed in SN1 reaction is due to presence of empty: A. s-orbital B. p-orbital C. sp?-orbital D. sp?-orbital Q.59 The order of reactivity of alcohol with respect to cleavage of C—O bond: A. Tertiary alcohol > Secondary alcohol > Primary alcohol B. Primary alcohol > Tertiary alcohol > Secondary alcohol C. Secondary alcohol > Tertiary alcohol > Primary alcohol D. Tertiary alcohol < Secondary alcohol < Primary alcohol Q. 60 Consider the following reaction NaOH + H2S04 — Na280O4 + B20 When 40g of NaOH reacts with 49g of H2SO4. The number of water molecules produced are: A. 6.02 x 10” B. 6.02 = 10*4 C. 1.2044 x 10” D. 1.204 x 10*4 Q. 61 The number of electrons in a subshell can be calculated by the formula: A. 21+ 1 eh 7 € 204-)) D. 2(21 + 1) Q. 62 When 5d orbital is complete, the entering electron goes into:",6s,6p,6d,6f Q. 63 Which of the following relationship is correct for kinetic energy of gases? _ 2RT _ 3RT,,D,,ocr_visual,NUMS-2025,52
1284,2025-nums-2025-62-1284,2025,NUMS-2025,,Chemistry,62,"Q.58 Racemic mixture formed in SN1 reaction is due to presence of empty: A. s-orbital B. p-orbital C. sp?-orbital D. sp?-orbital Q.59 The order of reactivity of alcohol with respect to cleavage of C—O bond: A. Tertiary alcohol > Secondary alcohol > Primary alcohol B. Primary alcohol > Tertiary alcohol > Secondary alcohol C. Secondary alcohol > Tertiary alcohol > Primary alcohol D. Tertiary alcohol < Secondary alcohol < Primary alcohol Q. 60 Consider the following reaction NaOH + H2S04 — Na280O4 + B20 When 40g of NaOH reacts with 49g of H2SO4. The number of water molecules produced are: A. 6.02 x 10” B. 6.02 = 10*4 C. 1.2044 x 10” D. 1.204 x 10*4 Q. 61 The number of electrons in a subshell can be calculated by the formula: A. 21+ 1 eh 7 € 204-)) D. 2(21 + 1) Q. 62 When 5d orbital is complete, the entering electron goes into: A. 6s B. 6p C. 6d D. 6f Q. 63 Which of the following relationship is correct for kinetic energy of gases? _ 2RT _ 3RT A. K.E=3yXA B. KE= 5 NA 2m NT 2NA C KE= OR D.KE= RF Q. 64 The fourth state of matter is:",Solid,Liquid,Gaseous liquid,Plasma Q.65 Which factor does not effect the rate of evaporation?,,C,,ocr_visual,NUMS-2025,52
1285,2025-nums-2025-63-1285,2025,NUMS-2025,,Chemistry,63,"Q.58 Racemic mixture formed in SN1 reaction is due to presence of empty: A. s-orbital B. p-orbital C. sp?-orbital D. sp?-orbital Q.59 The order of reactivity of alcohol with respect to cleavage of C—O bond: A. Tertiary alcohol > Secondary alcohol > Primary alcohol B. Primary alcohol > Tertiary alcohol > Secondary alcohol C. Secondary alcohol > Tertiary alcohol > Primary alcohol D. Tertiary alcohol < Secondary alcohol < Primary alcohol Q. 60 Consider the following reaction NaOH + H2S04 — Na280O4 + B20 When 40g of NaOH reacts with 49g of H2SO4. The number of water molecules produced are: A. 6.02 x 10” B. 6.02 = 10*4 C. 1.2044 x 10” D. 1.204 x 10*4 Q. 61 The number of electrons in a subshell can be calculated by the formula: A. 21+ 1 eh 7 € 204-)) D. 2(21 + 1) Q. 62 When 5d orbital is complete, the entering electron goes into: A. 6s B. 6p C. 6d D. 6f Q. 63 Which of the following relationship is correct for kinetic energy of gases? _ 2RT _ 3RT A. K.E=3yXA B. KE= 5 NA 2m NT 2NA C KE= OR D.KE= RF Q. 64 The fourth state of matter is: A. Solid B. Liquid C. Gaseous liquid D. Plasma Q.65 Which factor does not effect the rate of evaporation?",Amount of liquid,Surface area,Temperature,Inter-molecular forces Q. 66 Which of the following is responsible for the low boiling point of diethyl ether as compared to water?,,A,,ocr_visual,NUMS-2025,52
1286,2025-nums-2025-64-1286,2025,NUMS-2025,,Chemistry,64,"Q.58 Racemic mixture formed in SN1 reaction is due to presence of empty: A. s-orbital B. p-orbital C. sp?-orbital D. sp?-orbital Q.59 The order of reactivity of alcohol with respect to cleavage of C—O bond: A. Tertiary alcohol > Secondary alcohol > Primary alcohol B. Primary alcohol > Tertiary alcohol > Secondary alcohol C. Secondary alcohol > Tertiary alcohol > Primary alcohol D. Tertiary alcohol < Secondary alcohol < Primary alcohol Q. 60 Consider the following reaction NaOH + H2S04 — Na280O4 + B20 When 40g of NaOH reacts with 49g of H2SO4. The number of water molecules produced are: A. 6.02 x 10” B. 6.02 = 10*4 C. 1.2044 x 10” D. 1.204 x 10*4 Q. 61 The number of electrons in a subshell can be calculated by the formula: A. 21+ 1 eh 7 € 204-)) D. 2(21 + 1) Q. 62 When 5d orbital is complete, the entering electron goes into: A. 6s B. 6p C. 6d D. 6f Q. 63 Which of the following relationship is correct for kinetic energy of gases? _ 2RT _ 3RT A. K.E=3yXA B. KE= 5 NA 2m NT 2NA C KE= OR D.KE= RF Q. 64 The fourth state of matter is: A. Solid B. Liquid C. Gaseous liquid D. Plasma Q.65 Which factor does not effect the rate of evaporation? A. Amount of liquid B. Surface area C. Temperature D. Inter-molecular forces Q. 66 Which of the following is responsible for the low boiling point of diethyl ether as compared to water?",Weak intermolecular forces,High surface tension,Low vapour pressure,High vapour pressure Q. 67 Hydrogen bonding does not exist in:,,D,,ocr_visual,NUMS-2025,52
1287,2025-nums-2025-65-1287,2025,NUMS-2025,,Chemistry,65,"Q.58 Racemic mixture formed in SN1 reaction is due to presence of empty: A. s-orbital B. p-orbital C. sp?-orbital D. sp?-orbital Q.59 The order of reactivity of alcohol with respect to cleavage of C—O bond: A. Tertiary alcohol > Secondary alcohol > Primary alcohol B. Primary alcohol > Tertiary alcohol > Secondary alcohol C. Secondary alcohol > Tertiary alcohol > Primary alcohol D. Tertiary alcohol < Secondary alcohol < Primary alcohol Q. 60 Consider the following reaction NaOH + H2S04 — Na280O4 + B20 When 40g of NaOH reacts with 49g of H2SO4. The number of water molecules produced are: A. 6.02 x 10” B. 6.02 = 10*4 C. 1.2044 x 10” D. 1.204 x 10*4 Q. 61 The number of electrons in a subshell can be calculated by the formula: A. 21+ 1 eh 7 € 204-)) D. 2(21 + 1) Q. 62 When 5d orbital is complete, the entering electron goes into: A. 6s B. 6p C. 6d D. 6f Q. 63 Which of the following relationship is correct for kinetic energy of gases? _ 2RT _ 3RT A. K.E=3yXA B. KE= 5 NA 2m NT 2NA C KE= OR D.KE= RF Q. 64 The fourth state of matter is: A. Solid B. Liquid C. Gaseous liquid D. Plasma Q.65 Which factor does not effect the rate of evaporation? A. Amount of liquid B. Surface area C. Temperature D. Inter-molecular forces Q. 66 Which of the following is responsible for the low boiling point of diethyl ether as compared to water? A. Weak intermolecular forces B. High surface tension C. Low vapour pressure D. High vapour pressure Q. 67 Hydrogen bonding does not exist in:",Proteins,Alcohols,Liq HF,SiHy Q. 68 The factor that affects the lattice energy is:,,A,,ocr_visual,NUMS-2025,52
1288,2025-nums-2025-66-1288,2025,NUMS-2025,,Chemistry,66,"Q.58 Racemic mixture formed in SN1 reaction is due to presence of empty: A. s-orbital B. p-orbital C. sp?-orbital D. sp?-orbital Q.59 The order of reactivity of alcohol with respect to cleavage of C—O bond: A. Tertiary alcohol > Secondary alcohol > Primary alcohol B. Primary alcohol > Tertiary alcohol > Secondary alcohol C. Secondary alcohol > Tertiary alcohol > Primary alcohol D. Tertiary alcohol < Secondary alcohol < Primary alcohol Q. 60 Consider the following reaction NaOH + H2S04 — Na280O4 + B20 When 40g of NaOH reacts with 49g of H2SO4. The number of water molecules produced are: A. 6.02 x 10” B. 6.02 = 10*4 C. 1.2044 x 10” D. 1.204 x 10*4 Q. 61 The number of electrons in a subshell can be calculated by the formula: A. 21+ 1 eh 7 € 204-)) D. 2(21 + 1) Q. 62 When 5d orbital is complete, the entering electron goes into: A. 6s B. 6p C. 6d D. 6f Q. 63 Which of the following relationship is correct for kinetic energy of gases? _ 2RT _ 3RT A. K.E=3yXA B. KE= 5 NA 2m NT 2NA C KE= OR D.KE= RF Q. 64 The fourth state of matter is: A. Solid B. Liquid C. Gaseous liquid D. Plasma Q.65 Which factor does not effect the rate of evaporation? A. Amount of liquid B. Surface area C. Temperature D. Inter-molecular forces Q. 66 Which of the following is responsible for the low boiling point of diethyl ether as compared to water? A. Weak intermolecular forces B. High surface tension C. Low vapour pressure D. High vapour pressure Q. 67 Hydrogen bonding does not exist in: A. Proteins B. Alcohols C. Liq HF D. SiHy Q. 68 The factor that affects the lattice energy is:",Charge to size ratio,Shielding effect,Crystal structure,Atomic radius Q. 69 The shape of the crystal lattice depends upon:,,A,,ocr_visual,NUMS-2025,52
1289,2025-nums-2025-67-1289,2025,NUMS-2025,,Chemistry,67,"Q.58 Racemic mixture formed in SN1 reaction is due to presence of empty: A. s-orbital B. p-orbital C. sp?-orbital D. sp?-orbital Q.59 The order of reactivity of alcohol with respect to cleavage of C—O bond: A. Tertiary alcohol > Secondary alcohol > Primary alcohol B. Primary alcohol > Tertiary alcohol > Secondary alcohol C. Secondary alcohol > Tertiary alcohol > Primary alcohol D. Tertiary alcohol < Secondary alcohol < Primary alcohol Q. 60 Consider the following reaction NaOH + H2S04 — Na280O4 + B20 When 40g of NaOH reacts with 49g of H2SO4. The number of water molecules produced are: A. 6.02 x 10” B. 6.02 = 10*4 C. 1.2044 x 10” D. 1.204 x 10*4 Q. 61 The number of electrons in a subshell can be calculated by the formula: A. 21+ 1 eh 7 € 204-)) D. 2(21 + 1) Q. 62 When 5d orbital is complete, the entering electron goes into: A. 6s B. 6p C. 6d D. 6f Q. 63 Which of the following relationship is correct for kinetic energy of gases? _ 2RT _ 3RT A. K.E=3yXA B. KE= 5 NA 2m NT 2NA C KE= OR D.KE= RF Q. 64 The fourth state of matter is: A. Solid B. Liquid C. Gaseous liquid D. Plasma Q.65 Which factor does not effect the rate of evaporation? A. Amount of liquid B. Surface area C. Temperature D. Inter-molecular forces Q. 66 Which of the following is responsible for the low boiling point of diethyl ether as compared to water? A. Weak intermolecular forces B. High surface tension C. Low vapour pressure D. High vapour pressure Q. 67 Hydrogen bonding does not exist in: A. Proteins B. Alcohols C. Liq HF D. SiHy Q. 68 The factor that affects the lattice energy is: A. Charge to size ratio B. Shielding effect C. Crystal structure D. Atomic radius Q. 69 The shape of the crystal lattice depends upon:",Size of particles,Nature of particles,Arrangement of particles,Size of unit cell SKN 03100121696 Page 512,,D,,ocr_visual,NUMS-2025,52
1290,2025-nums-2025-70-1290,2025,NUMS-2025,,English,70,ENGLISH Q. 70 Identify the sentence with correct punctuations:,"Ali received a Parker pen, Hamza: a watch.",Ali received a Parker pen; Hamza a watch.,Ali received a Parker pen; Hamza: a watch.,"Ali received a Parker pen; Hamza, a watch. Q. 71 Fill in the correct articles: female lion is called lioness. She has no mane.",,C,,ocr_visual,NUMS-2025,53
1291,2025-nums-2025-71-1291,2025,NUMS-2025,,English,71,"ENGLISH Q. 70 Identify the sentence with correct punctuations: A. Ali received a Parker pen, Hamza: a watch. B. Ali received a Parker pen; Hamza a watch. C. Ali received a Parker pen; Hamza: a watch. D. Ali received a Parker pen; Hamza, a watch. Q. 71 Fill in the correct articles: female lion is called lioness. She has no mane.","A, the","The, a","The, the","A, a Q.72 Whatever you order for dinner is fine with me. The underlined part is:",,B,,ocr_visual,NUMS-2025,53
1292,2025-nums-2025-72-1292,2025,NUMS-2025,,English,72,"ENGLISH Q. 70 Identify the sentence with correct punctuations: A. Ali received a Parker pen, Hamza: a watch. B. Ali received a Parker pen; Hamza a watch. C. Ali received a Parker pen; Hamza: a watch. D. Ali received a Parker pen; Hamza, a watch. Q. 71 Fill in the correct articles: female lion is called lioness. She has no mane. A. A, the B. The, a C. The, the D. A, a Q.72 Whatever you order for dinner is fine with me. The underlined part is:",Noun clause,Adjective clause,Adverb clause,"Independent clause Q. 73 After midnight, the ghost will come out of the haunted attic to scare the people. The sentence is:",,A,,ocr_visual,NUMS-2025,53
1293,2025-nums-2025-73-1293,2025,NUMS-2025,,English,73,"ENGLISH Q. 70 Identify the sentence with correct punctuations: A. Ali received a Parker pen, Hamza: a watch. B. Ali received a Parker pen; Hamza a watch. C. Ali received a Parker pen; Hamza: a watch. D. Ali received a Parker pen; Hamza, a watch. Q. 71 Fill in the correct articles: female lion is called lioness. She has no mane. A. A, the B. The, a C. The, the D. A, a Q.72 Whatever you order for dinner is fine with me. The underlined part is: A. Noun clause B. Adjective clause C. Adverb clause D. Independent clause Q. 73 After midnight, the ghost will come out of the haunted attic to scare the people. The sentence is:",Simple,Compound,Complex,Compound-Complex Q. 74 I suggest that you visit a doctor.,,C,,ocr_visual,NUMS-2025,53
1294,2025-nums-2025-74-1294,2025,NUMS-2025,,English,74,"ENGLISH Q. 70 Identify the sentence with correct punctuations: A. Ali received a Parker pen, Hamza: a watch. B. Ali received a Parker pen; Hamza a watch. C. Ali received a Parker pen; Hamza: a watch. D. Ali received a Parker pen; Hamza, a watch. Q. 71 Fill in the correct articles: female lion is called lioness. She has no mane. A. A, the B. The, a C. The, the D. A, a Q.72 Whatever you order for dinner is fine with me. The underlined part is: A. Noun clause B. Adjective clause C. Adverb clause D. Independent clause Q. 73 After midnight, the ghost will come out of the haunted attic to scare the people. The sentence is: A. Simple B. Compound C. Complex D. Compound-Complex Q. 74 I suggest that you visit a doctor.",Must,Should,Ought to,Have to Q. 75 Choose the correctly structured sentence.,,B,,ocr_visual,NUMS-2025,53
1295,2025-nums-2025-75-1295,2025,NUMS-2025,,English,75,"ENGLISH Q. 70 Identify the sentence with correct punctuations: A. Ali received a Parker pen, Hamza: a watch. B. Ali received a Parker pen; Hamza a watch. C. Ali received a Parker pen; Hamza: a watch. D. Ali received a Parker pen; Hamza, a watch. Q. 71 Fill in the correct articles: female lion is called lioness. She has no mane. A. A, the B. The, a C. The, the D. A, a Q.72 Whatever you order for dinner is fine with me. The underlined part is: A. Noun clause B. Adjective clause C. Adverb clause D. Independent clause Q. 73 After midnight, the ghost will come out of the haunted attic to scare the people. The sentence is: A. Simple B. Compound C. Complex D. Compound-Complex Q. 74 I suggest that you visit a doctor. A. Must B. Should C. Ought to D. Have to Q. 75 Choose the correctly structured sentence.","Had he been there, he would see us.","Had he been there, he would had seen us.","Had he been there, he would have seen us.","Had he had been there, he would have seen us. Q. 76 Identify the sentence with correct structure.",,C,,ocr_visual,NUMS-2025,53
1296,2025-nums-2025-76-1296,2025,NUMS-2025,,English,76,"ENGLISH Q. 70 Identify the sentence with correct punctuations: A. Ali received a Parker pen, Hamza: a watch. B. Ali received a Parker pen; Hamza a watch. C. Ali received a Parker pen; Hamza: a watch. D. Ali received a Parker pen; Hamza, a watch. Q. 71 Fill in the correct articles: female lion is called lioness. She has no mane. A. A, the B. The, a C. The, the D. A, a Q.72 Whatever you order for dinner is fine with me. The underlined part is: A. Noun clause B. Adjective clause C. Adverb clause D. Independent clause Q. 73 After midnight, the ghost will come out of the haunted attic to scare the people. The sentence is: A. Simple B. Compound C. Complex D. Compound-Complex Q. 74 I suggest that you visit a doctor. A. Must B. Should C. Ought to D. Have to Q. 75 Choose the correctly structured sentence. A. Had he been there, he would see us. B. Had he been there, he would had seen us. C. Had he been there, he would have seen us. D. Had he had been there, he would have seen us. Q. 76 Identify the sentence with correct structure.","We noticed the boy, walking down the street.","We noticed, the boy walk down the, street.","We noticed, that the boy was walking down the street.","We noticed the boy, who was walking down the street. Q.77 He circled whole world on his ship and on island he encountered fierce giant.",,D,,ocr_visual,NUMS-2025,53
1297,2025-nums-2025-77-1297,2025,NUMS-2025,,English,77,"ENGLISH Q. 70 Identify the sentence with correct punctuations: A. Ali received a Parker pen, Hamza: a watch. B. Ali received a Parker pen; Hamza a watch. C. Ali received a Parker pen; Hamza: a watch. D. Ali received a Parker pen; Hamza, a watch. Q. 71 Fill in the correct articles: female lion is called lioness. She has no mane. A. A, the B. The, a C. The, the D. A, a Q.72 Whatever you order for dinner is fine with me. The underlined part is: A. Noun clause B. Adjective clause C. Adverb clause D. Independent clause Q. 73 After midnight, the ghost will come out of the haunted attic to scare the people. The sentence is: A. Simple B. Compound C. Complex D. Compound-Complex Q. 74 I suggest that you visit a doctor. A. Must B. Should C. Ought to D. Have to Q. 75 Choose the correctly structured sentence. A. Had he been there, he would see us. B. Had he been there, he would had seen us. C. Had he been there, he would have seen us. D. Had he had been there, he would have seen us. Q. 76 Identify the sentence with correct structure. A. We noticed the boy, walking down the street. B. We noticed, the boy walk down the, street. C. We noticed, that the boy was walking down the street. D. We noticed the boy, who was walking down the street. Q.77 He circled whole world on his ship and on island he encountered fierce giant.","the, an, the","the, a, a","the, an, a","the, an, an Q. 78 Choose the sentence with correct order of adjectives:",,B,,ocr_visual,NUMS-2025,53
1298,2025-nums-2025-78-1298,2025,NUMS-2025,,English,78,"ENGLISH Q. 70 Identify the sentence with correct punctuations: A. Ali received a Parker pen, Hamza: a watch. B. Ali received a Parker pen; Hamza a watch. C. Ali received a Parker pen; Hamza: a watch. D. Ali received a Parker pen; Hamza, a watch. Q. 71 Fill in the correct articles: female lion is called lioness. She has no mane. A. A, the B. The, a C. The, the D. A, a Q.72 Whatever you order for dinner is fine with me. The underlined part is: A. Noun clause B. Adjective clause C. Adverb clause D. Independent clause Q. 73 After midnight, the ghost will come out of the haunted attic to scare the people. The sentence is: A. Simple B. Compound C. Complex D. Compound-Complex Q. 74 I suggest that you visit a doctor. A. Must B. Should C. Ought to D. Have to Q. 75 Choose the correctly structured sentence. A. Had he been there, he would see us. B. Had he been there, he would had seen us. C. Had he been there, he would have seen us. D. Had he had been there, he would have seen us. Q. 76 Identify the sentence with correct structure. A. We noticed the boy, walking down the street. B. We noticed, the boy walk down the, street. C. We noticed, that the boy was walking down the street. D. We noticed the boy, who was walking down the street. Q.77 He circled whole world on his ship and on island he encountered fierce giant. A. the, an, the B. the, a, a C. the, an, a D. the, an, an Q. 78 Choose the sentence with correct order of adjectives:","I met, young two, beautiful, British girls at the airport.","I met two beautiful, young, British girls at the airport.","I met two, British, young, beautiful girls at the airport.","I met two young, beautiful British girls at the airport. Q. 79 Identify the underlined part of the sentence: I know you have already read this book.",,D,,ocr_visual,NUMS-2025,53
1299,2025-nums-2025-79-1299,2025,NUMS-2025,,English,79,"ENGLISH Q. 70 Identify the sentence with correct punctuations: A. Ali received a Parker pen, Hamza: a watch. B. Ali received a Parker pen; Hamza a watch. C. Ali received a Parker pen; Hamza: a watch. D. Ali received a Parker pen; Hamza, a watch. Q. 71 Fill in the correct articles: female lion is called lioness. She has no mane. A. A, the B. The, a C. The, the D. A, a Q.72 Whatever you order for dinner is fine with me. The underlined part is: A. Noun clause B. Adjective clause C. Adverb clause D. Independent clause Q. 73 After midnight, the ghost will come out of the haunted attic to scare the people. The sentence is: A. Simple B. Compound C. Complex D. Compound-Complex Q. 74 I suggest that you visit a doctor. A. Must B. Should C. Ought to D. Have to Q. 75 Choose the correctly structured sentence. A. Had he been there, he would see us. B. Had he been there, he would had seen us. C. Had he been there, he would have seen us. D. Had he had been there, he would have seen us. Q. 76 Identify the sentence with correct structure. A. We noticed the boy, walking down the street. B. We noticed, the boy walk down the, street. C. We noticed, that the boy was walking down the street. D. We noticed the boy, who was walking down the street. Q.77 He circled whole world on his ship and on island he encountered fierce giant. A. the, an, the B. the, a, a C. the, an, a D. the, an, an Q. 78 Choose the sentence with correct order of adjectives: A. I met, young two, beautiful, British girls at the airport. B. I met two beautiful, young, British girls at the airport. C. I met two, British, young, beautiful girls at the airport. D. I met two young, beautiful British girls at the airport. Q. 79 Identify the underlined part of the sentence: I know you have already read this book.",Independent clause,Adjective clause,Adverb clause,Noun clause SKN 03100121696 Page 612,,A,,ocr_visual,NUMS-2025,53
1300,2025-nums-2025-80-1300,2025,NUMS-2025,,English,80,Q. 80 Q. 81 Q. 82 Q. 83 Q. 84 Choose the sentence with correct punctuations.,"""go then,"" Said the ant, ""And dance winter away.""","""Go then"" Said the Ant, and ""dance winter away.""","""Go then,"" said the ant, ""and dance winter away.""","""go then"". Said the Ant, ""and dance Winter away."" Which of the following verbs takes the preposition ""from"" with it?",,C,,ocr_visual,NUMS-2025,54
1301,2025-nums-2025-81-1301,2025,NUMS-2025,,English,81,"Q. 80 Q. 81 Q. 82 Q. 83 Q. 84 Choose the sentence with correct punctuations. A. ""go then,"" Said the ant, ""And dance winter away."" B. ""Go then"" Said the Ant, and ""dance winter away."" C. ""Go then,"" said the ant, ""and dance winter away."" D. ""go then"". Said the Ant, ""and dance Winter away."" Which of the following verbs takes the preposition ""from"" with it?",Abstain,Accused,Desirous,"Ignorant According to the scientists, the sun is and we can find the early discoveries made by scientists in black and white on . Choose correctly spell homophones to complete the sentence:",,A,,ocr_visual,NUMS-2025,54
1302,2025-nums-2025-82-1302,2025,NUMS-2025,,English,82,"Q. 80 Q. 81 Q. 82 Q. 83 Q. 84 Choose the sentence with correct punctuations. A. ""go then,"" Said the ant, ""And dance winter away."" B. ""Go then"" Said the Ant, and ""dance winter away."" C. ""Go then,"" said the ant, ""and dance winter away."" D. ""go then"". Said the Ant, ""and dance Winter away."" Which of the following verbs takes the preposition ""from"" with it? A. Abstain B. Accused C. Desirous D. Ignorant According to the scientists, the sun is and we can find the early discoveries made by scientists in black and white on . Choose correctly spell homophones to complete the sentence:","Stationery, Stationary","Stationary, Stationery","Stationary, Stationary","Stationery, Stationary Choose the correct preposition. One hour glorious life is worth an age without a name.",,D,,ocr_visual,NUMS-2025,54
1303,2025-nums-2025-83-1303,2025,NUMS-2025,,English,83,"Q. 80 Q. 81 Q. 82 Q. 83 Q. 84 Choose the sentence with correct punctuations. A. ""go then,"" Said the ant, ""And dance winter away."" B. ""Go then"" Said the Ant, and ""dance winter away."" C. ""Go then,"" said the ant, ""and dance winter away."" D. ""go then"". Said the Ant, ""and dance Winter away."" Which of the following verbs takes the preposition ""from"" with it? A. Abstain B. Accused C. Desirous D. Ignorant According to the scientists, the sun is and we can find the early discoveries made by scientists in black and white on . Choose correctly spell homophones to complete the sentence: A. Stationery, Stationary B. Stationary, Stationery C. Stationary, Stationary D. Stationery, Stationary Choose the correct preposition. One hour glorious life is worth an age without a name.",In,Of,To,With Clive had been only a few months in the army when announced that peace had been concluded between great britain and france. The sentence contains errors of:,,B,,ocr_visual,NUMS-2025,54
1304,2025-nums-2025-84-1304,2025,NUMS-2025,,English,84,"Q. 80 Q. 81 Q. 82 Q. 83 Q. 84 Choose the sentence with correct punctuations. A. ""go then,"" Said the ant, ""And dance winter away."" B. ""Go then"" Said the Ant, and ""dance winter away."" C. ""Go then,"" said the ant, ""and dance winter away."" D. ""go then"". Said the Ant, ""and dance Winter away."" Which of the following verbs takes the preposition ""from"" with it? A. Abstain B. Accused C. Desirous D. Ignorant According to the scientists, the sun is and we can find the early discoveries made by scientists in black and white on . Choose correctly spell homophones to complete the sentence: A. Stationery, Stationary B. Stationary, Stationery C. Stationary, Stationary D. Stationery, Stationary Choose the correct preposition. One hour glorious life is worth an age without a name. A. In B. Of C. To D. With Clive had been only a few months in the army when announced that peace had been concluded between great britain and france. The sentence contains errors of:",Comma,Comma and full stop,Comma and capitalization,Capitalization SKN 03100121696 Page 712,,D,,ocr_visual,NUMS-2025,54
1305,2025-nums-2025-85-1305,2025,NUMS-2025,,Biology,85,BIOLOGY Q. 85 Induced fit model of enzyme activity suggests that an enzyme:,Cannot modify its active sites,Can bind to a single substrate,Can catalyze related specific reaction,Usually belongs to non-regulatory enzyme Q. 86 Select the one which is used by the hexokinase as an activator:,,C,,ocr_visual,NUMS-2025,55
1306,2025-nums-2025-86-1306,2025,NUMS-2025,,Biology,86,BIOLOGY Q. 85 Induced fit model of enzyme activity suggests that an enzyme: A. Cannot modify its active sites B. Can bind to a single substrate C. Can catalyze related specific reaction D. Usually belongs to non-regulatory enzyme Q. 86 Select the one which is used by the hexokinase as an activator:,Cu*,Zn'*,Mg**,Fe* Q. 87 The linkage between substrate molecule and active site is:,,A,,ocr_visual,NUMS-2025,55
1307,2025-nums-2025-87-1307,2025,NUMS-2025,,Biology,87,BIOLOGY Q. 85 Induced fit model of enzyme activity suggests that an enzyme: A. Cannot modify its active sites B. Can bind to a single substrate C. Can catalyze related specific reaction D. Usually belongs to non-regulatory enzyme Q. 86 Select the one which is used by the hexokinase as an activator: A. Cu* B. Zn'* C. Mg** D. Fe* Q. 87 The linkage between substrate molecule and active site is:,Ionic bonding,Disulfide bonding,Hydrogen bonding,Covalent bonding Q. 88 Activated pepsin in which polypeptide fragment is removed is an example of:,,C,,ocr_visual,NUMS-2025,55
1308,2025-nums-2025-88-1308,2025,NUMS-2025,,Biology,88,BIOLOGY Q. 85 Induced fit model of enzyme activity suggests that an enzyme: A. Cannot modify its active sites B. Can bind to a single substrate C. Can catalyze related specific reaction D. Usually belongs to non-regulatory enzyme Q. 86 Select the one which is used by the hexokinase as an activator: A. Cu* B. Zn'* C. Mg** D. Fe* Q. 87 The linkage between substrate molecule and active site is: A. Ionic bonding B. Disulfide bonding C. Hydrogen bonding D. Covalent bonding Q. 88 Activated pepsin in which polypeptide fragment is removed is an example of:,Apo-enzyme,Holoenzyme,Regulatory enzyme,Non-regulatory enzyme Q. 89 Reversible inhibitors affects the enzyme catalyzed reaction by:,,A,,ocr_visual,NUMS-2025,55
1309,2025-nums-2025-89-1309,2025,NUMS-2025,,Biology,89,BIOLOGY Q. 85 Induced fit model of enzyme activity suggests that an enzyme: A. Cannot modify its active sites B. Can bind to a single substrate C. Can catalyze related specific reaction D. Usually belongs to non-regulatory enzyme Q. 86 Select the one which is used by the hexokinase as an activator: A. Cu* B. Zn'* C. Mg** D. Fe* Q. 87 The linkage between substrate molecule and active site is: A. Ionic bonding B. Disulfide bonding C. Hydrogen bonding D. Covalent bonding Q. 88 Activated pepsin in which polypeptide fragment is removed is an example of: A. Apo-enzyme B. Holoenzyme C. Regulatory enzyme D. Non-regulatory enzyme Q. 89 Reversible inhibitors affects the enzyme catalyzed reaction by:,Forming covalent bonds with active site,Destroying the globular structure,Forming weak linkages with enzymes _,Activating the catalytic sites Q. 90 What is the required medium for the maximum activity of the given enzymes? Option Lipase Pepsin,,C,,ocr_visual,NUMS-2025,55
1310,2025-nums-2025-90-1310,2025,NUMS-2025,,Biology,90,BIOLOGY Q. 85 Induced fit model of enzyme activity suggests that an enzyme: A. Cannot modify its active sites B. Can bind to a single substrate C. Can catalyze related specific reaction D. Usually belongs to non-regulatory enzyme Q. 86 Select the one which is used by the hexokinase as an activator: A. Cu* B. Zn'* C. Mg** D. Fe* Q. 87 The linkage between substrate molecule and active site is: A. Ionic bonding B. Disulfide bonding C. Hydrogen bonding D. Covalent bonding Q. 88 Activated pepsin in which polypeptide fragment is removed is an example of: A. Apo-enzyme B. Holoenzyme C. Regulatory enzyme D. Non-regulatory enzyme Q. 89 Reversible inhibitors affects the enzyme catalyzed reaction by: A. Forming covalent bonds with active site B. Destroying the globular structure C. Forming weak linkages with enzymes _D. Activating the catalytic sites Q. 90 What is the required medium for the maximum activity of the given enzymes? Option Lipase Pepsin,Acidic Basic,Acidic Acidic,Basic Acidic,Basic Basic Q. 91 What distinguishes the concept of special creation from concept of evolution?,,B,,ocr_visual,NUMS-2025,55
1311,2025-nums-2025-91-1311,2025,NUMS-2025,,Biology,91,BIOLOGY Q. 85 Induced fit model of enzyme activity suggests that an enzyme: A. Cannot modify its active sites B. Can bind to a single substrate C. Can catalyze related specific reaction D. Usually belongs to non-regulatory enzyme Q. 86 Select the one which is used by the hexokinase as an activator: A. Cu* B. Zn'* C. Mg** D. Fe* Q. 87 The linkage between substrate molecule and active site is: A. Ionic bonding B. Disulfide bonding C. Hydrogen bonding D. Covalent bonding Q. 88 Activated pepsin in which polypeptide fragment is removed is an example of: A. Apo-enzyme B. Holoenzyme C. Regulatory enzyme D. Non-regulatory enzyme Q. 89 Reversible inhibitors affects the enzyme catalyzed reaction by: A. Forming covalent bonds with active site B. Destroying the globular structure C. Forming weak linkages with enzymes _D. Activating the catalytic sites Q. 90 What is the required medium for the maximum activity of the given enzymes? Option Lipase Pepsin A. Acidic Basic B. Acidic Acidic C. Basic Acidic D. Basic Basic Q. 91 What distinguishes the concept of special creation from concept of evolution?,Life is not the product of sudden creative act,Unicellular prokaryotes might be the life ancestors,Rely on inspiration and meditation for life origin,Life results from innumerable changes Q. 92 Which of the following idea is a part of Lamarckism?,,A,,ocr_visual,NUMS-2025,55
1312,2025-nums-2025-92-1312,2025,NUMS-2025,,Biology,92,BIOLOGY Q. 85 Induced fit model of enzyme activity suggests that an enzyme: A. Cannot modify its active sites B. Can bind to a single substrate C. Can catalyze related specific reaction D. Usually belongs to non-regulatory enzyme Q. 86 Select the one which is used by the hexokinase as an activator: A. Cu* B. Zn'* C. Mg** D. Fe* Q. 87 The linkage between substrate molecule and active site is: A. Ionic bonding B. Disulfide bonding C. Hydrogen bonding D. Covalent bonding Q. 88 Activated pepsin in which polypeptide fragment is removed is an example of: A. Apo-enzyme B. Holoenzyme C. Regulatory enzyme D. Non-regulatory enzyme Q. 89 Reversible inhibitors affects the enzyme catalyzed reaction by: A. Forming covalent bonds with active site B. Destroying the globular structure C. Forming weak linkages with enzymes _D. Activating the catalytic sites Q. 90 What is the required medium for the maximum activity of the given enzymes? Option Lipase Pepsin A. Acidic Basic B. Acidic Acidic C. Basic Acidic D. Basic Basic Q. 91 What distinguishes the concept of special creation from concept of evolution? A. Life is not the product of sudden creative act B. Unicellular prokaryotes might be the life ancestors C. Rely on inspiration and meditation for life origin D. Life results from innumerable changes Q. 92 Which of the following idea is a part of Lamarckism?,Use and disuse of organs,Survival of the fittest,Origin of species,Variation Q. 93 Choose the correct pair for homology?,,A,,ocr_visual,NUMS-2025,55
1313,2025-nums-2025-93-1313,2025,NUMS-2025,,Biology,93,BIOLOGY Q. 85 Induced fit model of enzyme activity suggests that an enzyme: A. Cannot modify its active sites B. Can bind to a single substrate C. Can catalyze related specific reaction D. Usually belongs to non-regulatory enzyme Q. 86 Select the one which is used by the hexokinase as an activator: A. Cu* B. Zn'* C. Mg** D. Fe* Q. 87 The linkage between substrate molecule and active site is: A. Ionic bonding B. Disulfide bonding C. Hydrogen bonding D. Covalent bonding Q. 88 Activated pepsin in which polypeptide fragment is removed is an example of: A. Apo-enzyme B. Holoenzyme C. Regulatory enzyme D. Non-regulatory enzyme Q. 89 Reversible inhibitors affects the enzyme catalyzed reaction by: A. Forming covalent bonds with active site B. Destroying the globular structure C. Forming weak linkages with enzymes _D. Activating the catalytic sites Q. 90 What is the required medium for the maximum activity of the given enzymes? Option Lipase Pepsin A. Acidic Basic B. Acidic Acidic C. Basic Acidic D. Basic Basic Q. 91 What distinguishes the concept of special creation from concept of evolution? A. Life is not the product of sudden creative act B. Unicellular prokaryotes might be the life ancestors C. Rely on inspiration and meditation for life origin D. Life results from innumerable changes Q. 92 Which of the following idea is a part of Lamarckism? A. Use and disuse of organs B. Survival of the fittest C. Origin of species D. Variation Q. 93 Choose the correct pair for homology?,Wings of birds and wings of butterfly —,Forelimbs of birds and fins of whales,Leaves of pines and cactus,Gills of fish and lungs of humans Q. 94 Which chronological sequence is correct among the classes of vertebrates as evidence of evolution?,,B,,ocr_visual,NUMS-2025,55
1314,2025-nums-2025-94-1314,2025,NUMS-2025,,Biology,94,BIOLOGY Q. 85 Induced fit model of enzyme activity suggests that an enzyme: A. Cannot modify its active sites B. Can bind to a single substrate C. Can catalyze related specific reaction D. Usually belongs to non-regulatory enzyme Q. 86 Select the one which is used by the hexokinase as an activator: A. Cu* B. Zn'* C. Mg** D. Fe* Q. 87 The linkage between substrate molecule and active site is: A. Ionic bonding B. Disulfide bonding C. Hydrogen bonding D. Covalent bonding Q. 88 Activated pepsin in which polypeptide fragment is removed is an example of: A. Apo-enzyme B. Holoenzyme C. Regulatory enzyme D. Non-regulatory enzyme Q. 89 Reversible inhibitors affects the enzyme catalyzed reaction by: A. Forming covalent bonds with active site B. Destroying the globular structure C. Forming weak linkages with enzymes _D. Activating the catalytic sites Q. 90 What is the required medium for the maximum activity of the given enzymes? Option Lipase Pepsin A. Acidic Basic B. Acidic Acidic C. Basic Acidic D. Basic Basic Q. 91 What distinguishes the concept of special creation from concept of evolution? A. Life is not the product of sudden creative act B. Unicellular prokaryotes might be the life ancestors C. Rely on inspiration and meditation for life origin D. Life results from innumerable changes Q. 92 Which of the following idea is a part of Lamarckism? A. Use and disuse of organs B. Survival of the fittest C. Origin of species D. Variation Q. 93 Choose the correct pair for homology? A. Wings of birds and wings of butterfly — B. Forelimbs of birds and fins of whales C. Leaves of pines and cactus D. Gills of fish and lungs of humans Q. 94 Which chronological sequence is correct among the classes of vertebrates as evidence of evolution?,Birds — fish — amphibians — reptiles,Reptiles — birds — fishes — amphibians,Fish — amphibians — reptiles — birds,Amphibians — reptiles — birds — fish Q.95 The reduction of population carrying a specific allele and genotype due to natural disaster is called:,,A,,ocr_visual,NUMS-2025,55
1315,2025-nums-2025-95-1315,2025,NUMS-2025,,Biology,95,BIOLOGY Q. 85 Induced fit model of enzyme activity suggests that an enzyme: A. Cannot modify its active sites B. Can bind to a single substrate C. Can catalyze related specific reaction D. Usually belongs to non-regulatory enzyme Q. 86 Select the one which is used by the hexokinase as an activator: A. Cu* B. Zn'* C. Mg** D. Fe* Q. 87 The linkage between substrate molecule and active site is: A. Ionic bonding B. Disulfide bonding C. Hydrogen bonding D. Covalent bonding Q. 88 Activated pepsin in which polypeptide fragment is removed is an example of: A. Apo-enzyme B. Holoenzyme C. Regulatory enzyme D. Non-regulatory enzyme Q. 89 Reversible inhibitors affects the enzyme catalyzed reaction by: A. Forming covalent bonds with active site B. Destroying the globular structure C. Forming weak linkages with enzymes _D. Activating the catalytic sites Q. 90 What is the required medium for the maximum activity of the given enzymes? Option Lipase Pepsin A. Acidic Basic B. Acidic Acidic C. Basic Acidic D. Basic Basic Q. 91 What distinguishes the concept of special creation from concept of evolution? A. Life is not the product of sudden creative act B. Unicellular prokaryotes might be the life ancestors C. Rely on inspiration and meditation for life origin D. Life results from innumerable changes Q. 92 Which of the following idea is a part of Lamarckism? A. Use and disuse of organs B. Survival of the fittest C. Origin of species D. Variation Q. 93 Choose the correct pair for homology? A. Wings of birds and wings of butterfly — B. Forelimbs of birds and fins of whales C. Leaves of pines and cactus D. Gills of fish and lungs of humans Q. 94 Which chronological sequence is correct among the classes of vertebrates as evidence of evolution? A. Birds — fish — amphibians — reptiles B. Reptiles — birds — fishes — amphibians C. Fish — amphibians — reptiles — birds D. Amphibians — reptiles — birds — fish Q.95 The reduction of population carrying a specific allele and genotype due to natural disaster is called:,Mutation,Bottle neck effect,Founder effect,Speciation Q. 96 Which of the following increases variation within a gene pool?,,C,,ocr_visual,NUMS-2025,55
1316,2025-nums-2025-96-1316,2025,NUMS-2025,,Biology,96,BIOLOGY Q. 85 Induced fit model of enzyme activity suggests that an enzyme: A. Cannot modify its active sites B. Can bind to a single substrate C. Can catalyze related specific reaction D. Usually belongs to non-regulatory enzyme Q. 86 Select the one which is used by the hexokinase as an activator: A. Cu* B. Zn'* C. Mg** D. Fe* Q. 87 The linkage between substrate molecule and active site is: A. Ionic bonding B. Disulfide bonding C. Hydrogen bonding D. Covalent bonding Q. 88 Activated pepsin in which polypeptide fragment is removed is an example of: A. Apo-enzyme B. Holoenzyme C. Regulatory enzyme D. Non-regulatory enzyme Q. 89 Reversible inhibitors affects the enzyme catalyzed reaction by: A. Forming covalent bonds with active site B. Destroying the globular structure C. Forming weak linkages with enzymes _D. Activating the catalytic sites Q. 90 What is the required medium for the maximum activity of the given enzymes? Option Lipase Pepsin A. Acidic Basic B. Acidic Acidic C. Basic Acidic D. Basic Basic Q. 91 What distinguishes the concept of special creation from concept of evolution? A. Life is not the product of sudden creative act B. Unicellular prokaryotes might be the life ancestors C. Rely on inspiration and meditation for life origin D. Life results from innumerable changes Q. 92 Which of the following idea is a part of Lamarckism? A. Use and disuse of organs B. Survival of the fittest C. Origin of species D. Variation Q. 93 Choose the correct pair for homology? A. Wings of birds and wings of butterfly — B. Forelimbs of birds and fins of whales C. Leaves of pines and cactus D. Gills of fish and lungs of humans Q. 94 Which chronological sequence is correct among the classes of vertebrates as evidence of evolution? A. Birds — fish — amphibians — reptiles B. Reptiles — birds — fishes — amphibians C. Fish — amphibians — reptiles — birds D. Amphibians — reptiles — birds — fish Q.95 The reduction of population carrying a specific allele and genotype due to natural disaster is called: A. Mutation B. Bottle neck effect C. Founder effect D. Speciation Q. 96 Which of the following increases variation within a gene pool?,Adaptation,Genetic drift,Gene mutation,Neutral selection Q. 97 Identify the location of mitral valve in human heart:,,C,,ocr_visual,NUMS-2025,55
1317,2025-nums-2025-97-1317,2025,NUMS-2025,,Biology,97,BIOLOGY Q. 85 Induced fit model of enzyme activity suggests that an enzyme: A. Cannot modify its active sites B. Can bind to a single substrate C. Can catalyze related specific reaction D. Usually belongs to non-regulatory enzyme Q. 86 Select the one which is used by the hexokinase as an activator: A. Cu* B. Zn'* C. Mg** D. Fe* Q. 87 The linkage between substrate molecule and active site is: A. Ionic bonding B. Disulfide bonding C. Hydrogen bonding D. Covalent bonding Q. 88 Activated pepsin in which polypeptide fragment is removed is an example of: A. Apo-enzyme B. Holoenzyme C. Regulatory enzyme D. Non-regulatory enzyme Q. 89 Reversible inhibitors affects the enzyme catalyzed reaction by: A. Forming covalent bonds with active site B. Destroying the globular structure C. Forming weak linkages with enzymes _D. Activating the catalytic sites Q. 90 What is the required medium for the maximum activity of the given enzymes? Option Lipase Pepsin A. Acidic Basic B. Acidic Acidic C. Basic Acidic D. Basic Basic Q. 91 What distinguishes the concept of special creation from concept of evolution? A. Life is not the product of sudden creative act B. Unicellular prokaryotes might be the life ancestors C. Rely on inspiration and meditation for life origin D. Life results from innumerable changes Q. 92 Which of the following idea is a part of Lamarckism? A. Use and disuse of organs B. Survival of the fittest C. Origin of species D. Variation Q. 93 Choose the correct pair for homology? A. Wings of birds and wings of butterfly — B. Forelimbs of birds and fins of whales C. Leaves of pines and cactus D. Gills of fish and lungs of humans Q. 94 Which chronological sequence is correct among the classes of vertebrates as evidence of evolution? A. Birds — fish — amphibians — reptiles B. Reptiles — birds — fishes — amphibians C. Fish — amphibians — reptiles — birds D. Amphibians — reptiles — birds — fish Q.95 The reduction of population carrying a specific allele and genotype due to natural disaster is called: A. Mutation B. Bottle neck effect C. Founder effect D. Speciation Q. 96 Which of the following increases variation within a gene pool? A. Adaptation B. Genetic drift C. Gene mutation D. Neutral selection Q. 97 Identify the location of mitral valve in human heart:,Between right ventricle and pulmonary trunk ___,Between left ventricle and aorta,Between right atrium and right ventricle,Between left atrium and left ventricle SKN 03100121696 Page 812,,D,,ocr_visual,NUMS-2025,55
1318,2025-nums-2025-98-1318,2025,NUMS-2025,,Biology,98,Q. 98 Q. 99 Q. 100 Q. 101 Q. 102 Q. 103 Q. 104 Q. 105 Q. 106 Q. 107 Q. 108 Q. 109 Q. 110 Q. 111 Q. 112 Which of the following components are present both in blood and lymph?,"Oo, water, large proteins","RBCs, electrolytes, amino acids","CO2, RBCs and water","CO2, glucose and water Blood flow in vessels least depends on:",,B,,ocr_visual,NUMS-2025,56
1319,2025-nums-2025-99-1319,2025,NUMS-2025,,Biology,99,"Q. 98 Q. 99 Q. 100 Q. 101 Q. 102 Q. 103 Q. 104 Q. 105 Q. 106 Q. 107 Q. 108 Q. 109 Q. 110 Q. 111 Q. 112 Which of the following components are present both in blood and lymph? A. Oo, water, large proteins B. RBCs, electrolytes, amino acids C. CO2, RBCs and water D. CO2, glucose and water Blood flow in vessels least depends on:",Total cross sectional area of vessels,Blood pressure,Skeletal muscle contraction,Heart beat Which T-lymphocytes do not directly attack invading microbes?,,C,,ocr_visual,NUMS-2025,56
1320,2025-nums-2025-100-1320,2025,NUMS-2025,,Biology,100,"Q. 98 Q. 99 Q. 100 Q. 101 Q. 102 Q. 103 Q. 104 Q. 105 Q. 106 Q. 107 Q. 108 Q. 109 Q. 110 Q. 111 Q. 112 Which of the following components are present both in blood and lymph? A. Oo, water, large proteins B. RBCs, electrolytes, amino acids C. CO2, RBCs and water D. CO2, glucose and water Blood flow in vessels least depends on: A. Total cross sectional area of vessels B. Blood pressure C. Skeletal muscle contraction D. Heart beat Which T-lymphocytes do not directly attack invading microbes?",Natural killer cell,Macrophages,B-lymphocytes,Neutrophils A woman cuts her finger while working in kitchen. Which chemical substance will cause inflammation around wound?,,C,,ocr_visual,NUMS-2025,56
1321,2025-nums-2025-101-1321,2025,NUMS-2025,,Biology,101,"Q. 98 Q. 99 Q. 100 Q. 101 Q. 102 Q. 103 Q. 104 Q. 105 Q. 106 Q. 107 Q. 108 Q. 109 Q. 110 Q. 111 Q. 112 Which of the following components are present both in blood and lymph? A. Oo, water, large proteins B. RBCs, electrolytes, amino acids C. CO2, RBCs and water D. CO2, glucose and water Blood flow in vessels least depends on: A. Total cross sectional area of vessels B. Blood pressure C. Skeletal muscle contraction D. Heart beat Which T-lymphocytes do not directly attack invading microbes? A. Natural killer cell B. Macrophages C. B-lymphocytes D. Neutrophils A woman cuts her finger while working in kitchen. Which chemical substance will cause inflammation around wound?",Interleukin — I,Histamine,Interleukin — II,Heparin Choose the mismatched:,,A,,ocr_visual,NUMS-2025,56
1322,2025-nums-2025-102-1322,2025,NUMS-2025,,Biology,102,"Q. 98 Q. 99 Q. 100 Q. 101 Q. 102 Q. 103 Q. 104 Q. 105 Q. 106 Q. 107 Q. 108 Q. 109 Q. 110 Q. 111 Q. 112 Which of the following components are present both in blood and lymph? A. Oo, water, large proteins B. RBCs, electrolytes, amino acids C. CO2, RBCs and water D. CO2, glucose and water Blood flow in vessels least depends on: A. Total cross sectional area of vessels B. Blood pressure C. Skeletal muscle contraction D. Heart beat Which T-lymphocytes do not directly attack invading microbes? A. Natural killer cell B. Macrophages C. B-lymphocytes D. Neutrophils A woman cuts her finger while working in kitchen. Which chemical substance will cause inflammation around wound? A. Interleukin — I B. Histamine C. Interleukin — II D. Heparin Choose the mismatched:",Acetylcholine — gastrin,Enterokinase — lipase,Emulsification — fat droplets,Chylomicrons — cholesterol + carbohydrates Which protein is present in the walls of alveoli?,,D,,ocr_visual,NUMS-2025,56
1323,2025-nums-2025-103-1323,2025,NUMS-2025,,Biology,103,"Q. 98 Q. 99 Q. 100 Q. 101 Q. 102 Q. 103 Q. 104 Q. 105 Q. 106 Q. 107 Q. 108 Q. 109 Q. 110 Q. 111 Q. 112 Which of the following components are present both in blood and lymph? A. Oo, water, large proteins B. RBCs, electrolytes, amino acids C. CO2, RBCs and water D. CO2, glucose and water Blood flow in vessels least depends on: A. Total cross sectional area of vessels B. Blood pressure C. Skeletal muscle contraction D. Heart beat Which T-lymphocytes do not directly attack invading microbes? A. Natural killer cell B. Macrophages C. B-lymphocytes D. Neutrophils A woman cuts her finger while working in kitchen. Which chemical substance will cause inflammation around wound? A. Interleukin — I B. Histamine C. Interleukin — II D. Heparin Choose the mismatched: A. Acetylcholine — gastrin B. Enterokinase — lipase C. Emulsification — fat droplets D. Chylomicrons — cholesterol + carbohydrates Which protein is present in the walls of alveoli?",Collagen,Hemoglobin,Myoglobin,Myosin Which of the following acts as an enzyme activator in human digestive system?,,A,,ocr_visual,NUMS-2025,56
1324,2025-nums-2025-104-1324,2025,NUMS-2025,,Biology,104,"Q. 98 Q. 99 Q. 100 Q. 101 Q. 102 Q. 103 Q. 104 Q. 105 Q. 106 Q. 107 Q. 108 Q. 109 Q. 110 Q. 111 Q. 112 Which of the following components are present both in blood and lymph? A. Oo, water, large proteins B. RBCs, electrolytes, amino acids C. CO2, RBCs and water D. CO2, glucose and water Blood flow in vessels least depends on: A. Total cross sectional area of vessels B. Blood pressure C. Skeletal muscle contraction D. Heart beat Which T-lymphocytes do not directly attack invading microbes? A. Natural killer cell B. Macrophages C. B-lymphocytes D. Neutrophils A woman cuts her finger while working in kitchen. Which chemical substance will cause inflammation around wound? A. Interleukin — I B. Histamine C. Interleukin — II D. Heparin Choose the mismatched: A. Acetylcholine — gastrin B. Enterokinase — lipase C. Emulsification — fat droplets D. Chylomicrons — cholesterol + carbohydrates Which protein is present in the walls of alveoli? A. Collagen B. Hemoglobin C. Myoglobin D. Myosin Which of the following acts as an enzyme activator in human digestive system?",Erepsin,Enterokinase,Pepsinogen,Trypsinogen How would you classify a bacterium having a group of 2 or more flagella at one pole?,,B,,ocr_visual,NUMS-2025,56
1325,2025-nums-2025-105-1325,2025,NUMS-2025,,Biology,105,"Q. 98 Q. 99 Q. 100 Q. 101 Q. 102 Q. 103 Q. 104 Q. 105 Q. 106 Q. 107 Q. 108 Q. 109 Q. 110 Q. 111 Q. 112 Which of the following components are present both in blood and lymph? A. Oo, water, large proteins B. RBCs, electrolytes, amino acids C. CO2, RBCs and water D. CO2, glucose and water Blood flow in vessels least depends on: A. Total cross sectional area of vessels B. Blood pressure C. Skeletal muscle contraction D. Heart beat Which T-lymphocytes do not directly attack invading microbes? A. Natural killer cell B. Macrophages C. B-lymphocytes D. Neutrophils A woman cuts her finger while working in kitchen. Which chemical substance will cause inflammation around wound? A. Interleukin — I B. Histamine C. Interleukin — II D. Heparin Choose the mismatched: A. Acetylcholine — gastrin B. Enterokinase — lipase C. Emulsification — fat droplets D. Chylomicrons — cholesterol + carbohydrates Which protein is present in the walls of alveoli? A. Collagen B. Hemoglobin C. Myoglobin D. Myosin Which of the following acts as an enzyme activator in human digestive system? A. Erepsin B. Enterokinase C. Pepsinogen D. Trypsinogen How would you classify a bacterium having a group of 2 or more flagella at one pole?",Lophotrichous,Amphitrichous,Monotrichous,Peritrichous Which of the following bacteria is used for developing vaccine against tuberculosis?,,B,,ocr_visual,NUMS-2025,56
1326,2025-nums-2025-106-1326,2025,NUMS-2025,,Biology,106,"Q. 98 Q. 99 Q. 100 Q. 101 Q. 102 Q. 103 Q. 104 Q. 105 Q. 106 Q. 107 Q. 108 Q. 109 Q. 110 Q. 111 Q. 112 Which of the following components are present both in blood and lymph? A. Oo, water, large proteins B. RBCs, electrolytes, amino acids C. CO2, RBCs and water D. CO2, glucose and water Blood flow in vessels least depends on: A. Total cross sectional area of vessels B. Blood pressure C. Skeletal muscle contraction D. Heart beat Which T-lymphocytes do not directly attack invading microbes? A. Natural killer cell B. Macrophages C. B-lymphocytes D. Neutrophils A woman cuts her finger while working in kitchen. Which chemical substance will cause inflammation around wound? A. Interleukin — I B. Histamine C. Interleukin — II D. Heparin Choose the mismatched: A. Acetylcholine — gastrin B. Enterokinase — lipase C. Emulsification — fat droplets D. Chylomicrons — cholesterol + carbohydrates Which protein is present in the walls of alveoli? A. Collagen B. Hemoglobin C. Myoglobin D. Myosin Which of the following acts as an enzyme activator in human digestive system? A. Erepsin B. Enterokinase C. Pepsinogen D. Trypsinogen How would you classify a bacterium having a group of 2 or more flagella at one pole? A. Lophotrichous B. Amphitrichous C. Monotrichous D. Peritrichous Which of the following bacteria is used for developing vaccine against tuberculosis?",Mycobacterium tuberculosis,E. coli,Salmonella typhi,Mycobacterium bovis If a bacteria can grow in the presence or absence of oxygen it would be a(n):,,A,,ocr_visual,NUMS-2025,56
1327,2025-nums-2025-107-1327,2025,NUMS-2025,,Biology,107,"Q. 98 Q. 99 Q. 100 Q. 101 Q. 102 Q. 103 Q. 104 Q. 105 Q. 106 Q. 107 Q. 108 Q. 109 Q. 110 Q. 111 Q. 112 Which of the following components are present both in blood and lymph? A. Oo, water, large proteins B. RBCs, electrolytes, amino acids C. CO2, RBCs and water D. CO2, glucose and water Blood flow in vessels least depends on: A. Total cross sectional area of vessels B. Blood pressure C. Skeletal muscle contraction D. Heart beat Which T-lymphocytes do not directly attack invading microbes? A. Natural killer cell B. Macrophages C. B-lymphocytes D. Neutrophils A woman cuts her finger while working in kitchen. Which chemical substance will cause inflammation around wound? A. Interleukin — I B. Histamine C. Interleukin — II D. Heparin Choose the mismatched: A. Acetylcholine — gastrin B. Enterokinase — lipase C. Emulsification — fat droplets D. Chylomicrons — cholesterol + carbohydrates Which protein is present in the walls of alveoli? A. Collagen B. Hemoglobin C. Myoglobin D. Myosin Which of the following acts as an enzyme activator in human digestive system? A. Erepsin B. Enterokinase C. Pepsinogen D. Trypsinogen How would you classify a bacterium having a group of 2 or more flagella at one pole? A. Lophotrichous B. Amphitrichous C. Monotrichous D. Peritrichous Which of the following bacteria is used for developing vaccine against tuberculosis? A. Mycobacterium tuberculosis B.E. coli C. Salmonella typhi D. Mycobacterium bovis If a bacteria can grow in the presence or absence of oxygen it would be a(n):",Aerobic,Anaerobic,Facultative anaerobic,Microaerophilic Which testicular cells in a human male with high testosterone level will start the endocrine activity?,,C,,ocr_visual,NUMS-2025,56
1328,2025-nums-2025-108-1328,2025,NUMS-2025,,Biology,108,"Q. 98 Q. 99 Q. 100 Q. 101 Q. 102 Q. 103 Q. 104 Q. 105 Q. 106 Q. 107 Q. 108 Q. 109 Q. 110 Q. 111 Q. 112 Which of the following components are present both in blood and lymph? A. Oo, water, large proteins B. RBCs, electrolytes, amino acids C. CO2, RBCs and water D. CO2, glucose and water Blood flow in vessels least depends on: A. Total cross sectional area of vessels B. Blood pressure C. Skeletal muscle contraction D. Heart beat Which T-lymphocytes do not directly attack invading microbes? A. Natural killer cell B. Macrophages C. B-lymphocytes D. Neutrophils A woman cuts her finger while working in kitchen. Which chemical substance will cause inflammation around wound? A. Interleukin — I B. Histamine C. Interleukin — II D. Heparin Choose the mismatched: A. Acetylcholine — gastrin B. Enterokinase — lipase C. Emulsification — fat droplets D. Chylomicrons — cholesterol + carbohydrates Which protein is present in the walls of alveoli? A. Collagen B. Hemoglobin C. Myoglobin D. Myosin Which of the following acts as an enzyme activator in human digestive system? A. Erepsin B. Enterokinase C. Pepsinogen D. Trypsinogen How would you classify a bacterium having a group of 2 or more flagella at one pole? A. Lophotrichous B. Amphitrichous C. Monotrichous D. Peritrichous Which of the following bacteria is used for developing vaccine against tuberculosis? A. Mycobacterium tuberculosis B.E. coli C. Salmonella typhi D. Mycobacterium bovis If a bacteria can grow in the presence or absence of oxygen it would be a(n): A. Aerobic B. Anaerobic C. Facultative anaerobic D. Microaerophilic Which testicular cells in a human male with high testosterone level will start the endocrine activity?",Interstitial cell,Sertoli cells,Spermatogonial cells,Leydig cells Which layer of uterus is composed of contractile muscles?,,D,,ocr_visual,NUMS-2025,56
1329,2025-nums-2025-109-1329,2025,NUMS-2025,,Biology,109,"Q. 98 Q. 99 Q. 100 Q. 101 Q. 102 Q. 103 Q. 104 Q. 105 Q. 106 Q. 107 Q. 108 Q. 109 Q. 110 Q. 111 Q. 112 Which of the following components are present both in blood and lymph? A. Oo, water, large proteins B. RBCs, electrolytes, amino acids C. CO2, RBCs and water D. CO2, glucose and water Blood flow in vessels least depends on: A. Total cross sectional area of vessels B. Blood pressure C. Skeletal muscle contraction D. Heart beat Which T-lymphocytes do not directly attack invading microbes? A. Natural killer cell B. Macrophages C. B-lymphocytes D. Neutrophils A woman cuts her finger while working in kitchen. Which chemical substance will cause inflammation around wound? A. Interleukin — I B. Histamine C. Interleukin — II D. Heparin Choose the mismatched: A. Acetylcholine — gastrin B. Enterokinase — lipase C. Emulsification — fat droplets D. Chylomicrons — cholesterol + carbohydrates Which protein is present in the walls of alveoli? A. Collagen B. Hemoglobin C. Myoglobin D. Myosin Which of the following acts as an enzyme activator in human digestive system? A. Erepsin B. Enterokinase C. Pepsinogen D. Trypsinogen How would you classify a bacterium having a group of 2 or more flagella at one pole? A. Lophotrichous B. Amphitrichous C. Monotrichous D. Peritrichous Which of the following bacteria is used for developing vaccine against tuberculosis? A. Mycobacterium tuberculosis B.E. coli C. Salmonella typhi D. Mycobacterium bovis If a bacteria can grow in the presence or absence of oxygen it would be a(n): A. Aerobic B. Anaerobic C. Facultative anaerobic D. Microaerophilic Which testicular cells in a human male with high testosterone level will start the endocrine activity? A. Interstitial cell B. Sertoli cells C. Spermatogonial cells D. Leydig cells Which layer of uterus is composed of contractile muscles?",Endometrium,Perimetrium,Myometrium,Both endo and myometrium One of the endocrine glands responsible for failure in ovulation is:,,C,,ocr_visual,NUMS-2025,56
1330,2025-nums-2025-110-1330,2025,NUMS-2025,,Biology,110,"Q. 98 Q. 99 Q. 100 Q. 101 Q. 102 Q. 103 Q. 104 Q. 105 Q. 106 Q. 107 Q. 108 Q. 109 Q. 110 Q. 111 Q. 112 Which of the following components are present both in blood and lymph? A. Oo, water, large proteins B. RBCs, electrolytes, amino acids C. CO2, RBCs and water D. CO2, glucose and water Blood flow in vessels least depends on: A. Total cross sectional area of vessels B. Blood pressure C. Skeletal muscle contraction D. Heart beat Which T-lymphocytes do not directly attack invading microbes? A. Natural killer cell B. Macrophages C. B-lymphocytes D. Neutrophils A woman cuts her finger while working in kitchen. Which chemical substance will cause inflammation around wound? A. Interleukin — I B. Histamine C. Interleukin — II D. Heparin Choose the mismatched: A. Acetylcholine — gastrin B. Enterokinase — lipase C. Emulsification — fat droplets D. Chylomicrons — cholesterol + carbohydrates Which protein is present in the walls of alveoli? A. Collagen B. Hemoglobin C. Myoglobin D. Myosin Which of the following acts as an enzyme activator in human digestive system? A. Erepsin B. Enterokinase C. Pepsinogen D. Trypsinogen How would you classify a bacterium having a group of 2 or more flagella at one pole? A. Lophotrichous B. Amphitrichous C. Monotrichous D. Peritrichous Which of the following bacteria is used for developing vaccine against tuberculosis? A. Mycobacterium tuberculosis B.E. coli C. Salmonella typhi D. Mycobacterium bovis If a bacteria can grow in the presence or absence of oxygen it would be a(n): A. Aerobic B. Anaerobic C. Facultative anaerobic D. Microaerophilic Which testicular cells in a human male with high testosterone level will start the endocrine activity? A. Interstitial cell B. Sertoli cells C. Spermatogonial cells D. Leydig cells Which layer of uterus is composed of contractile muscles? A. Endometrium B. Perimetrium C. Myometrium D. Both endo and myometrium One of the endocrine glands responsible for failure in ovulation is:",Pituitary,Placenta,Thyroid,Adrenal Identify the exact function of ATP hydrolysis during muscle contraction:,,A,,ocr_visual,NUMS-2025,56
1331,2025-nums-2025-111-1331,2025,NUMS-2025,,Biology,111,"Q. 98 Q. 99 Q. 100 Q. 101 Q. 102 Q. 103 Q. 104 Q. 105 Q. 106 Q. 107 Q. 108 Q. 109 Q. 110 Q. 111 Q. 112 Which of the following components are present both in blood and lymph? A. Oo, water, large proteins B. RBCs, electrolytes, amino acids C. CO2, RBCs and water D. CO2, glucose and water Blood flow in vessels least depends on: A. Total cross sectional area of vessels B. Blood pressure C. Skeletal muscle contraction D. Heart beat Which T-lymphocytes do not directly attack invading microbes? A. Natural killer cell B. Macrophages C. B-lymphocytes D. Neutrophils A woman cuts her finger while working in kitchen. Which chemical substance will cause inflammation around wound? A. Interleukin — I B. Histamine C. Interleukin — II D. Heparin Choose the mismatched: A. Acetylcholine — gastrin B. Enterokinase — lipase C. Emulsification — fat droplets D. Chylomicrons — cholesterol + carbohydrates Which protein is present in the walls of alveoli? A. Collagen B. Hemoglobin C. Myoglobin D. Myosin Which of the following acts as an enzyme activator in human digestive system? A. Erepsin B. Enterokinase C. Pepsinogen D. Trypsinogen How would you classify a bacterium having a group of 2 or more flagella at one pole? A. Lophotrichous B. Amphitrichous C. Monotrichous D. Peritrichous Which of the following bacteria is used for developing vaccine against tuberculosis? A. Mycobacterium tuberculosis B.E. coli C. Salmonella typhi D. Mycobacterium bovis If a bacteria can grow in the presence or absence of oxygen it would be a(n): A. Aerobic B. Anaerobic C. Facultative anaerobic D. Microaerophilic Which testicular cells in a human male with high testosterone level will start the endocrine activity? A. Interstitial cell B. Sertoli cells C. Spermatogonial cells D. Leydig cells Which layer of uterus is composed of contractile muscles? A. Endometrium B. Perimetrium C. Myometrium D. Both endo and myometrium One of the endocrine glands responsible for failure in ovulation is: A. Pituitary B. Placenta C. Thyroid D. Adrenal Identify the exact function of ATP hydrolysis during muscle contraction:",Formation of cross bridges,Breaking of cross bridges,Displacement of tropomyosin,Release of Ca?* ions from sarcoplasmic reticulum The reason behind the slow healing of cartilage is:,,D,,ocr_visual,NUMS-2025,56
1332,2025-nums-2025-112-1332,2025,NUMS-2025,,Biology,112,"Q. 98 Q. 99 Q. 100 Q. 101 Q. 102 Q. 103 Q. 104 Q. 105 Q. 106 Q. 107 Q. 108 Q. 109 Q. 110 Q. 111 Q. 112 Which of the following components are present both in blood and lymph? A. Oo, water, large proteins B. RBCs, electrolytes, amino acids C. CO2, RBCs and water D. CO2, glucose and water Blood flow in vessels least depends on: A. Total cross sectional area of vessels B. Blood pressure C. Skeletal muscle contraction D. Heart beat Which T-lymphocytes do not directly attack invading microbes? A. Natural killer cell B. Macrophages C. B-lymphocytes D. Neutrophils A woman cuts her finger while working in kitchen. Which chemical substance will cause inflammation around wound? A. Interleukin — I B. Histamine C. Interleukin — II D. Heparin Choose the mismatched: A. Acetylcholine — gastrin B. Enterokinase — lipase C. Emulsification — fat droplets D. Chylomicrons — cholesterol + carbohydrates Which protein is present in the walls of alveoli? A. Collagen B. Hemoglobin C. Myoglobin D. Myosin Which of the following acts as an enzyme activator in human digestive system? A. Erepsin B. Enterokinase C. Pepsinogen D. Trypsinogen How would you classify a bacterium having a group of 2 or more flagella at one pole? A. Lophotrichous B. Amphitrichous C. Monotrichous D. Peritrichous Which of the following bacteria is used for developing vaccine against tuberculosis? A. Mycobacterium tuberculosis B.E. coli C. Salmonella typhi D. Mycobacterium bovis If a bacteria can grow in the presence or absence of oxygen it would be a(n): A. Aerobic B. Anaerobic C. Facultative anaerobic D. Microaerophilic Which testicular cells in a human male with high testosterone level will start the endocrine activity? A. Interstitial cell B. Sertoli cells C. Spermatogonial cells D. Leydig cells Which layer of uterus is composed of contractile muscles? A. Endometrium B. Perimetrium C. Myometrium D. Both endo and myometrium One of the endocrine glands responsible for failure in ovulation is: A. Pituitary B. Placenta C. Thyroid D. Adrenal Identify the exact function of ATP hydrolysis during muscle contraction: A. Formation of cross bridges B. Breaking of cross bridges C. Displacement of tropomyosin D. Release of Ca?* ions from sarcoplasmic reticulum The reason behind the slow healing of cartilage is:",Absence of minerals in matrix,Absence of nervous supply,Absence of blood supply,Loose arrangement of cells SKN 03100121696 Page 912,,C,,ocr_visual,NUMS-2025,56
1333,2025-nums-2025-113-1333,2025,NUMS-2025,,Biology,113,Q. 113 Q. 114 Q. 115 Q. 116 Q. 117 Q. 118 Q. 119 Q. 120 Q. 121 Q. 122 Q. 123 Q. 124 SKN 03100121696 H zone of sarcomere consists of:,Proteins supporting myosin filaments —,Myosin overlapped by actin,Only actin filament,Only myosin filament Which cell is most important to cause bone resorption?,,D,,ocr_visual,NUMS-2025,57
1334,2025-nums-2025-114-1334,2025,NUMS-2025,,Biology,114,Q. 113 Q. 114 Q. 115 Q. 116 Q. 117 Q. 118 Q. 119 Q. 120 Q. 121 Q. 122 Q. 123 Q. 124 SKN 03100121696 H zone of sarcomere consists of: A. Proteins supporting myosin filaments — B. Myosin overlapped by actin C. Only actin filament D. Only myosin filament Which cell is most important to cause bone resorption?,Osteoblast,Osteoclast,Osteocyte,Fibroblast Activity of which organ would be compromised with impaired function of smooth muscles?,,B,,ocr_visual,NUMS-2025,57
1335,2025-nums-2025-115-1335,2025,NUMS-2025,,Biology,115,Q. 113 Q. 114 Q. 115 Q. 116 Q. 117 Q. 118 Q. 119 Q. 120 Q. 121 Q. 122 Q. 123 Q. 124 SKN 03100121696 H zone of sarcomere consists of: A. Proteins supporting myosin filaments — B. Myosin overlapped by actin C. Only actin filament D. Only myosin filament Which cell is most important to cause bone resorption? A. Osteoblast B. Osteoclast C. Osteocyte D. Fibroblast Activity of which organ would be compromised with impaired function of smooth muscles?,Heart,Lungs,Stomach,Tongue The phenomena of gene linkage rejects the concept of:,,C,,ocr_visual,NUMS-2025,57
1336,2025-nums-2025-116-1336,2025,NUMS-2025,,Biology,116,Q. 113 Q. 114 Q. 115 Q. 116 Q. 117 Q. 118 Q. 119 Q. 120 Q. 121 Q. 122 Q. 123 Q. 124 SKN 03100121696 H zone of sarcomere consists of: A. Proteins supporting myosin filaments — B. Myosin overlapped by actin C. Only actin filament D. Only myosin filament Which cell is most important to cause bone resorption? A. Osteoblast B. Osteoclast C. Osteocyte D. Fibroblast Activity of which organ would be compromised with impaired function of smooth muscles? A. Heart B. Lungs C. Stomach D. Tongue The phenomena of gene linkage rejects the concept of:,Law of segregation,Polygenic traits,Epistasis,Law of independent assortment Which of the following is used to determine linkage between two gene pairs?,,D,,ocr_visual,NUMS-2025,57
1337,2025-nums-2025-117-1337,2025,NUMS-2025,,Biology,117,Q. 113 Q. 114 Q. 115 Q. 116 Q. 117 Q. 118 Q. 119 Q. 120 Q. 121 Q. 122 Q. 123 Q. 124 SKN 03100121696 H zone of sarcomere consists of: A. Proteins supporting myosin filaments — B. Myosin overlapped by actin C. Only actin filament D. Only myosin filament Which cell is most important to cause bone resorption? A. Osteoblast B. Osteoclast C. Osteocyte D. Fibroblast Activity of which organ would be compromised with impaired function of smooth muscles? A. Heart B. Lungs C. Stomach D. Tongue The phenomena of gene linkage rejects the concept of: A. Law of segregation B. Polygenic traits C. Epistasis D. Law of independent assortment Which of the following is used to determine linkage between two gene pairs?,Test cross,Back cross,Monohybrid cross,Dihybrid cross The process by which unwanted structures are engulfed and digested within the lysosome is termed as:,,A,,ocr_visual,NUMS-2025,57
1338,2025-nums-2025-118-1338,2025,NUMS-2025,,Biology,118,Q. 113 Q. 114 Q. 115 Q. 116 Q. 117 Q. 118 Q. 119 Q. 120 Q. 121 Q. 122 Q. 123 Q. 124 SKN 03100121696 H zone of sarcomere consists of: A. Proteins supporting myosin filaments — B. Myosin overlapped by actin C. Only actin filament D. Only myosin filament Which cell is most important to cause bone resorption? A. Osteoblast B. Osteoclast C. Osteocyte D. Fibroblast Activity of which organ would be compromised with impaired function of smooth muscles? A. Heart B. Lungs C. Stomach D. Tongue The phenomena of gene linkage rejects the concept of: A. Law of segregation B. Polygenic traits C. Epistasis D. Law of independent assortment Which of the following is used to determine linkage between two gene pairs? A. Test cross B. Back cross C. Monohybrid cross D. Dihybrid cross The process by which unwanted structures are engulfed and digested within the lysosome is termed as:,Autophagy,Autolysis,Endocytosis,Exocytosis Fluidity of biological membranes is maintained by:,,A,,ocr_visual,NUMS-2025,57
1339,2025-nums-2025-119-1339,2025,NUMS-2025,,Biology,119,Q. 113 Q. 114 Q. 115 Q. 116 Q. 117 Q. 118 Q. 119 Q. 120 Q. 121 Q. 122 Q. 123 Q. 124 SKN 03100121696 H zone of sarcomere consists of: A. Proteins supporting myosin filaments — B. Myosin overlapped by actin C. Only actin filament D. Only myosin filament Which cell is most important to cause bone resorption? A. Osteoblast B. Osteoclast C. Osteocyte D. Fibroblast Activity of which organ would be compromised with impaired function of smooth muscles? A. Heart B. Lungs C. Stomach D. Tongue The phenomena of gene linkage rejects the concept of: A. Law of segregation B. Polygenic traits C. Epistasis D. Law of independent assortment Which of the following is used to determine linkage between two gene pairs? A. Test cross B. Back cross C. Monohybrid cross D. Dihybrid cross The process by which unwanted structures are engulfed and digested within the lysosome is termed as: A. Autophagy B. Autolysis C. Endocytosis D. Exocytosis Fluidity of biological membranes is maintained by:,Glycoprotein,Saturated fatty acid,Fatty acids,Phospholipids Which of the following independently reproduces in the cell?,,D,,ocr_visual,NUMS-2025,57
1340,2025-nums-2025-120-1340,2025,NUMS-2025,,Biology,120,Q. 113 Q. 114 Q. 115 Q. 116 Q. 117 Q. 118 Q. 119 Q. 120 Q. 121 Q. 122 Q. 123 Q. 124 SKN 03100121696 H zone of sarcomere consists of: A. Proteins supporting myosin filaments — B. Myosin overlapped by actin C. Only actin filament D. Only myosin filament Which cell is most important to cause bone resorption? A. Osteoblast B. Osteoclast C. Osteocyte D. Fibroblast Activity of which organ would be compromised with impaired function of smooth muscles? A. Heart B. Lungs C. Stomach D. Tongue The phenomena of gene linkage rejects the concept of: A. Law of segregation B. Polygenic traits C. Epistasis D. Law of independent assortment Which of the following is used to determine linkage between two gene pairs? A. Test cross B. Back cross C. Monohybrid cross D. Dihybrid cross The process by which unwanted structures are engulfed and digested within the lysosome is termed as: A. Autophagy B. Autolysis C. Endocytosis D. Exocytosis Fluidity of biological membranes is maintained by: A. Glycoprotein B. Saturated fatty acid C. Fatty acids D. Phospholipids Which of the following independently reproduces in the cell?,Golgi complex,Nucleus,Chloroplast,Endoplasmic reticulum Which statement best describes difference of prokaryotic cell from eukaryotic cell? Option Prokaryotic Cell Eukaryotic Cell,,B,,ocr_visual,NUMS-2025,57
1341,2025-nums-2025-121-1341,2025,NUMS-2025,,Biology,121,Q. 113 Q. 114 Q. 115 Q. 116 Q. 117 Q. 118 Q. 119 Q. 120 Q. 121 Q. 122 Q. 123 Q. 124 SKN 03100121696 H zone of sarcomere consists of: A. Proteins supporting myosin filaments — B. Myosin overlapped by actin C. Only actin filament D. Only myosin filament Which cell is most important to cause bone resorption? A. Osteoblast B. Osteoclast C. Osteocyte D. Fibroblast Activity of which organ would be compromised with impaired function of smooth muscles? A. Heart B. Lungs C. Stomach D. Tongue The phenomena of gene linkage rejects the concept of: A. Law of segregation B. Polygenic traits C. Epistasis D. Law of independent assortment Which of the following is used to determine linkage between two gene pairs? A. Test cross B. Back cross C. Monohybrid cross D. Dihybrid cross The process by which unwanted structures are engulfed and digested within the lysosome is termed as: A. Autophagy B. Autolysis C. Endocytosis D. Exocytosis Fluidity of biological membranes is maintained by: A. Glycoprotein B. Saturated fatty acid C. Fatty acids D. Phospholipids Which of the following independently reproduces in the cell? A. Golgi complex B. Nucleus C. Chloroplast D. Endoplasmic reticulum Which statement best describes difference of prokaryotic cell from eukaryotic cell? Option Prokaryotic Cell Eukaryotic Cell A. Membrane bound organelle is present Membrane bound organelle is absent B. Ribosomal subunits are 50s & 30s Ribosomal subunits are 60s & 40s eS DNA is double stranded DNA is circular D. Multicellular Multicellular and unicellular Skeletal muscle cells are having:,Less SER & more RER,More SER & less RER,Equal amount of SER & RER,No SER & RER Which one is the correct direction of action potential along the neuron?,,C,,ocr_visual,NUMS-2025,57
1342,2025-nums-2025-122-1342,2025,NUMS-2025,,Biology,122,Q. 113 Q. 114 Q. 115 Q. 116 Q. 117 Q. 118 Q. 119 Q. 120 Q. 121 Q. 122 Q. 123 Q. 124 SKN 03100121696 H zone of sarcomere consists of: A. Proteins supporting myosin filaments — B. Myosin overlapped by actin C. Only actin filament D. Only myosin filament Which cell is most important to cause bone resorption? A. Osteoblast B. Osteoclast C. Osteocyte D. Fibroblast Activity of which organ would be compromised with impaired function of smooth muscles? A. Heart B. Lungs C. Stomach D. Tongue The phenomena of gene linkage rejects the concept of: A. Law of segregation B. Polygenic traits C. Epistasis D. Law of independent assortment Which of the following is used to determine linkage between two gene pairs? A. Test cross B. Back cross C. Monohybrid cross D. Dihybrid cross The process by which unwanted structures are engulfed and digested within the lysosome is termed as: A. Autophagy B. Autolysis C. Endocytosis D. Exocytosis Fluidity of biological membranes is maintained by: A. Glycoprotein B. Saturated fatty acid C. Fatty acids D. Phospholipids Which of the following independently reproduces in the cell? A. Golgi complex B. Nucleus C. Chloroplast D. Endoplasmic reticulum Which statement best describes difference of prokaryotic cell from eukaryotic cell? Option Prokaryotic Cell Eukaryotic Cell A. Membrane bound organelle is present Membrane bound organelle is absent B. Ribosomal subunits are 50s & 30s Ribosomal subunits are 60s & 40s eS DNA is double stranded DNA is circular D. Multicellular Multicellular and unicellular Skeletal muscle cells are having: A. Less SER & more RER B. More SER & less RER C. Equal amount of SER & RER D. No SER & RER Which one is the correct direction of action potential along the neuron?,Axon — post synaptic terminal,Schwann cells — pre synaptic terminal,Cell body — pre synaptic terminal,Dendrite — post synaptic terminal Concentration of Na‘ and K* ions during resting membrane potential is: Option Inside Neuron Outside Neuron,,A,,ocr_visual,NUMS-2025,57
1343,2025-nums-2025-123-1343,2025,NUMS-2025,,Biology,123,Q. 113 Q. 114 Q. 115 Q. 116 Q. 117 Q. 118 Q. 119 Q. 120 Q. 121 Q. 122 Q. 123 Q. 124 SKN 03100121696 H zone of sarcomere consists of: A. Proteins supporting myosin filaments — B. Myosin overlapped by actin C. Only actin filament D. Only myosin filament Which cell is most important to cause bone resorption? A. Osteoblast B. Osteoclast C. Osteocyte D. Fibroblast Activity of which organ would be compromised with impaired function of smooth muscles? A. Heart B. Lungs C. Stomach D. Tongue The phenomena of gene linkage rejects the concept of: A. Law of segregation B. Polygenic traits C. Epistasis D. Law of independent assortment Which of the following is used to determine linkage between two gene pairs? A. Test cross B. Back cross C. Monohybrid cross D. Dihybrid cross The process by which unwanted structures are engulfed and digested within the lysosome is termed as: A. Autophagy B. Autolysis C. Endocytosis D. Exocytosis Fluidity of biological membranes is maintained by: A. Glycoprotein B. Saturated fatty acid C. Fatty acids D. Phospholipids Which of the following independently reproduces in the cell? A. Golgi complex B. Nucleus C. Chloroplast D. Endoplasmic reticulum Which statement best describes difference of prokaryotic cell from eukaryotic cell? Option Prokaryotic Cell Eukaryotic Cell A. Membrane bound organelle is present Membrane bound organelle is absent B. Ribosomal subunits are 50s & 30s Ribosomal subunits are 60s & 40s eS DNA is double stranded DNA is circular D. Multicellular Multicellular and unicellular Skeletal muscle cells are having: A. Less SER & more RER B. More SER & less RER C. Equal amount of SER & RER D. No SER & RER Which one is the correct direction of action potential along the neuron? A. Axon — post synaptic terminal B. Schwann cells — pre synaptic terminal C. Cell body — pre synaptic terminal D. Dendrite — post synaptic terminal Concentration of Na‘ and K* ions during resting membrane potential is: Option Inside Neuron Outside Neuron,K* 30 times Na™ 10 times,K* 10 times Nar 30 times,Na™ 10 times K* 30 times,Nav 30 times K* 10 times Page 1012,,A,,ocr_visual,NUMS-2025,57
1344,2025-nums-2025-126-1344,2025,NUMS-2025,,Biology,126,Q. 126 Q. 127 Q. 128 Q. 129 Q. 130 Q. 131 Q. 132 Q. 133 Q. 134 Q. 135 Q. 136 A brief phase in which neuron regains its original ionic distribution and polarity is called:,Repolarization,Synaptic delay,Saltatory period,Refractory period Parts of brain that comprise the limbic system:,,A,,ocr_visual,NUMS-2025,58
1345,2025-nums-2025-127-1345,2025,NUMS-2025,,Biology,127,Q. 126 Q. 127 Q. 128 Q. 129 Q. 130 Q. 131 Q. 132 Q. 133 Q. 134 Q. 135 Q. 136 A brief phase in which neuron regains its original ionic distribution and polarity is called: A. Repolarization B. Synaptic delay C. Saltatory period D. Refractory period Parts of brain that comprise the limbic system:,"Thalamus, amygdala, hippocampus","Hypothalamus, amygdala, hippocampus","Hypothalamus, corpus callosum, hippocampus","Thalamus, hypothalamus, pons Ions involved in synaptic transmission of nerve impulse:",,C,,ocr_visual,NUMS-2025,58
1346,2025-nums-2025-128-1346,2025,NUMS-2025,,Biology,128,"Q. 126 Q. 127 Q. 128 Q. 129 Q. 130 Q. 131 Q. 132 Q. 133 Q. 134 Q. 135 Q. 136 A brief phase in which neuron regains its original ionic distribution and polarity is called: A. Repolarization B. Synaptic delay C. Saltatory period D. Refractory period Parts of brain that comprise the limbic system: A. Thalamus, amygdala, hippocampus B. Hypothalamus, amygdala, hippocampus C. Hypothalamus, corpus callosum, hippocampus D. Thalamus, hypothalamus, pons Ions involved in synaptic transmission of nerve impulse:","K*, Ca?*, Na™","Na‘, K*","Na*, Ca?*","K*, Ca** Correct sequence of the four elements of a neural pathway in simple-reflex circuit:",,A,,ocr_visual,NUMS-2025,58
1347,2025-nums-2025-129-1347,2025,NUMS-2025,,Biology,129,"Q. 126 Q. 127 Q. 128 Q. 129 Q. 130 Q. 131 Q. 132 Q. 133 Q. 134 Q. 135 Q. 136 A brief phase in which neuron regains its original ionic distribution and polarity is called: A. Repolarization B. Synaptic delay C. Saltatory period D. Refractory period Parts of brain that comprise the limbic system: A. Thalamus, amygdala, hippocampus B. Hypothalamus, amygdala, hippocampus C. Hypothalamus, corpus callosum, hippocampus D. Thalamus, hypothalamus, pons Ions involved in synaptic transmission of nerve impulse: A. K*, Ca?*, Na™ B. Na‘, K* C. Na*, Ca?* D. K*, Ca** Correct sequence of the four elements of a neural pathway in simple-reflex circuit:",Sensory neuron — associative neuron — motor neuron — muscles,Muscles — sensory neuron — associative neuron — motor neuron,Motor neurons — associate neuron — sensory neuron — muscles,Associate neuron — sensory neuron — motor neuron — muscles In humans memory storage for behavior and coordination is well developed in the:,,A,,ocr_visual,NUMS-2025,58
1348,2025-nums-2025-130-1348,2025,NUMS-2025,,Biology,130,"Q. 126 Q. 127 Q. 128 Q. 129 Q. 130 Q. 131 Q. 132 Q. 133 Q. 134 Q. 135 Q. 136 A brief phase in which neuron regains its original ionic distribution and polarity is called: A. Repolarization B. Synaptic delay C. Saltatory period D. Refractory period Parts of brain that comprise the limbic system: A. Thalamus, amygdala, hippocampus B. Hypothalamus, amygdala, hippocampus C. Hypothalamus, corpus callosum, hippocampus D. Thalamus, hypothalamus, pons Ions involved in synaptic transmission of nerve impulse: A. K*, Ca?*, Na™ B. Na‘, K* C. Na*, Ca?* D. K*, Ca** Correct sequence of the four elements of a neural pathway in simple-reflex circuit: A. Sensory neuron — associative neuron — motor neuron — muscles B. Muscles — sensory neuron — associative neuron — motor neuron C. Motor neurons — associate neuron — sensory neuron — muscles D. Associate neuron — sensory neuron — motor neuron — muscles In humans memory storage for behavior and coordination is well developed in the:",Amygdala,Cerebrum,Medulla,Cerebellum Choose the correct pairing: Option Chemical Nature Hormones Glands,,A,,ocr_visual,NUMS-2025,58
1349,2025-nums-2025-131-1349,2025,NUMS-2025,,Biology,131,"Q. 126 Q. 127 Q. 128 Q. 129 Q. 130 Q. 131 Q. 132 Q. 133 Q. 134 Q. 135 Q. 136 A brief phase in which neuron regains its original ionic distribution and polarity is called: A. Repolarization B. Synaptic delay C. Saltatory period D. Refractory period Parts of brain that comprise the limbic system: A. Thalamus, amygdala, hippocampus B. Hypothalamus, amygdala, hippocampus C. Hypothalamus, corpus callosum, hippocampus D. Thalamus, hypothalamus, pons Ions involved in synaptic transmission of nerve impulse: A. K*, Ca?*, Na™ B. Na‘, K* C. Na*, Ca?* D. K*, Ca** Correct sequence of the four elements of a neural pathway in simple-reflex circuit: A. Sensory neuron — associative neuron — motor neuron — muscles B. Muscles — sensory neuron — associative neuron — motor neuron C. Motor neurons — associate neuron — sensory neuron — muscles D. Associate neuron — sensory neuron — motor neuron — muscles In humans memory storage for behavior and coordination is well developed in the: A. Amygdala B. Cerebrum C. Medulla D. Cerebellum Choose the correct pairing: Option Chemical Nature Hormones Glands",Proteins Insulin Pancreas,Steroid Cortisone Thymus,Catecholamine Estrogen Adrenal medulla,Amino acid derivative Thyroxine Parathyroid Which phyla exhibit first true coelom?,,B,,ocr_visual,NUMS-2025,58
1350,2025-nums-2025-132-1350,2025,NUMS-2025,,Biology,132,"Q. 126 Q. 127 Q. 128 Q. 129 Q. 130 Q. 131 Q. 132 Q. 133 Q. 134 Q. 135 Q. 136 A brief phase in which neuron regains its original ionic distribution and polarity is called: A. Repolarization B. Synaptic delay C. Saltatory period D. Refractory period Parts of brain that comprise the limbic system: A. Thalamus, amygdala, hippocampus B. Hypothalamus, amygdala, hippocampus C. Hypothalamus, corpus callosum, hippocampus D. Thalamus, hypothalamus, pons Ions involved in synaptic transmission of nerve impulse: A. K*, Ca?*, Na™ B. Na‘, K* C. Na*, Ca?* D. K*, Ca** Correct sequence of the four elements of a neural pathway in simple-reflex circuit: A. Sensory neuron — associative neuron — motor neuron — muscles B. Muscles — sensory neuron — associative neuron — motor neuron C. Motor neurons — associate neuron — sensory neuron — muscles D. Associate neuron — sensory neuron — motor neuron — muscles In humans memory storage for behavior and coordination is well developed in the: A. Amygdala B. Cerebrum C. Medulla D. Cerebellum Choose the correct pairing: Option Chemical Nature Hormones Glands A. Proteins Insulin Pancreas B. Steroid Cortisone Thymus C. Catecholamine Estrogen Adrenal medulla D. Amino acid derivative Thyroxine Parathyroid Which phyla exhibit first true coelom?",Cnidaria,Annelida,Mollusca,"Platyhelminthes Which invertebrate has exceptionally, large and complex brain with highly developed capabilities to learn and remember?",,C,,ocr_visual,NUMS-2025,58
1351,2025-nums-2025-133-1351,2025,NUMS-2025,,Biology,133,"Q. 126 Q. 127 Q. 128 Q. 129 Q. 130 Q. 131 Q. 132 Q. 133 Q. 134 Q. 135 Q. 136 A brief phase in which neuron regains its original ionic distribution and polarity is called: A. Repolarization B. Synaptic delay C. Saltatory period D. Refractory period Parts of brain that comprise the limbic system: A. Thalamus, amygdala, hippocampus B. Hypothalamus, amygdala, hippocampus C. Hypothalamus, corpus callosum, hippocampus D. Thalamus, hypothalamus, pons Ions involved in synaptic transmission of nerve impulse: A. K*, Ca?*, Na™ B. Na‘, K* C. Na*, Ca?* D. K*, Ca** Correct sequence of the four elements of a neural pathway in simple-reflex circuit: A. Sensory neuron — associative neuron — motor neuron — muscles B. Muscles — sensory neuron — associative neuron — motor neuron C. Motor neurons — associate neuron — sensory neuron — muscles D. Associate neuron — sensory neuron — motor neuron — muscles In humans memory storage for behavior and coordination is well developed in the: A. Amygdala B. Cerebrum C. Medulla D. Cerebellum Choose the correct pairing: Option Chemical Nature Hormones Glands A. Proteins Insulin Pancreas B. Steroid Cortisone Thymus C. Catecholamine Estrogen Adrenal medulla D. Amino acid derivative Thyroxine Parathyroid Which phyla exhibit first true coelom? A. Cnidaria B. Annelida C. Mollusca D. Platyhelminthes Which invertebrate has exceptionally, large and complex brain with highly developed capabilities to learn and remember?",Snail,Cattle fish,Octopus,Giant squid Arthropods constitute 54% of kingdom Animali,,A,,ocr_visual,NUMS-2025,58
1352,2025-nums-2025-135-1352,2025,NUMS-2025,,Biology,135,"Q. 126 Q. 127 Q. 128 Q. 129 Q. 130 Q. 131 Q. 132 Q. 133 Q. 134 Q. 135 Q. 136 A brief phase in which neuron regains its original ionic distribution and polarity is called: A. Repolarization B. Synaptic delay C. Saltatory period D. Refractory period Parts of brain that comprise the limbic system: A. Thalamus, amygdala, hippocampus B. Hypothalamus, amygdala, hippocampus C. Hypothalamus, corpus callosum, hippocampus D. Thalamus, hypothalamus, pons Ions involved in synaptic transmission of nerve impulse: A. K*, Ca?*, Na™ B. Na‘, K* C. Na*, Ca?* D. K*, Ca** Correct sequence of the four elements of a neural pathway in simple-reflex circuit: A. Sensory neuron — associative neuron — motor neuron — muscles B. Muscles — sensory neuron — associative neuron — motor neuron C. Motor neurons — associate neuron — sensory neuron — muscles D. Associate neuron — sensory neuron — motor neuron — muscles In humans memory storage for behavior and coordination is well developed in the: A. Amygdala B. Cerebrum C. Medulla D. Cerebellum Choose the correct pairing: Option Chemical Nature Hormones Glands A. Proteins Insulin Pancreas B. Steroid Cortisone Thymus C. Catecholamine Estrogen Adrenal medulla D. Amino acid derivative Thyroxine Parathyroid Which phyla exhibit first true coelom? A. Cnidaria B. Annelida C. Mollusca D. Platyhelminthes Which invertebrate has exceptionally, large and complex brain with highly developed capabilities to learn and remember? A. Snail B. Cattle fish C. Octopus D. Giant squid Arthropods constitute 54% of kingdom Animalia. What is the reason of their success? A. Diversity and articulation of exoskeleton B. Existence of haemocoel C. Well-developed reproductive system D. Bilateral symmetry Which of the following virus is having double stranded RNA in its core?",Small pox,Mild rash virus,Diarrhea virus,Rubella virus Pore size of porcelain filter ranges between:,,A,,ocr_visual,NUMS-2025,58
1353,2025-nums-2025-136-1353,2025,NUMS-2025,,Biology,136,"Q. 126 Q. 127 Q. 128 Q. 129 Q. 130 Q. 131 Q. 132 Q. 133 Q. 134 Q. 135 Q. 136 A brief phase in which neuron regains its original ionic distribution and polarity is called: A. Repolarization B. Synaptic delay C. Saltatory period D. Refractory period Parts of brain that comprise the limbic system: A. Thalamus, amygdala, hippocampus B. Hypothalamus, amygdala, hippocampus C. Hypothalamus, corpus callosum, hippocampus D. Thalamus, hypothalamus, pons Ions involved in synaptic transmission of nerve impulse: A. K*, Ca?*, Na™ B. Na‘, K* C. Na*, Ca?* D. K*, Ca** Correct sequence of the four elements of a neural pathway in simple-reflex circuit: A. Sensory neuron — associative neuron — motor neuron — muscles B. Muscles — sensory neuron — associative neuron — motor neuron C. Motor neurons — associate neuron — sensory neuron — muscles D. Associate neuron — sensory neuron — motor neuron — muscles In humans memory storage for behavior and coordination is well developed in the: A. Amygdala B. Cerebrum C. Medulla D. Cerebellum Choose the correct pairing: Option Chemical Nature Hormones Glands A. Proteins Insulin Pancreas B. Steroid Cortisone Thymus C. Catecholamine Estrogen Adrenal medulla D. Amino acid derivative Thyroxine Parathyroid Which phyla exhibit first true coelom? A. Cnidaria B. Annelida C. Mollusca D. Platyhelminthes Which invertebrate has exceptionally, large and complex brain with highly developed capabilities to learn and remember? A. Snail B. Cattle fish C. Octopus D. Giant squid Arthropods constitute 54% of kingdom Animalia. What is the reason of their success? A. Diversity and articulation of exoskeleton B. Existence of haemocoel C. Well-developed reproductive system D. Bilateral symmetry Which of the following virus is having double stranded RNA in its core? A. Small pox B. Mild rash virus C. Diarrhea virus D. Rubella virus Pore size of porcelain filter ranges between:",10—100 nm,100 — 1000 nm,10—10 pm,100 — 1000 um Reverse transcriptase converts:,,C,,ocr_visual,NUMS-2025,58
1354,2025-nums-2025-137-1354,2025,NUMS-2025,,Biology,137,Q. 137 Q. 138 Q. 139 Q. 140 Q. 141 Q. 142 Q. 143 Q. 144 Q. 145 Q. 146 Q. 147 Q. 148 Q. 149 Which symptoms disappear after few months in an asymptomatic carrier of HIV?,Loss of memory,Swollen lymph gland,Weight loss,Night sweats The primary purpose of photosystem - II in thylakoid membrane is:,,D,,ocr_visual,NUMS-2025,59
1355,2025-nums-2025-138-1355,2025,NUMS-2025,,Biology,138,Q. 137 Q. 138 Q. 139 Q. 140 Q. 141 Q. 142 Q. 143 Q. 144 Q. 145 Q. 146 Q. 147 Q. 148 Q. 149 Which symptoms disappear after few months in an asymptomatic carrier of HIV? A. Loss of memory B. Swollen lymph gland C. Weight loss D. Night sweats The primary purpose of photosystem - II in thylakoid membrane is:,Synthesis of ATP,Oxidation of water,Reduction of NADP* to NADPH,Oxidation of cytochrome In glycolysis glucose is:,,B,,ocr_visual,NUMS-2025,59
1356,2025-nums-2025-139-1356,2025,NUMS-2025,,Biology,139,Q. 137 Q. 138 Q. 139 Q. 140 Q. 141 Q. 142 Q. 143 Q. 144 Q. 145 Q. 146 Q. 147 Q. 148 Q. 149 Which symptoms disappear after few months in an asymptomatic carrier of HIV? A. Loss of memory B. Swollen lymph gland C. Weight loss D. Night sweats The primary purpose of photosystem - II in thylakoid membrane is: A. Synthesis of ATP B. Oxidation of water C. Reduction of NADP* to NADPH D. Oxidation of cytochrome In glycolysis glucose is:,Oxidized into pyruvic acid,Reduced into pyruvate,Broken down to G3P,Reduced to NADPH The final electron acceptor in respiratory electron transport chain in mitochondria is:,,A,,ocr_visual,NUMS-2025,59
1357,2025-nums-2025-140-1357,2025,NUMS-2025,,Biology,140,Q. 137 Q. 138 Q. 139 Q. 140 Q. 141 Q. 142 Q. 143 Q. 144 Q. 145 Q. 146 Q. 147 Q. 148 Q. 149 Which symptoms disappear after few months in an asymptomatic carrier of HIV? A. Loss of memory B. Swollen lymph gland C. Weight loss D. Night sweats The primary purpose of photosystem - II in thylakoid membrane is: A. Synthesis of ATP B. Oxidation of water C. Reduction of NADP* to NADPH D. Oxidation of cytochrome In glycolysis glucose is: A. Oxidized into pyruvic acid B. Reduced into pyruvate C. Broken down to G3P D. Reduced to NADPH The final electron acceptor in respiratory electron transport chain in mitochondria is:,FAD*,NADP*,CO2,Oz Water is present in all living systems as universal solvent because of:,,D,,ocr_visual,NUMS-2025,59
1358,2025-nums-2025-141-1358,2025,NUMS-2025,,Biology,141,Q. 137 Q. 138 Q. 139 Q. 140 Q. 141 Q. 142 Q. 143 Q. 144 Q. 145 Q. 146 Q. 147 Q. 148 Q. 149 Which symptoms disappear after few months in an asymptomatic carrier of HIV? A. Loss of memory B. Swollen lymph gland C. Weight loss D. Night sweats The primary purpose of photosystem - II in thylakoid membrane is: A. Synthesis of ATP B. Oxidation of water C. Reduction of NADP* to NADPH D. Oxidation of cytochrome In glycolysis glucose is: A. Oxidized into pyruvic acid B. Reduced into pyruvate C. Broken down to G3P D. Reduced to NADPH The final electron acceptor in respiratory electron transport chain in mitochondria is: A. FAD* B. NADP* C. CO2 D. Oz Water is present in all living systems as universal solvent because of:,Its cohesive force,Its polar nature,High specific heat,High evaporation rate Which of the following sugar molecules are condensed to produce sucrose?,,B,,ocr_visual,NUMS-2025,59
1359,2025-nums-2025-142-1359,2025,NUMS-2025,,Biology,142,Q. 137 Q. 138 Q. 139 Q. 140 Q. 141 Q. 142 Q. 143 Q. 144 Q. 145 Q. 146 Q. 147 Q. 148 Q. 149 Which symptoms disappear after few months in an asymptomatic carrier of HIV? A. Loss of memory B. Swollen lymph gland C. Weight loss D. Night sweats The primary purpose of photosystem - II in thylakoid membrane is: A. Synthesis of ATP B. Oxidation of water C. Reduction of NADP* to NADPH D. Oxidation of cytochrome In glycolysis glucose is: A. Oxidized into pyruvic acid B. Reduced into pyruvate C. Broken down to G3P D. Reduced to NADPH The final electron acceptor in respiratory electron transport chain in mitochondria is: A. FAD* B. NADP* C. CO2 D. Oz Water is present in all living systems as universal solvent because of: A. Its cohesive force B. Its polar nature C. High specific heat D. High evaporation rate Which of the following sugar molecules are condensed to produce sucrose?,Glucose & galactose,Glucose & fructose,Glucose & glucose,Glucose & fructose 6-phosphate The integral property of lipid bilayer in a cell membrane is due to:,,B,,ocr_visual,NUMS-2025,59
1360,2025-nums-2025-143-1360,2025,NUMS-2025,,Biology,143,Q. 137 Q. 138 Q. 139 Q. 140 Q. 141 Q. 142 Q. 143 Q. 144 Q. 145 Q. 146 Q. 147 Q. 148 Q. 149 Which symptoms disappear after few months in an asymptomatic carrier of HIV? A. Loss of memory B. Swollen lymph gland C. Weight loss D. Night sweats The primary purpose of photosystem - II in thylakoid membrane is: A. Synthesis of ATP B. Oxidation of water C. Reduction of NADP* to NADPH D. Oxidation of cytochrome In glycolysis glucose is: A. Oxidized into pyruvic acid B. Reduced into pyruvate C. Broken down to G3P D. Reduced to NADPH The final electron acceptor in respiratory electron transport chain in mitochondria is: A. FAD* B. NADP* C. CO2 D. Oz Water is present in all living systems as universal solvent because of: A. Its cohesive force B. Its polar nature C. High specific heat D. High evaporation rate Which of the following sugar molecules are condensed to produce sucrose? A. Glucose & galactose B. Glucose & fructose C. Glucose & glucose D. Glucose & fructose 6-phosphate The integral property of lipid bilayer in a cell membrane is due to:,Reduction of contact area between water and lipids,Increase of contact area between water and lipids,Polar interaction of lipids,Ionization of lipids About 170 types of amino acids are found to occur in a cells. How many are involved in making proteins?,,A,,ocr_visual,NUMS-2025,59
1361,2025-nums-2025-144-1361,2025,NUMS-2025,,Biology,144,Q. 137 Q. 138 Q. 139 Q. 140 Q. 141 Q. 142 Q. 143 Q. 144 Q. 145 Q. 146 Q. 147 Q. 148 Q. 149 Which symptoms disappear after few months in an asymptomatic carrier of HIV? A. Loss of memory B. Swollen lymph gland C. Weight loss D. Night sweats The primary purpose of photosystem - II in thylakoid membrane is: A. Synthesis of ATP B. Oxidation of water C. Reduction of NADP* to NADPH D. Oxidation of cytochrome In glycolysis glucose is: A. Oxidized into pyruvic acid B. Reduced into pyruvate C. Broken down to G3P D. Reduced to NADPH The final electron acceptor in respiratory electron transport chain in mitochondria is: A. FAD* B. NADP* C. CO2 D. Oz Water is present in all living systems as universal solvent because of: A. Its cohesive force B. Its polar nature C. High specific heat D. High evaporation rate Which of the following sugar molecules are condensed to produce sucrose? A. Glucose & galactose B. Glucose & fructose C. Glucose & glucose D. Glucose & fructose 6-phosphate The integral property of lipid bilayer in a cell membrane is due to: A. Reduction of contact area between water and lipids B. Increase of contact area between water and lipids C. Polar interaction of lipids D. Ionization of lipids About 170 types of amino acids are found to occur in a cells. How many are involved in making proteins?,170 amino acids,20 amino acids,25 amino acids,150 amino acids The anticodon loop of the (RNA that complements mRNA is:,,B,,ocr_visual,NUMS-2025,59
1362,2025-nums-2025-145-1362,2025,NUMS-2025,,Biology,145,Q. 137 Q. 138 Q. 139 Q. 140 Q. 141 Q. 142 Q. 143 Q. 144 Q. 145 Q. 146 Q. 147 Q. 148 Q. 149 Which symptoms disappear after few months in an asymptomatic carrier of HIV? A. Loss of memory B. Swollen lymph gland C. Weight loss D. Night sweats The primary purpose of photosystem - II in thylakoid membrane is: A. Synthesis of ATP B. Oxidation of water C. Reduction of NADP* to NADPH D. Oxidation of cytochrome In glycolysis glucose is: A. Oxidized into pyruvic acid B. Reduced into pyruvate C. Broken down to G3P D. Reduced to NADPH The final electron acceptor in respiratory electron transport chain in mitochondria is: A. FAD* B. NADP* C. CO2 D. Oz Water is present in all living systems as universal solvent because of: A. Its cohesive force B. Its polar nature C. High specific heat D. High evaporation rate Which of the following sugar molecules are condensed to produce sucrose? A. Glucose & galactose B. Glucose & fructose C. Glucose & glucose D. Glucose & fructose 6-phosphate The integral property of lipid bilayer in a cell membrane is due to: A. Reduction of contact area between water and lipids B. Increase of contact area between water and lipids C. Polar interaction of lipids D. Ionization of lipids About 170 types of amino acids are found to occur in a cells. How many are involved in making proteins? A. 170 amino acids B. 20 amino acids C. 25 amino acids D. 150 amino acids The anticodon loop of the (RNA that complements mRNA is:,8 loop,D loop,Middle loop,Alpha loop The individual chemical property of an amino acid is determined by which of the following groups?,,B,,ocr_visual,NUMS-2025,59
1363,2025-nums-2025-146-1363,2025,NUMS-2025,,Biology,146,Q. 137 Q. 138 Q. 139 Q. 140 Q. 141 Q. 142 Q. 143 Q. 144 Q. 145 Q. 146 Q. 147 Q. 148 Q. 149 Which symptoms disappear after few months in an asymptomatic carrier of HIV? A. Loss of memory B. Swollen lymph gland C. Weight loss D. Night sweats The primary purpose of photosystem - II in thylakoid membrane is: A. Synthesis of ATP B. Oxidation of water C. Reduction of NADP* to NADPH D. Oxidation of cytochrome In glycolysis glucose is: A. Oxidized into pyruvic acid B. Reduced into pyruvate C. Broken down to G3P D. Reduced to NADPH The final electron acceptor in respiratory electron transport chain in mitochondria is: A. FAD* B. NADP* C. CO2 D. Oz Water is present in all living systems as universal solvent because of: A. Its cohesive force B. Its polar nature C. High specific heat D. High evaporation rate Which of the following sugar molecules are condensed to produce sucrose? A. Glucose & galactose B. Glucose & fructose C. Glucose & glucose D. Glucose & fructose 6-phosphate The integral property of lipid bilayer in a cell membrane is due to: A. Reduction of contact area between water and lipids B. Increase of contact area between water and lipids C. Polar interaction of lipids D. Ionization of lipids About 170 types of amino acids are found to occur in a cells. How many are involved in making proteins? A. 170 amino acids B. 20 amino acids C. 25 amino acids D. 150 amino acids The anticodon loop of the (RNA that complements mRNA is: A. 8 loop B. D loop C. Middle loop D. Alpha loop The individual chemical property of an amino acid is determined by which of the following groups?,Alpha carbon,Amino group,Carboxyl group,Variable group Identify the organic compound that combines with phosphatidic acid to form lecithin:,,D,,ocr_visual,NUMS-2025,59
1364,2025-nums-2025-147-1364,2025,NUMS-2025,,Biology,147,Q. 137 Q. 138 Q. 139 Q. 140 Q. 141 Q. 142 Q. 143 Q. 144 Q. 145 Q. 146 Q. 147 Q. 148 Q. 149 Which symptoms disappear after few months in an asymptomatic carrier of HIV? A. Loss of memory B. Swollen lymph gland C. Weight loss D. Night sweats The primary purpose of photosystem - II in thylakoid membrane is: A. Synthesis of ATP B. Oxidation of water C. Reduction of NADP* to NADPH D. Oxidation of cytochrome In glycolysis glucose is: A. Oxidized into pyruvic acid B. Reduced into pyruvate C. Broken down to G3P D. Reduced to NADPH The final electron acceptor in respiratory electron transport chain in mitochondria is: A. FAD* B. NADP* C. CO2 D. Oz Water is present in all living systems as universal solvent because of: A. Its cohesive force B. Its polar nature C. High specific heat D. High evaporation rate Which of the following sugar molecules are condensed to produce sucrose? A. Glucose & galactose B. Glucose & fructose C. Glucose & glucose D. Glucose & fructose 6-phosphate The integral property of lipid bilayer in a cell membrane is due to: A. Reduction of contact area between water and lipids B. Increase of contact area between water and lipids C. Polar interaction of lipids D. Ionization of lipids About 170 types of amino acids are found to occur in a cells. How many are involved in making proteins? A. 170 amino acids B. 20 amino acids C. 25 amino acids D. 150 amino acids The anticodon loop of the (RNA that complements mRNA is: A. 8 loop B. D loop C. Middle loop D. Alpha loop The individual chemical property of an amino acid is determined by which of the following groups? A. Alpha carbon B. Amino group C. Carboxyl group D. Variable group Identify the organic compound that combines with phosphatidic acid to form lecithin:,Glycerin,Choline,Cholesterol,Fructose The biopolymer that makes fungal cell wall is:,,B,,ocr_visual,NUMS-2025,59
1365,2025-nums-2025-148-1365,2025,NUMS-2025,,Biology,148,Q. 137 Q. 138 Q. 139 Q. 140 Q. 141 Q. 142 Q. 143 Q. 144 Q. 145 Q. 146 Q. 147 Q. 148 Q. 149 Which symptoms disappear after few months in an asymptomatic carrier of HIV? A. Loss of memory B. Swollen lymph gland C. Weight loss D. Night sweats The primary purpose of photosystem - II in thylakoid membrane is: A. Synthesis of ATP B. Oxidation of water C. Reduction of NADP* to NADPH D. Oxidation of cytochrome In glycolysis glucose is: A. Oxidized into pyruvic acid B. Reduced into pyruvate C. Broken down to G3P D. Reduced to NADPH The final electron acceptor in respiratory electron transport chain in mitochondria is: A. FAD* B. NADP* C. CO2 D. Oz Water is present in all living systems as universal solvent because of: A. Its cohesive force B. Its polar nature C. High specific heat D. High evaporation rate Which of the following sugar molecules are condensed to produce sucrose? A. Glucose & galactose B. Glucose & fructose C. Glucose & glucose D. Glucose & fructose 6-phosphate The integral property of lipid bilayer in a cell membrane is due to: A. Reduction of contact area between water and lipids B. Increase of contact area between water and lipids C. Polar interaction of lipids D. Ionization of lipids About 170 types of amino acids are found to occur in a cells. How many are involved in making proteins? A. 170 amino acids B. 20 amino acids C. 25 amino acids D. 150 amino acids The anticodon loop of the (RNA that complements mRNA is: A. 8 loop B. D loop C. Middle loop D. Alpha loop The individual chemical property of an amino acid is determined by which of the following groups? A. Alpha carbon B. Amino group C. Carboxyl group D. Variable group Identify the organic compound that combines with phosphatidic acid to form lecithin: A. Glycerin B. Choline C. Cholesterol D. Fructose The biopolymer that makes fungal cell wall is:,Peptidoglycan,Chitin,Lignin,Pectin The main function of Golgi complex is:,,B,,ocr_visual,NUMS-2025,59
1366,2025-nums-2025-149-1366,2025,NUMS-2025,,Biology,149,Q. 137 Q. 138 Q. 139 Q. 140 Q. 141 Q. 142 Q. 143 Q. 144 Q. 145 Q. 146 Q. 147 Q. 148 Q. 149 Which symptoms disappear after few months in an asymptomatic carrier of HIV? A. Loss of memory B. Swollen lymph gland C. Weight loss D. Night sweats The primary purpose of photosystem - II in thylakoid membrane is: A. Synthesis of ATP B. Oxidation of water C. Reduction of NADP* to NADPH D. Oxidation of cytochrome In glycolysis glucose is: A. Oxidized into pyruvic acid B. Reduced into pyruvate C. Broken down to G3P D. Reduced to NADPH The final electron acceptor in respiratory electron transport chain in mitochondria is: A. FAD* B. NADP* C. CO2 D. Oz Water is present in all living systems as universal solvent because of: A. Its cohesive force B. Its polar nature C. High specific heat D. High evaporation rate Which of the following sugar molecules are condensed to produce sucrose? A. Glucose & galactose B. Glucose & fructose C. Glucose & glucose D. Glucose & fructose 6-phosphate The integral property of lipid bilayer in a cell membrane is due to: A. Reduction of contact area between water and lipids B. Increase of contact area between water and lipids C. Polar interaction of lipids D. Ionization of lipids About 170 types of amino acids are found to occur in a cells. How many are involved in making proteins? A. 170 amino acids B. 20 amino acids C. 25 amino acids D. 150 amino acids The anticodon loop of the (RNA that complements mRNA is: A. 8 loop B. D loop C. Middle loop D. Alpha loop The individual chemical property of an amino acid is determined by which of the following groups? A. Alpha carbon B. Amino group C. Carboxyl group D. Variable group Identify the organic compound that combines with phosphatidic acid to form lecithin: A. Glycerin B. Choline C. Cholesterol D. Fructose The biopolymer that makes fungal cell wall is: A. Peptidoglycan B. Chitin C. Lignin D. Pectin The main function of Golgi complex is:,Lipogenesis,Protein synthesis,Packing and processing of cell secretions,Detoxification SKN 03100121696 Page 1212,,C,,ocr_visual,NUMS-2025,59
1367,2025-sindh-mdcat-2025-1-1367,2025,SINDH-MDCAT-2025,Version-B,Biology,1,"1-81 . How many NADH are produced, when one Acetyl co-A is oxidized during Krebs's cycle?",1,2,3,6,,C,,ocr_visual,SINDH-MDCAT-2025 Version-B,61
1368,2025-sindh-mdcat-2025-2-1368,2025,SINDH-MDCAT-2025,Version-B,Biology,2,. Which of the following best describes glycoproteins?,Proteins linked with carbohydrates,Proteins linked with DNA,Proteins linked with lipids,Proteins linked with minerals,,A,,ocr_visual,SINDH-MDCAT-2025 Version-B,61
1369,2025-sindh-mdcat-2025-3-1369,2025,SINDH-MDCAT-2025,Version-B,Biology,3,. The function which is common between Cerebellum and Hippocampus is;,Equilibrium,Memory formation,Body positioning,Sexual arousal,,B,,ocr_visual,SINDH-MDCAT-2025 Version-B,61
1370,2025-sindh-mdcat-2025-4-1370,2025,SINDH-MDCAT-2025,Version-B,Biology,4,". In males, which of the following is considered as a urogenital organ?",Urethra,Ureter,Urinary bladder,Vas deferens,,A,,ocr_visual,SINDH-MDCAT-2025 Version-B,61
1371,2025-sindh-mdcat-2025-5-1371,2025,SINDH-MDCAT-2025,Version-B,Biology,5,. The most common type of arthritis is:,Gout,Rheumatoid arthritis,Osteoarthritis,Spondylitis,,C,,ocr_visual,SINDH-MDCAT-2025 Version-B,61
1372,2025-sindh-mdcat-2025-6-1372,2025,SINDH-MDCAT-2025,Version-B,Biology,6,. The other name for Interstitial cells in male testes is:,Leydig cell,Spermatogonia cell,Sertoli cell,Spermatocyte,,A,,ocr_visual,SINDH-MDCAT-2025 Version-B,61
1373,2025-sindh-mdcat-2025-7-1373,2025,SINDH-MDCAT-2025,Version-B,Biology,7,. Binding of hemoglobin with oxygen is catalyzed by the enzyme:,Carbonic anhydrase,Carboxylase,Oxygenase,Dehydrogenase,,A,,ocr_visual,SINDH-MDCAT-2025 Version-B,61
1374,2025-sindh-mdcat-2025-8-1374,2025,SINDH-MDCAT-2025,Version-B,Biology,8,. Transfer ofphosphate from one compound to the other compound requires an enzyme called:,Oxidoreductase,Transferase,Hydrolase,Ligase,,B,,ocr_visual,SINDH-MDCAT-2025 Version-B,61
1375,2025-sindh-mdcat-2025-9-1375,2025,SINDH-MDCAT-2025,Version-B,Biology,9,. Linkage of genes in Drosophila was first discovered by:,Thomas Hunt Morgan,Alfred Sturtevant,Gregor Mendel,Hugo de Vries,,A,,ocr_visual,SINDH-MDCAT-2025 Version-B,61
1376,2025-sindh-mdcat-2025-10-1376,2025,SINDH-MDCAT-2025,Version-B,Biology,10,10. Which phenomenon increases the chances ofvariations?,Crossing Over,Linkage,Epistasis,Dominance,,A,,ocr_visual,SINDH-MDCAT-2025 Version-B,62
1377,2025-sindh-mdcat-2025-11-1377,2025,SINDH-MDCAT-2025,Version-B,Biology,11,"11. When antibodies produced by B-cells, kill the antigens then it is called:",Cell mediated response,Passive response,Humoral response,Cells collaborated response,,C,,ocr_visual,SINDH-MDCAT-2025 Version-B,62
1378,2025-sindh-mdcat-2025-12-1378,2025,SINDH-MDCAT-2025,Version-B,Biology,12,12. B-Lymphocytes are formed and matured in:,Liver,Spleen,Bone marrow,Thymus,,C,,ocr_visual,SINDH-MDCAT-2025 Version-B,62
1379,2025-sindh-mdcat-2025-13-1379,2025,SINDH-MDCAT-2025,Version-B,Biology,13,13. Which of the following is a route of HIV transmission?,Unhygienic living conditions,Blood transfusion with contaminated blood,Hand shaking,Living together in the same room,,B,,ocr_visual,SINDH-MDCAT-2025 Version-B,62
1380,2025-sindh-mdcat-2025-14-1380,2025,SINDH-MDCAT-2025,Version-B,Biology,14,14. Which part of small intestine is responsible for nutrient absorption?,Duodenum,Jejunum,Ileum,Rectum,,B,,ocr_visual,SINDH-MDCAT-2025 Version-B,62
1381,2025-sindh-mdcat-2025-15-1381,2025,SINDH-MDCAT-2025,Version-B,Biology,15,15. Water can circulate in living organisms due to:,Surface tension and polarity,Cohesion and adhesion,Solubility in cells,Stable liquid range,,B,,ocr_visual,SINDH-MDCAT-2025 Version-B,62
1382,2025-sindh-mdcat-2025-16-1382,2025,SINDH-MDCAT-2025,Version-B,Biology,16,"16. If the disease is caused due to a defective gene located on the X chromosome, then defectives gene can only be transmitted to male offspring by the:",Female gamete,Male gamete,Bacteria,Mutation,,A,,ocr_visual,SINDH-MDCAT-2025 Version-B,62
1383,2025-sindh-mdcat-2025-17-1383,2025,SINDH-MDCAT-2025,Version-B,Biology,17,"17. Which group of viruses can cause diseases like influenza, measles and rabies?",Plant viruses,Animal viruses,Fungal viruses,Bacteriophages,,B,,ocr_visual,SINDH-MDCAT-2025 Version-B,62
1384,2025-sindh-mdcat-2025-18-1384,2025,SINDH-MDCAT-2025,Version-B,Biology,18,18. Which of the following biological molecule releases highest energy from its one gram?,Carbohydrates,Lipids,Protein,Water,,B,,ocr_visual,SINDH-MDCAT-2025 Version-B,63
1385,2025-sindh-mdcat-2025-19-1385,2025,SINDH-MDCAT-2025,Version-B,Biology,19,19. The best way to avoid AIDS is:,Preventive measures,Vaccination,Medication,Shots,,A,,ocr_visual,SINDH-MDCAT-2025 Version-B,63
1386,2025-sindh-mdcat-2025-20-1386,2025,SINDH-MDCAT-2025,Version-B,Biology,20,20. Which of the following substances pass through the glomerulus into Bowman's capsule?,Glucose,Red blood cells,Platelets,Albumin,,A,,ocr_visual,SINDH-MDCAT-2025 Version-B,63
1387,2025-sindh-mdcat-2025-21-1387,2025,SINDH-MDCAT-2025,Version-B,Biology,21,21. The appendix is attached to which part of large intestine?,Rectum,Caecum,Colon,Tleum,,B,,ocr_visual,SINDH-MDCAT-2025 Version-B,63
1388,2025-sindh-mdcat-2025-22-1388,2025,SINDH-MDCAT-2025,Version-B,Biology,22,22. Which structural characteristic is most accurate for arteries?,Thin walls with valves,Thick and muscular walls,Highly permeable walls,Large lumen lacking muscle,,B,,ocr_visual,SINDH-MDCAT-2025 Version-B,63
1389,2025-sindh-mdcat-2025-23-1389,2025,SINDH-MDCAT-2025,Version-B,Biology,23,23. A food sample contains long chains of amino acids bounded together. This indicates the presence of:,Carbohydrates,Lipids,Proteins,Nucleic acids,,C,,ocr_visual,SINDH-MDCAT-2025 Version-B,63
1390,2025-sindh-mdcat-2025-24-1390,2025,SINDH-MDCAT-2025,Version-B,Biology,24,24. Monoclonal antibodies are useful in cancer diagnosis by:,Replacing damaged tissue,Changing the genetic code of cancer cells,Killing healthy cells to reduce tumor spread,Detecting specific tumor markers in samples,,D,,ocr_visual,SINDH-MDCAT-2025 Version-B,63
1391,2025-sindh-mdcat-2025-25-1391,2025,SINDH-MDCAT-2025,Version-B,Biology,25,25. The main function of the pharynx in respiratory system:,Serves as passage for both food and air,Produces mucus,Produces voice,Filters air,,A,,ocr_visual,SINDH-MDCAT-2025 Version-B,63
1392,2025-sindh-mdcat-2025-26-1392,2025,SINDH-MDCAT-2025,Version-B,Biology,26,26. The main cause of acute kidney failure is:,Less sweating,Hypothermia,Liver failure,Drinking of excess water,,C,,ocr_visual,SINDH-MDCAT-2025 Version-B,63
1393,2025-sindh-mdcat-2025-27-1393,2025,SINDH-MDCAT-2025,Version-B,Biology,27,"27. During diastole, the heart chambers:",Relax and fill with blood,Contract strongly,Eject blood into arteries,Remain closed,,A,,ocr_visual,SINDH-MDCAT-2025 Version-B,64
1394,2025-sindh-mdcat-2025-28-1394,2025,SINDH-MDCAT-2025,Version-B,Biology,28,"28. Kidneys perform their osmoregulatory role under the effect ofAntidiuretic Hormone, which type ofurine is produced in this situation?",Hypotonic urine with decreased volume,Hypotonic urine with increased volume,Hypertonic urine with decreased volume,Hypertonic urine with increased volume,,C,,ocr_visual,SINDH-MDCAT-2025 Version-B,64
1395,2025-sindh-mdcat-2025-29-1395,2025,SINDH-MDCAT-2025,Version-B,Biology,29,29. A person has swollen lymph nodes after throat infection. What does this indicate?,Failure of circulatory system,Extra glucose storage,Active immune response,Blockage of digestive track,,C,,ocr_visual,SINDH-MDCAT-2025 Version-B,64
1396,2025-sindh-mdcat-2025-30-1396,2025,SINDH-MDCAT-2025,Version-B,Biology,30,30. Which of the following is correct about the structure of brain?,Cerebral cortex is outer part consists of grey matter,Cerebral medulla is inner part consists of grey matter,Cerebral cortex is inner part consists of white matter,Cerebral medulla is outer part consists of white matter,,A,,ocr_visual,SINDH-MDCAT-2025 Version-B,64
1397,2025-sindh-mdcat-2025-31-1397,2025,SINDH-MDCAT-2025,Version-B,Biology,31,"31. Under a microscope plant cells appeared rigid in shape, unlike flexible animal cells. Which structure explain this difference?",Cell wall,Vacuole,Cytoskeleton,Plasma membrane,,A,,ocr_visual,SINDH-MDCAT-2025 Version-B,64
1398,2025-sindh-mdcat-2025-32-1398,2025,SINDH-MDCAT-2025,Version-B,Biology,32,32. Which type ofjoint allows bending of the elbow joint and has a synovial cavity?,Cartilaginous joint,Fibrous joint,Pubic symphysis,Hinge joint,,D,,ocr_visual,SINDH-MDCAT-2025 Version-B,64
1399,2025-sindh-mdcat-2025-33-1399,2025,SINDH-MDCAT-2025,Version-B,Biology,33,33. If a round seeded pea plant is self-fertilized and all of its offspring are also round seeded:,Both parents and offspring must be true breed,Both parents and offspring may be true breed,Only parents but not offspring will be true breed,Only offspring but not parents will be true breed,,A,,ocr_visual,SINDH-MDCAT-2025 Version-B,64
1400,2025-sindh-mdcat-2025-34-1400,2025,SINDH-MDCAT-2025,Version-B,Biology,34,34. A student observes a microorganism under a microscope that lacks a nucleus and is made ofa single cell. Which classification would best fit this organism?,Unicellular prokaryote,Unicellular eukaryote,Multicellular eukaryote,Multicellular prokaryote,,A,,ocr_visual,SINDH-MDCAT-2025 Version-B,64
1401,2025-sindh-mdcat-2025-35-1401,2025,SINDH-MDCAT-2025,Version-B,Biology,35,35. In biotechnology vaccines can be developed by cloning of:,Gene for antigen ofpathogen,Gene for receptor of the patient,Gene for antigen ofpatient,Gene for antibody of patient,,A,,ocr_visual,SINDH-MDCAT-2025 Version-B,65
1402,2025-sindh-mdcat-2025-36-1402,2025,SINDH-MDCAT-2025,Version-B,Biology,36,36. Atrioventricular valve closed during which phase of cardiac cycle:,Ventricular systole,Ventricular diastole,Atrial systole,Atrial diastole,,A,,ocr_visual,SINDH-MDCAT-2025 Version-B,65
1403,2025-sindh-mdcat-2025-37-1403,2025,SINDH-MDCAT-2025,Version-B,Biology,37,"37. If “RRYY” is crossed with “rryy”, what will be the ratio of “RRYY” to “rryy” in F2 generation?",9:3:3:1,3:1,1:3,1:1,,D,,ocr_visual,SINDH-MDCAT-2025 Version-B,65
1404,2025-sindh-mdcat-2025-38-1404,2025,SINDH-MDCAT-2025,Version-B,Biology,38,38. Name the idea of Darwin that best explains the ability of populations to reproduce those individuals who possess beneficial traits.,Gene flow,Genetic drift,Artificial selection,Natural selection,,D,,ocr_visual,SINDH-MDCAT-2025 Version-B,65
1405,2025-sindh-mdcat-2025-39-1405,2025,SINDH-MDCAT-2025,Version-B,Biology,39,39. At least how many saccharide units must be present in polysaccharide?,1,2,10,11,,D,,ocr_visual,SINDH-MDCAT-2025 Version-B,65
1406,2025-sindh-mdcat-2025-40-1406,2025,SINDH-MDCAT-2025,Version-B,Biology,40,40. A doctor taps below the knee and the leg kicks forward. What does this show?,A conditional response,Voluntary muscle contractions,An involuntary reflex to external stimuli,A delayed response due to brain processing,,C,,ocr_visual,SINDH-MDCAT-2025 Version-B,65
1407,2025-sindh-mdcat-2025-41-1407,2025,SINDH-MDCAT-2025,Version-B,Biology,41,"41. If fertilization does not occur, which part ofuterus degenerate?",Myometrium,Endometrium,Perimetrium,Cervix,,B,,ocr_visual,SINDH-MDCAT-2025 Version-B,65
1408,2025-sindh-mdcat-2025-42-1408,2025,SINDH-MDCAT-2025,Version-B,Biology,42,42. Which process uses mRNA to make protein at ribosomes?,Replication,Transcription,Translation,Cell fractionation,,B,,ocr_visual,SINDH-MDCAT-2025 Version-B,65
1409,2025-sindh-mdcat-2025-43-1409,2025,SINDH-MDCAT-2025,Version-B,Biology,43,43. Which of the following is the sexually transmitted disease?,Syphilis,Lung Cancer,Tuberculosis,Autoimmune disorders,,A,,ocr_visual,SINDH-MDCAT-2025 Version-B,65
1410,2025-sindh-mdcat-2025-44-1410,2025,SINDH-MDCAT-2025,Version-B,Biology,44,44. The Golgi apparatus is structurally made of a series of flattened membrane bounded sacs:,Grana,Cristae,Cisternae,Vesicles,,C,,ocr_visual,SINDH-MDCAT-2025 Version-B,66
1411,2025-sindh-mdcat-2025-45-1411,2025,SINDH-MDCAT-2025,Version-B,Biology,45,45. Which type of change is a nerve impulse?,Electrical and mechanical change,Chemical and mechanical change,Electrical and chemical change,Chemical change only,,C,,ocr_visual,SINDH-MDCAT-2025 Version-B,66
1412,2025-sindh-mdcat-2025-46-1412,2025,SINDH-MDCAT-2025,Version-B,Biology,46,46. Which of the following fluid flows through the lymphatic vessels?,Plasma,Lymph,Bile,Serum,,B,,ocr_visual,SINDH-MDCAT-2025 Version-B,66
1413,2025-sindh-mdcat-2025-47-1413,2025,SINDH-MDCAT-2025,Version-B,Biology,47,47. Which one of the following is the most common nitrogenous waste excreted in urine of a healthy human?,Ammonia,Urea,Uric Acid,Creatinine,,B,,ocr_visual,SINDH-MDCAT-2025 Version-B,66
1414,2025-sindh-mdcat-2025-48-1414,2025,SINDH-MDCAT-2025,Version-B,Biology,48,48. Hippocampus mainly involved in:,Vision and hearing reflexes,Voluntary muscles movement,Memory storage,Speech production,,C,,ocr_visual,SINDH-MDCAT-2025 Version-B,66
1415,2025-sindh-mdcat-2025-49-1415,2025,SINDH-MDCAT-2025,Version-B,Biology,49,49. The covalently bonded non protein part of enzyme is called:,Activator,Prosthetic group,Coenzyme,Apoenzyme,,B,,ocr_visual,SINDH-MDCAT-2025 Version-B,66
1416,2025-sindh-mdcat-2025-50-1416,2025,SINDH-MDCAT-2025,Version-B,Biology,50,50. The outer surface of the axon membrane in a resting neuron is:,Negative due to sodium ions,Positive due to sodium ions,Positive due to potassium ions,Neutral due to balanced ions,,B,,ocr_visual,SINDH-MDCAT-2025 Version-B,66
1417,2025-sindh-mdcat-2025-51-1417,2025,SINDH-MDCAT-2025,Version-B,Biology,51,51. Which class of animals excrete ammonia as their primary nitrogenous waste?,Uricotelic,Urotelic,Ammonotelic,Ureotelic,,C,,ocr_visual,SINDH-MDCAT-2025 Version-B,66
1418,2025-sindh-mdcat-2025-52-1418,2025,SINDH-MDCAT-2025,Version-B,Biology,52,52. Which of the following best describes the direction of impulse traveling in a typical neuron?,AXon....... dendrite ...... cell body,Dendrite ..... cell body ...... axon,Synapse ..... aXOn ...... dendrite,Cell body ..... dendrite ...... axon,,B,,ocr_visual,SINDH-MDCAT-2025 Version-B,66
1419,2025-sindh-mdcat-2025-53-1419,2025,SINDH-MDCAT-2025,Version-B,Biology,53,53. Homopolysaccharide that is found in the cell wall of fungi and in the exoskeleton of arthropods is:,Cellulose,Glycogen,Starch,Chitin,,D,,ocr_visual,SINDH-MDCAT-2025 Version-B,67
1420,2025-sindh-mdcat-2025-54-1420,2025,SINDH-MDCAT-2025,Version-B,Biology,54,54. The most abundant lipids in living things are:,Terpenes,Waxes,Steroids,Acylglycerols,,D,,ocr_visual,SINDH-MDCAT-2025 Version-B,67
1421,2025-sindh-mdcat-2025-55-1421,2025,SINDH-MDCAT-2025,Version-B,Biology,55,55. Name the type of bond that join amino acids to form a polypeptide chain:,Hydrogen bond,Ionic bond,Glycosidic bond,Peptide bond,,D,,ocr_visual,SINDH-MDCAT-2025 Version-B,67
1422,2025-sindh-mdcat-2025-56-1422,2025,SINDH-MDCAT-2025,Version-B,Biology,56,56. Which of the following is not a globular protein?,Enzyme,Hormone,Channel protein,Collagen,,D,,ocr_visual,SINDH-MDCAT-2025 Version-B,67
1423,2025-sindh-mdcat-2025-57-1423,2025,SINDH-MDCAT-2025,Version-B,Biology,57,57. Which specialized cells of liver perform phagocytic function?,Kupffer cells,Schwann cells,Parietal cells,Chief cells,,A,,ocr_visual,SINDH-MDCAT-2025 Version-B,67
1424,2025-sindh-mdcat-2025-58-1424,2025,SINDH-MDCAT-2025,Version-B,Biology,58,"58. According to Darwin, the main force behind evolution is:",Migration,Genetic mutation,Artificial selection,Natural selection,,D,,ocr_visual,SINDH-MDCAT-2025 Version-B,67
1425,2025-sindh-mdcat-2025-59-1425,2025,SINDH-MDCAT-2025,Version-B,Biology,59,"59. Beside fertilization, the function of fallopian tube is:",Nourishment of embryo,Transport of ovum towards uterus,Secretion of female hormones,Implantation of zygote,,B,,ocr_visual,SINDH-MDCAT-2025 Version-B,67
1426,2025-sindh-mdcat-2025-60-1426,2025,SINDH-MDCAT-2025,Version-B,Biology,60,60. Which property ofwater allows it to stick to polar surface like wood?,Density,Adhesion,Cohesion,Non-polar attraction,,B,,ocr_visual,SINDH-MDCAT-2025 Version-B,67
1427,2025-sindh-mdcat-2025-61-1427,2025,SINDH-MDCAT-2025,Version-B,Biology,61,61. The water content ofhuman kidney is regulated by ADH. Which of the following gland is involved in its secretion process?,Adrenal gland,Pituitary gland,Thyroid gland,Parathyroid gland,,B,,ocr_visual,SINDH-MDCAT-2025 Version-B,68
1428,2025-sindh-mdcat-2025-62-1428,2025,SINDH-MDCAT-2025,Version-B,Biology,62,62. Overconsumption of which of the following foods increases the risk of calcium oxalate stone?,Leafy vegetables,Fruits contain Vitamin C,Fruits contain high fiber,Whole grains,,A,,ocr_visual,SINDH-MDCAT-2025 Version-B,68
1429,2025-sindh-mdcat-2025-63-1429,2025,SINDH-MDCAT-2025,Version-B,Biology,63,63. Which product is produced by genetically modified bacteria for patients with Diabetes mellites?,Insulin,Erythropoietin,Growth hormone,Vaccine,,A,,ocr_visual,SINDH-MDCAT-2025 Version-B,68
1430,2025-sindh-mdcat-2025-64-1430,2025,SINDH-MDCAT-2025,Version-B,Biology,64,64. Which changes occur in the endometrium during the proliferate phase ofthe menstrual cycle?,It begins to shed,It regenerates and thickens,It becomes secretory,No change occurs,,B,,ocr_visual,SINDH-MDCAT-2025 Version-B,68
1431,2025-sindh-mdcat-2025-65-1431,2025,SINDH-MDCAT-2025,Version-B,Biology,65,65. Role of mRNA in COVID-19 vaccines like Pfizer and Moderna is to:,Helps the immune system recognize the virus,Instructs cells to produce the viral spike protein,Triggers immediate antibody release from memory cells,Delivers enzymes that destroy the virus,,B,,ocr_visual,SINDH-MDCAT-2025 Version-B,68
1432,2025-sindh-mdcat-2025-66-1432,2025,SINDH-MDCAT-2025,Version-B,Biology,66,66. Living cells of cartilage are called as:,Osteocytes,Thrombocytes,Chondrocytes,Osteoblasts,,C,,ocr_visual,SINDH-MDCAT-2025 Version-B,68
1433,2025-sindh-mdcat-2025-67-1433,2025,SINDH-MDCAT-2025,Version-B,Biology,67,"67. The regulator of muscle contraction, which is released from sarcoplasmic reticulum is:",Tropomyosin,Troponin,Calcium ions,ATP,,C,,ocr_visual,SINDH-MDCAT-2025 Version-B,68
1434,2025-sindh-mdcat-2025-68-1434,2025,SINDH-MDCAT-2025,Version-B,Biology,68,68. Automatic and rapid actions that do not involve the conscious part of brain is:,Reflex actions,Conditioned reflexes,Taxes,Synapses,,A,,ocr_visual,SINDH-MDCAT-2025 Version-B,68
1435,2025-sindh-mdcat-2025-69-1435,2025,SINDH-MDCAT-2025,Version-B,Biology,69,69. Crossing over involves exchange of genetic material between:,Sister chromatids of same chromosome,Non-sister chromatids of homologous chromosomes,Chromatids of non-homologous chromosomes,Sister chromatids of homologous chromosomes,,B,,ocr_visual,SINDH-MDCAT-2025 Version-B,68
1436,2025-sindh-mdcat-2025-70-1436,2025,SINDH-MDCAT-2025,Version-B,Biology,70,70. Name the biomolecule essential for information storage and transmission within cells.,Carbohydrates,Lipids,Nucleic acids,Proteins,,C,,ocr_visual,SINDH-MDCAT-2025 Version-B,69
1437,2025-sindh-mdcat-2025-71-1437,2025,SINDH-MDCAT-2025,Version-B,Biology,71,71. What is the chemical composition of chromosomes?,RNA and lipids,DNA and proteins,Carbohydrates and nucleic acids,Proteins and carbohydrates,,B,,ocr_visual,SINDH-MDCAT-2025 Version-B,69
1438,2025-sindh-mdcat-2025-72-1438,2025,SINDH-MDCAT-2025,Version-B,Biology,72,72. Which of the following surrounds myofibril in skeletal muscle that stores and distributes calcium ions during muscle functioning?,Sarcolemma,Sarcoplasmic reticulum,Transverse tubules,Sarcoplasm,,B,,ocr_visual,SINDH-MDCAT-2025 Version-B,69
1439,2025-sindh-mdcat-2025-73-1439,2025,SINDH-MDCAT-2025,Version-B,Biology,73,73. Shivering thermogenesis involves:,Voluntary muscle contraction,Involuntary muscle contraction,Dehydration,Hormone secretion,,B,,ocr_visual,SINDH-MDCAT-2025 Version-B,69
1440,2025-sindh-mdcat-2025-74-1440,2025,SINDH-MDCAT-2025,Version-B,Biology,74,74. Guanine - cytosine pairs enhance DNA stability due to:,Larger size,Closer pairing,More hydrogen bonds,Double ring structure in both,,C,,ocr_visual,SINDH-MDCAT-2025 Version-B,69
1441,2025-sindh-mdcat-2025-75-1441,2025,SINDH-MDCAT-2025,Version-B,Biology,75,75. Which of the following neurons conduct impulses from sensory receptors to CNS:,Sensory neurons,Motor neurons,Efferent neurons,Interneurons,,A,,ocr_visual,SINDH-MDCAT-2025 Version-B,69
1442,2025-sindh-mdcat-2025-76-1442,2025,SINDH-MDCAT-2025,Version-B,Biology,76,76. Why Lamarck is being remembered till today?,Due to his rejected but appealing theory ofheredity,Due to his universally acceptable theory of evolution,Due to his accepted theory ofheredity,Due to his theory of evolution by natural selection,,A,,ocr_visual,SINDH-MDCAT-2025 Version-B,69
1443,2025-sindh-mdcat-2025-77-1443,2025,SINDH-MDCAT-2025,Version-B,Biology,77,77. Which of the following is NOT related to DNA?,Adenine,Thymine,Uracil,Guanine,,C,,ocr_visual,SINDH-MDCAT-2025 Version-B,69
1444,2025-sindh-mdcat-2025-78-1444,2025,SINDH-MDCAT-2025,Version-B,Biology,78,"78. If a male with hemophilia marries a non-carrier female, what is the likelihood of their sons inheriting the condition?",50%,100%,0%,25%,,C,,ocr_visual,SINDH-MDCAT-2025 Version-B,70
1445,2025-sindh-mdcat-2025-79-1445,2025,SINDH-MDCAT-2025,Version-B,Biology,79,79. Which of the following is a characteristic of a non-competitive enzyme inhibitor?,Binds to the enzyme active site,Can be overcome by increasing substrate concentration,Increases the speed of the reaction,Point of action is allosteric site,,D,,ocr_visual,SINDH-MDCAT-2025 Version-B,70
1446,2025-sindh-mdcat-2025-80-1446,2025,SINDH-MDCAT-2025,Version-B,Biology,80,80. Which of the following event prevent backflow of blood from ventricles to atria during ventricular systole?,Contraction of the atrial wall muscles,Closure oftricuspid and bicuspid valves,Opening of semilunar valve,Opening of tricuspid and bicuspid valves,,B,,ocr_visual,SINDH-MDCAT-2025 Version-B,70
1447,2025-sindh-mdcat-2025-81-1447,2025,SINDH-MDCAT-2025,Version-B,Biology,81,81. In the following process the cells release energy from oxidation of food molecules?,Cellular respiration,Photosynthesis,DNA replication,Protein synthesis 82 — 126,,A,,ocr_visual,SINDH-MDCAT-2025 Version-B,70
1448,2025-sindh-mdcat-2025-82-1448,2025,SINDH-MDCAT-2025,Version-B,Chemistry,82,82. What is 50% yield when actual yield and theoretical yield are 2 g and 4 g respectively?,25%,50%,75%,85%,,A,,ocr_visual,SINDH-MDCAT-2025 Version-B,71
1449,2025-sindh-mdcat-2025-83-1449,2025,SINDH-MDCAT-2025,Version-B,Chemistry,83,83. IUPAC name of CHCC1 is:,Chloroethane,Chloroethyne,Chloroethene,Ethylchloride,,B,,ocr_visual,SINDH-MDCAT-2025 Version-B,71
1450,2025-sindh-mdcat-2025-84-1450,2025,SINDH-MDCAT-2025,Version-B,Chemistry,84,84. The order ofreactivity of following R-X for SN? reaction is:,RF>RCI>RBr>RI,RBr>RF>RCI>RI,RCl>RF>RBr>RI,RI>RBr>RCI>RF,,D,,ocr_visual,SINDH-MDCAT-2025 Version-B,71
1451,2025-sindh-mdcat-2025-85-1451,2025,SINDH-MDCAT-2025,Version-B,Chemistry,85,"85. Among the following compound, the most susceptible to nucleophilic attack on carbonyl carbon is:",CHsCOCI,CHsCHO,CHsCOOCHs,CHsCOOCOCH:,,A,,ocr_visual,SINDH-MDCAT-2025 Version-B,71
1452,2025-sindh-mdcat-2025-86-1452,2025,SINDH-MDCAT-2025,Version-B,Chemistry,86,86. Which of the following is expected to be the most paramagnetic?,sLi,aBe,5B,6C,,D,,ocr_visual,SINDH-MDCAT-2025 Version-B,71
1453,2025-sindh-mdcat-2025-87-1453,2025,SINDH-MDCAT-2025,Version-B,Chemistry,87,87. The formation of activated complex in a reaction is:,Exothermic process,Endothermic process,Either endo or exo,Always energy released,,B,,ocr_visual,SINDH-MDCAT-2025 Version-B,71
1454,2025-sindh-mdcat-2025-88-1454,2025,SINDH-MDCAT-2025,Version-B,Chemistry,88,88. The maximum probability of finding an electron is at a distance of:,0.53 nm,0.35 nm,0.053 nm,0.0053 nm,,C,,ocr_visual,SINDH-MDCAT-2025 Version-B,71
1455,2025-sindh-mdcat-2025-89-1455,2025,SINDH-MDCAT-2025,Version-B,Chemistry,89,89. The IUPAC name ofVinyl acetylene is:,But-l-en-3-yne,But-3-en-1-yne,Pent-3-en-1l-yne,Pent-2-en-4-yne,,A,,ocr_visual,SINDH-MDCAT-2025 Version-B,71
1456,2025-sindh-mdcat-2025-90-1456,2025,SINDH-MDCAT-2025,Version-B,Chemistry,90,90. Which atom has at least single electron in dumbell shape orbital?,H,He,Li,B,,D,,ocr_visual,SINDH-MDCAT-2025 Version-B,71
1457,2025-sindh-mdcat-2025-91-1457,2025,SINDH-MDCAT-2025,Version-B,Chemistry,91,91. Which of following adhesive is used to bond broken pieces ofjewelry?,Super glue,Epoxy resin,Silicon resin,Starch,,A,,ocr_visual,SINDH-MDCAT-2025 Version-B,72
1458,2025-sindh-mdcat-2025-92-1458,2025,SINDH-MDCAT-2025,Version-B,Chemistry,92,92. Ratio of sigma bonds and pi bonds present in benzene are:,4:1,1:4,2:3,6:1,,A,,ocr_visual,SINDH-MDCAT-2025 Version-B,72
1459,2025-sindh-mdcat-2025-93-1459,2025,SINDH-MDCAT-2025,Version-B,Chemistry,93,93. Which one is addition polymer?,polyvinyl chloride,"nylon 6,6","nylon 6,10",polyester,,A,,ocr_visual,SINDH-MDCAT-2025 Version-B,72
1460,2025-sindh-mdcat-2025-94-1460,2025,SINDH-MDCAT-2025,Version-B,Chemistry,94,94. When one mole of a substance is decomposed preferably as compared to evaporation then decomposition has:,Low energy,High energy,Equal energy,Cannot predicted,,A,,ocr_visual,SINDH-MDCAT-2025 Version-B,72
1461,2025-sindh-mdcat-2025-95-1461,2025,SINDH-MDCAT-2025,Version-B,Chemistry,95,95. At start of reaction:,Average rate is high,Instantaneous rate is high,Both rates are same,Both rates are slow,,B,,ocr_visual,SINDH-MDCAT-2025 Version-B,72
1462,2025-sindh-mdcat-2025-96-1462,2025,SINDH-MDCAT-2025,Version-B,Chemistry,96,96. Which is not true about benzene:,Sp? hybridization,Fractional bond order,No elimination reaction,6 sites for monosubstitution,,D,,ocr_visual,SINDH-MDCAT-2025 Version-B,72
1463,2025-sindh-mdcat-2025-97-1463,2025,SINDH-MDCAT-2025,Version-B,Chemistry,97,"97. During Clemmenson reduction of aldehyde and ketone, carbonyl group into alkane group is carried out with:",H2 and Pd,LiAlHa,Zn/Hg conc.HCl,NH2-NH2/KOH,,C,,ocr_visual,SINDH-MDCAT-2025 Version-B,72
1464,2025-sindh-mdcat-2025-98-1464,2025,SINDH-MDCAT-2025,Version-B,Chemistry,98,"98. Consider the given reaction: N2 + 3H2 — 2NH3 If 56 g of N2 reacts with 12 g ofH2 and produces 51 g of NHs, what is the theoretical yield (TY) and the percentage yield (PY) of the reaction? (Molar mass of N2 = 28 g/mol, H2 = 2 g/mol and NHs = 17 g/mol)",TY = 68 g and PY = 75%,TY =34 g and PY = 67%,TY = 68 g and PY = 33%,TY =34 g and PY = 75%,,A,,ocr_visual,SINDH-MDCAT-2025 Version-B,72
1465,2025-sindh-mdcat-2025-99-1465,2025,SINDH-MDCAT-2025,Version-B,Chemistry,99,99. When SHE is connected with Cu electrode using salt bridge and external wire:,Cu reduces,Cu reduces,H* reduces,Hz reduces,,B,,ocr_visual,SINDH-MDCAT-2025 Version-B,73
1466,2025-sindh-mdcat-2025-100-1466,2025,SINDH-MDCAT-2025,Version-B,Chemistry,100,The ionic compound among the following with the highest lattice energy is:,LiF,NaCl,KCl,CsI,,A,,ocr_visual,SINDH-MDCAT-2025 Version-B,73
1467,2025-sindh-mdcat-2025-101-1467,2025,SINDH-MDCAT-2025,Version-B,Chemistry,101,All of following have two bond pairs and show linear geometry except:,SnChk,CS2,HCN,COz,,A,,ocr_visual,SINDH-MDCAT-2025 Version-B,73
1468,2025-sindh-mdcat-2025-102-1468,2025,SINDH-MDCAT-2025,Version-B,Chemistry,102,If ionization energy of an element is greater then:,More is it's reducing power,More is it's electropositivity,Less is it's metallic character,More is it's atomic radius,,C,,ocr_visual,SINDH-MDCAT-2025 Version-B,73
1469,2025-sindh-mdcat-2025-103-1469,2025,SINDH-MDCAT-2025,Version-B,Chemistry,103,Which compound will not show geometrical isomerism:,But-2-ene,"1,2-dimethylcyclopropane",Pent-l-ene,"1,3-dimethylcyclopentane",,C,,ocr_visual,SINDH-MDCAT-2025 Version-B,73
1470,2025-sindh-mdcat-2025-104-1470,2025,SINDH-MDCAT-2025,Version-B,Chemistry,104,The mass ofhydrogen gas needed to produce 51g ammonia:,6g,9g,12g,15g,,B,,ocr_visual,SINDH-MDCAT-2025 Version-B,73
1471,2025-sindh-mdcat-2025-105-1471,2025,SINDH-MDCAT-2025,Version-B,Chemistry,105,Digestion ofprotein started when food enters in:,Mouth,Stomach,Intestine,Epiglottis,,B,,ocr_visual,SINDH-MDCAT-2025 Version-B,73
1472,2025-sindh-mdcat-2025-106-1472,2025,SINDH-MDCAT-2025,Version-B,Chemistry,106,Select the standard condition for temperature and pressure:,1 atm and OK,760 torr and 25°C,2 bar and 25°C,14.7 psi and 0°C,,D,,ocr_visual,SINDH-MDCAT-2025 Version-B,73
1473,2025-sindh-mdcat-2025-107-1473,2025,SINDH-MDCAT-2025,Version-B,Chemistry,107,Which ofthe following is NOTa state function?,Enthalpy,Work,Internal energy,Pressure,,B,,ocr_visual,SINDH-MDCAT-2025 Version-B,73
1474,2025-sindh-mdcat-2025-108-1474,2025,SINDH-MDCAT-2025,Version-B,Chemistry,108,Which one is not a type of stereoisomerism?,Confirmational isomerism,Optical isomerism,Geometrical isomerism,Metamerism,,D,,ocr_visual,SINDH-MDCAT-2025 Version-B,74
1475,2025-sindh-mdcat-2025-109-1475,2025,SINDH-MDCAT-2025,Version-B,Chemistry,109,Formic acid reacts with ethanol in presence of acid catalyst produces:,Ester,Ether,Acid anhydride,Phenol,,A,,ocr_visual,SINDH-MDCAT-2025 Version-B,74
1476,2025-sindh-mdcat-2025-110-1476,2025,SINDH-MDCAT-2025,Version-B,Chemistry,110,K is called specific rate constant because it is:,Rate per unit concentration,Temperature independent,Depends on concentration,Unitless,,A,,ocr_visual,SINDH-MDCAT-2025 Version-B,74
1477,2025-sindh-mdcat-2025-111-1477,2025,SINDH-MDCAT-2025,Version-B,Chemistry,111,Number of sigma bonds in methyl chloride is due to sp?-s overlap is/are:,1,2,3,4,,C,,ocr_visual,SINDH-MDCAT-2025 Version-B,74
1478,2025-sindh-mdcat-2025-112-1478,2025,SINDH-MDCAT-2025,Version-B,Chemistry,112,When pressure is 1520 torr then density of oxygen gas will be:,64/RT,32/RT,16/RT,128/RT,,A,,ocr_visual,SINDH-MDCAT-2025 Version-B,74
1479,2025-sindh-mdcat-2025-113-1479,2025,SINDH-MDCAT-2025,Version-B,Chemistry,113,Which equation is used to calculate concentration for n mole of an ideal gas?,P/RT,PV/RT,PVM/RT,PM/RT,,A,,ocr_visual,SINDH-MDCAT-2025 Version-B,74
1480,2025-sindh-mdcat-2025-114-1480,2025,SINDH-MDCAT-2025,Version-B,Chemistry,114,"50g of Mg is burnt with 32g of oxygen to form MgO, amount of excess reagent left is?",6g Mg,2g Mg,8g Oz,16g O2,,B,,ocr_visual,SINDH-MDCAT-2025 Version-B,74
1481,2025-sindh-mdcat-2025-115-1481,2025,SINDH-MDCAT-2025,Version-B,Chemistry,115,Which carbonyl carbon is more electrophilic:,HCOOH,HCHO,CHs:COCH:,CHsCOOH,,B,,ocr_visual,SINDH-MDCAT-2025 Version-B,74
1482,2025-sindh-mdcat-2025-116-1482,2025,SINDH-MDCAT-2025,Version-B,Chemistry,116,116. The heat of formation of CO and CO: are -26.4 Kcal and -94.0 Kcal respectively. The heat of combustion of carbon monoxide according to Hess's Law will be:,+26.4Kcal,-67.6Kcal,+94.0Kcal,-120.4Kcal,,B,,ocr_visual,SINDH-MDCAT-2025 Version-B,75
1483,2025-sindh-mdcat-2025-117-1483,2025,SINDH-MDCAT-2025,Version-B,Chemistry,117,117. Rate of dehydration of alcohol is:,3°>2°>1°,1°>3°>2°,2°>3°>1°,3°>1°>2°,,A,,ocr_visual,SINDH-MDCAT-2025 Version-B,75
1484,2025-sindh-mdcat-2025-118-1484,2025,SINDH-MDCAT-2025,Version-B,Chemistry,118,"118. For which reaction, the value of Kc increases with increase in temperature?",CHa + O2 — CO2 + H20,NaOH + HCl — NaCl + H2O,2802 + O2 — 280s,Hp +L — 2HI,,D,,ocr_visual,SINDH-MDCAT-2025 Version-B,75
1485,2025-sindh-mdcat-2025-119-1485,2025,SINDH-MDCAT-2025,Version-B,Chemistry,119,119. Correct order of bond energy will be:,HCI>HBr>HI,HBr>HCI>HI,HI>HCI>HBr,HCI>HI>HBr,,A,,ocr_visual,SINDH-MDCAT-2025 Version-B,75
1486,2025-sindh-mdcat-2025-120-1486,2025,SINDH-MDCAT-2025,Version-B,Chemistry,120,120. Which ofthe following is least volatile?,Glycerol,Water,Acetic acid,Diethyl ether,,A,,ocr_visual,SINDH-MDCAT-2025 Version-B,75
1487,2025-sindh-mdcat-2025-121-1487,2025,SINDH-MDCAT-2025,Version-B,Chemistry,121,121. TUPAC name of the compound is CHsa(CH2)4CH(CHs)2:,2-methylheptane,3-methylheptane,4-methylheptane,Octane,,A,,ocr_visual,SINDH-MDCAT-2025 Version-B,75
1488,2025-sindh-mdcat-2025-122-1488,2025,SINDH-MDCAT-2025,Version-B,Chemistry,122,122. IUPAC name of the compound C2HsCH=C(CsH7:) C2Hs is:,"1,2-diethyl-2-propylethene",3-ethylhept-3-ene,4-ethylhept-3-ene,4-ethylhept-2-ene,,C,,ocr_visual,SINDH-MDCAT-2025 Version-B,75
1489,2025-sindh-mdcat-2025-123-1489,2025,SINDH-MDCAT-2025,Version-B,Chemistry,123,123. Which ofthe following molecules have similar molecular shape?,NHa & AICls,BCLs & NHs,AlCls & PCls,HoO & SnChk,,D,,ocr_visual,SINDH-MDCAT-2025 Version-B,75
1490,2025-sindh-mdcat-2025-124-1490,2025,SINDH-MDCAT-2025,Version-B,Chemistry,124,"124. Value of electronegativity of atoms A and B are 1.20 and 4.0 respectively, the percent ionic character will be:",43%,50%,55%,73%,,D,,ocr_visual,SINDH-MDCAT-2025 Version-B,75
1491,2025-sindh-mdcat-2025-125-1491,2025,SINDH-MDCAT-2025,Version-B,Chemistry,125,Phenol differs from ethanol because it:,Forms stronger hydrogen bonds to its aromatic ring,Is more acidic because of resonance stabilized conjugate base,Readily undergoes nucleophilic substitution at the -OH group,Is completely insoluble in water due to its benzene ring,,B,,ocr_visual,SINDH-MDCAT-2025 Version-B,76
1492,2025-sindh-mdcat-2025-126-1492,2025,SINDH-MDCAT-2025,Version-B,Chemistry,126,Which reagent and condition are used to bring about the reaction shown? Toluene — p-chloro toluene,Ch in the drak,Ch in the presence of AICls,Cl: in the presence ofUV light,Concentrated HCI heated under reflux 127 — 162,,B,,ocr_visual,SINDH-MDCAT-2025 Version-B,76
1493,2025-sindh-mdcat-2025-127-1493,2025,SINDH-MDCAT-2025,Version-B,Physics,127,"In a step-up transformer, if the secondary voltage is increased by a factor of 10, the current in secondary coil will be:",10 times higher than the primary current,10 times lower than the primary current,Equal to the primary current,One-tenth of the primary current in transformer,,D,,ocr_visual,SINDH-MDCAT-2025 Version-B,77
1494,2025-sindh-mdcat-2025-128-1494,2025,SINDH-MDCAT-2025,Version-B,Physics,128,"Whena droplet reaches terminal velocity, its acceleration is:",Zero,Variable,Not changed,Negative,,A,,ocr_visual,SINDH-MDCAT-2025 Version-B,77
1495,2025-sindh-mdcat-2025-129-1495,2025,SINDH-MDCAT-2025,Version-B,Physics,129,Newton's original formula underestimated speed of sound in air because he:,Ignored viscosity,Assumed isothermal,Considered vacuum conditions,Assumed adiabatic,,B,,ocr_visual,SINDH-MDCAT-2025 Version-B,77
1496,2025-sindh-mdcat-2025-130-1496,2025,SINDH-MDCAT-2025,Version-B,Physics,130,The point where the electric field is zero between two opposite charge lies:,Closer to the positive charge,At the mid-point,Closer to the negative charge,Nowhere between them,,D,,ocr_visual,SINDH-MDCAT-2025 Version-B,77
1497,2025-sindh-mdcat-2025-131-1497,2025,SINDH-MDCAT-2025,Version-B,Physics,131,Consider these two vectors A = 2i + 3j and B = -6i + 4j. The angle between these two vectors is:,0°,90°,120°,180°,,B,,ocr_visual,SINDH-MDCAT-2025 Version-B,77
1498,2025-sindh-mdcat-2025-132-1498,2025,SINDH-MDCAT-2025,Version-B,Physics,132,"A displacement time graph is a straight line inclined up at angle of 45° with X-axis, velocity of body according to this graph is:",Increasing,Decreasing,Constant,Decreasing at start and then may decrease,,C,,ocr_visual,SINDH-MDCAT-2025 Version-B,77
1499,2025-sindh-mdcat-2025-133-1499,2025,SINDH-MDCAT-2025,Version-B,Physics,133,A 150 kg car has its velocity reduced from 20 m/s to 10 m/s in 3.0 sec. How large was the average retarding force?,500 N,2500 N,1500 N,1000 N,,A,,ocr_visual,SINDH-MDCAT-2025 Version-B,77
1500,2025-sindh-mdcat-2025-134-1500,2025,SINDH-MDCAT-2025,Version-B,Physics,134,The phenomenon of interference of sound waves requires:,Two sources with different frequencies,Two coherent sources,A single source,A single source and a reflecting surface,,B,,ocr_visual,SINDH-MDCAT-2025 Version-B,77
1501,2025-sindh-mdcat-2025-135-1501,2025,SINDH-MDCAT-2025,Version-B,Physics,135,A gas expands from m? to 3 m? at constant pressure of 2 Pa. Work done is:,2J,4J,6J,8J,,B,,ocr_visual,SINDH-MDCAT-2025 Version-B,78
1502,2025-sindh-mdcat-2025-136-1502,2025,SINDH-MDCAT-2025,Version-B,Physics,136,"If frequency of AC is doubled, the inductive reactance will:",Remain same,Be halved,Be doubled,Become zero,,C,,ocr_visual,SINDH-MDCAT-2025 Version-B,78
1503,2025-sindh-mdcat-2025-137-1503,2025,SINDH-MDCAT-2025,Version-B,Physics,137,"The force between two charges is 28 N in vacuum. If paraffin wax of relative permittivity 2.8 is introduced between the charges as a medium, then the force reduces to:",25N,20N,ISN,1ON,,D,,ocr_visual,SINDH-MDCAT-2025 Version-B,78
1504,2025-sindh-mdcat-2025-138-1504,2025,SINDH-MDCAT-2025,Version-B,Physics,138,A body moves along a semicircular path ofradius 10 m from one end of the diameter to the other. The ratio of distance to displacement is:,1:1,lia,1:2,2:%,,C,,ocr_visual,SINDH-MDCAT-2025 Version-B,78
1505,2025-sindh-mdcat-2025-139-1505,2025,SINDH-MDCAT-2025,Version-B,Physics,139,"A body is projected with speed v making an angle 6 with the horizontal and covers horizontal range R. If its speed is doubled, the new range will be:",R/2,R,2R,4R,,D,,ocr_visual,SINDH-MDCAT-2025 Version-B,78
1506,2025-sindh-mdcat-2025-140-1506,2025,SINDH-MDCAT-2025,Version-B,Physics,140,"A ball of mass m strikes a wall and rebounds with the same speed in the opposite direction, taking the initial direction as positive, the change in the momentum ofthe ball is:",0,mv,-2mv,-mv,,C,,ocr_visual,SINDH-MDCAT-2025 Version-B,78
1507,2025-sindh-mdcat-2025-141-1507,2025,SINDH-MDCAT-2025,Version-B,Physics,141,A point lies 3m from a +5uC charge and 4m from a -3p1C charge. The most appropriate direction of the net electric field at this point is directed:,Away from +5uC charge,Towards +5uC charge,Away from the -3uC charge,Perpendicular to the line joining the charges,,A,,ocr_visual,SINDH-MDCAT-2025 Version-B,78
1508,2025-sindh-mdcat-2025-142-1508,2025,SINDH-MDCAT-2025,Version-B,Physics,142,The increase in kinetic energy associated with decreased pressure of a fluid in a horizontal pipe is a consequence of the:,Bernoulli's Principle,Equation of continuity,Pascal's principle,Torricelli's theorem,,A,,ocr_visual,SINDH-MDCAT-2025 Version-B,78
1509,2025-sindh-mdcat-2025-143-1509,2025,SINDH-MDCAT-2025,Version-B,Physics,143,The electric field at a point due to a point charge is 200N/C. If suppose a -4C test charge is placed at that point then the magnitude of electric field and electric force on it is:,200N/C and 50N,200N/C and 200N,200N/C and 800N,800N/C and 800N,,C,,ocr_visual,SINDH-MDCAT-2025 Version-B,79
1510,2025-sindh-mdcat-2025-144-1510,2025,SINDH-MDCAT-2025,Version-B,Physics,144,Internal resistance reduces the terminal voltage because it:,Produces back emf,Causes power loss inside the battery,Increases the current,Decreases the emf,,B,,ocr_visual,SINDH-MDCAT-2025 Version-B,79
1511,2025-sindh-mdcat-2025-145-1511,2025,SINDH-MDCAT-2025,Version-B,Physics,145,The angle formed at the center of a circle as a body moves from one position to another is:,Angular displacement,Angular velocity,Angular acceleration,Angular momentum,,A,,ocr_visual,SINDH-MDCAT-2025 Version-B,79
1512,2025-sindh-mdcat-2025-146-1512,2025,SINDH-MDCAT-2025,Version-B,Physics,146,During the drilling of a metal surface the drill bit heats up. This heat comes from the:,Vibration of the tool,Work done against friction,Flow of electric current,Compression of air,,B,,ocr_visual,SINDH-MDCAT-2025 Version-B,79
1513,2025-sindh-mdcat-2025-147-1513,2025,SINDH-MDCAT-2025,Version-B,Physics,147,If 2J ofwork is done in moving two coulombs of charge from one point to the other in an electric field. The potential difference between the points is:,LJC,2JC,LIC,2J/C,,C,,ocr_visual,SINDH-MDCAT-2025 Version-B,79
1514,2025-sindh-mdcat-2025-148-1514,2025,SINDH-MDCAT-2025,Version-B,Physics,148,The motion of transverse waves involves particle's vibration:,Along the wave direction,Opposite to energy flow,Perpendicular to wave propagation,In random direction at every point,,C,,ocr_visual,SINDH-MDCAT-2025 Version-B,79
1515,2025-sindh-mdcat-2025-149-1515,2025,SINDH-MDCAT-2025,Version-B,Physics,149,"In laminar flow of fluid, its adjacent layers:",Resist each other,Mix with each other,Slide smoothly pass each other,Produce turbulence,,C,,ocr_visual,SINDH-MDCAT-2025 Version-B,79
1516,2025-sindh-mdcat-2025-150-1516,2025,SINDH-MDCAT-2025,Version-B,Physics,150,"A body moving in a circle, halfrevolution in terms ofradians is equivalent to:",7,7/6,n/2,"2x If A=(ai+ bj ) and B= 4( ai + bj ), magnitude of Ax B=",,A,,ocr_visual,SINDH-MDCAT-2025 Version-B,79
1517,2025-sindh-mdcat-2025-151-1517,2025,SINDH-MDCAT-2025,Version-B,Physics,151,"If A = (a î + b ĵ) and B = 4(a î + b ĵ), magnitude of A × B =",4(a² + b²),4ab k̂,8(a+b),0,,D,,ocr_visual,SINDH-MDCAT-2025 Version-B,80
1518,2025-sindh-mdcat-2025-152-1518,2025,SINDH-MDCAT-2025,Version-B,Physics,152,"A proton and an alpha particle enter in the same magnitude with equal speeds, compared to proton, the alpha particle's path will have:",Larger radius,Smaller radius,Smaller path length,Greater deflection,,A,,ocr_visual,SINDH-MDCAT-2025 Version-B,80
1519,2025-sindh-mdcat-2025-153-1519,2025,SINDH-MDCAT-2025,Version-B,Physics,153,An electron is projected along the positive x-axis in a magnetic field lying in xz-plane. The magnetic force on the electron will act along the:,X-aXis,-X-axis,y-axis,-y-axis,,C,,ocr_visual,SINDH-MDCAT-2025 Version-B,80
1520,2025-sindh-mdcat-2025-154-1520,2025,SINDH-MDCAT-2025,Version-B,Physics,154,The magnetic flux through a loop of 1m? in a 0.5T magnetic field is same as magnetic flux through a loop of 0.5 m? in a magnetic field of:,1.0 T at 0°,1.0 T at 60°,2.0 T at 90°,0.5 T at 90°,,A,,ocr_visual,SINDH-MDCAT-2025 Version-B,80
1521,2025-sindh-mdcat-2025-155-1521,2025,SINDH-MDCAT-2025,Version-B,Physics,155,A body ofmass 10 kg is falling through a viscous medium and reached terminal velocity. The net force on the body will be:,ON,9.8N,98N,980 N,,A,,ocr_visual,SINDH-MDCAT-2025 Version-B,80
1522,2025-sindh-mdcat-2025-156-1522,2025,SINDH-MDCAT-2025,Version-B,Physics,156,"The value oftemperature co-efficient of a conductor is zero. This indicates that with the rise in temperature, resistance of conductor:",Increases,Decreases,Remain same,Becomes zero,,C,,ocr_visual,SINDH-MDCAT-2025 Version-B,80
1523,2025-sindh-mdcat-2025-157-1523,2025,SINDH-MDCAT-2025,Version-B,Physics,157,The path difference between two sound waves coming from a coherent source of wavelength 50 cm at a point is 100 cm. The superposition of the waves at that point produces:,Beats,Echo,Loudness,Silence,,C,,ocr_visual,SINDH-MDCAT-2025 Version-B,80
1524,2025-sindh-mdcat-2025-158-1524,2025,SINDH-MDCAT-2025,Version-B,Physics,158,Potential energy decreases in the process of:,Compressing a spring,Stretching a spring,Releasing a stretched spring,Holding the spring at maximum extension,,C,,ocr_visual,SINDH-MDCAT-2025 Version-B,80
1525,2025-sindh-mdcat-2025-159-1525,2025,SINDH-MDCAT-2025,Version-B,Physics,159,"A diver ofmass m is swimming at a depth h below the sea level. Ifthe reference level is taken at sea level, the gravitational potential energy of the diver is:",0,mgh,-mgh,2mgh,,C,,ocr_visual,SINDH-MDCAT-2025 Version-B,81
1526,2025-sindh-mdcat-2025-160-1526,2025,SINDH-MDCAT-2025,Version-B,Physics,160,A constant force F acts on a body and displaces it by distance Ad in a time At. The rate at which force is doing work is:,Fx Ad,Fx At,Fx Ad/At,F x At/Ad,,C,,ocr_visual,SINDH-MDCAT-2025 Version-B,81
1527,2025-sindh-mdcat-2025-161-1527,2025,SINDH-MDCAT-2025,Version-B,Physics,161,"In circular motion, if angular displacement is kept constant, decreasing the radius will:",Increase linear displacement,Increase linear velocity,Decrease linear displacement,Not affect linear displacement,,C,,ocr_visual,SINDH-MDCAT-2025 Version-B,81
1528,2025-sindh-mdcat-2025-162-1528,2025,SINDH-MDCAT-2025,Version-B,Physics,162,When force and displacement are in opposite direction then the work done is said to be:,Positive,Negative,Infinite,Maximum 163-171,,B,,ocr_visual,SINDH-MDCAT-2025 Version-B,81
1529,2025-sindh-mdcat-2025-163-1529,2025,SINDH-MDCAT-2025,Version-B,English,163,“His lachrymose speech at the funeral moved everyone to tears.” Choose the synonym for ‘lachrymose’:,Joyful,Weepy,Monotonous,Humorous,,B,,ocr_visual,SINDH-MDCAT-2025 Version-B,82
1530,2025-sindh-mdcat-2025-164-1530,2025,SINDH-MDCAT-2025,Version-B,English,164,"He said, “Will you listen to such a man?” Choose the most appropriate indirect speech conversion from the given options:",He asked them that they would listen to such a man.,He asked them whether they would listen to such a man.,He told them whether they will listen to such a man.,He asked them to listen to such a man.,,B,,ocr_visual,SINDH-MDCAT-2025 Version-B,82
1531,2025-sindh-mdcat-2025-165-1531,2025,SINDH-MDCAT-2025,Version-B,English,165,Choose the sentence in which “only” indicates that Jamila was the only person who spoke about her tiredness.,Only Jamila said she was tired.,Jamila only said she was tired.,Jamila said only she was tired.,Jamila said she was only tired.,,A,,ocr_visual,SINDH-MDCAT-2025 Version-B,82
1532,2025-sindh-mdcat-2025-166-1532,2025,SINDH-MDCAT-2025,Version-B,English,166,Choose the correct sentence:,"The new policy aims at reduce waste, to promote recycling, and creating awareness among citizens.","The new policy aims to reducing waste, promoting recycling, and create awareness among citizens.","The new policy aims to reduce waste, to promote recycling, and creating awareness among citizens.","The new policy aims to reduce waste, promote recycling, and create awareness among citizens.",,D,,ocr_visual,SINDH-MDCAT-2025 Version-B,82
1533,2025-sindh-mdcat-2025-167-1533,2025,SINDH-MDCAT-2025,Version-B,English,167,The purpose of using exaggerated language in parody is:,To create a serious tone,To criticize societal norms,To entertain and mock,To confuse the reader,,C,,ocr_visual,SINDH-MDCAT-2025 Version-B,82
1534,2025-sindh-mdcat-2025-168-1534,2025,SINDH-MDCAT-2025,Version-B,English,168,Choose the word with incorrect spelling:,Immigrant,Ancestors,Montessori,Pregmetic,,D,,ocr_visual,SINDH-MDCAT-2025 Version-B,82
1535,2025-sindh-mdcat-2025-169-1535,2025,SINDH-MDCAT-2025,Version-B,English,169,He does his work without any care. The underlined part of the sentence is:,Adverb phrase,Adjective phrase,Noun phrase,Appositive phrase,,A,,ocr_visual,SINDH-MDCAT-2025 Version-B,82
1536,2025-sindh-mdcat-2025-170-1536,2025,SINDH-MDCAT-2025,Version-B,English,170,The board will approve the budget only after the auditor verifies the accounts. The most appropriate passive voice for the given sentence is:,The budget will be approved by the board only after the accounts are verified by the auditor.,The budget is approved by the board only after the accounts have been verified by the auditor.,The budget is being approved by the board only after the accounts are verified by the auditor.,The budget has been approved by the board only after the accounts were verified by the auditor.,,A,,ocr_visual,SINDH-MDCAT-2025 Version-B,82
1537,2025-sindh-mdcat-2025-171-1537,2025,SINDH-MDCAT-2025,Version-B,English,171,171. Identify the simile:,She trembled like a leaf in the wind.,"She was a statue, frozen in fear.",She was drowning in doubt.,Her thoughts were a whirlwind. 172 — 180,,A,,ocr_visual,SINDH-MDCAT-2025 Version-B,83
1538,2025-sindh-mdcat-2025-172-1538,2025,SINDH-MDCAT-2025,Version-B,Logical Reasoning,172,"A tank can hold 240 liters of water. Currently, water is filled to one third of its capacity How much more water can it hold?",60 liters,80 liters,100 liters,160 liters,,D,,ocr_visual,SINDH-MDCAT-2025 Version-B,84
1539,2025-sindh-mdcat-2025-173-1539,2025,SINDH-MDCAT-2025,Version-B,Logical Reasoning,173,"M,N, P, Q, 8, ??",T,U,V,W,,A,,ocr_visual,SINDH-MDCAT-2025 Version-B,84
1540,2025-sindh-mdcat-2025-174-1540,2025,SINDH-MDCAT-2025,Version-B,Logical Reasoning,174,"If Amna is older than Muneeb. and Muneeb is younger than Jaffar, then Amna is:",Amina is older than Jaffar,Amna is younger than Jaffar,Amna and Jaffar are the same age,There is not enough information to say,,D,,ocr_visual,SINDH-MDCAT-2025 Version-B,84
1541,2025-sindh-mdcat-2025-175-1541,2025,SINDH-MDCAT-2025,Version-B,Logical Reasoning,175,Statements: All melons are apples. No apples are mangoes. Which of the following conclusions about the given statements are true? Conclusion I: All melons are mangoes. Conclusion II: Apples are not mangoes.,OnlyI,Only II,Both I and I,Neither I nor II,,B,,ocr_visual,SINDH-MDCAT-2025 Version-B,84
1542,2025-sindh-mdcat-2025-176-1542,2025,SINDH-MDCAT-2025,Version-B,Logical Reasoning,176,In a family of six members: P is the father of Q; R is the mother of Q; S is the sister of Q; T is the brother of P. Who is the Uncle of Q?,P,R,S,T,,D,,ocr_visual,SINDH-MDCAT-2025 Version-B,84
1543,2025-sindh-mdcat-2025-177-1543,2025,SINDH-MDCAT-2025,Version-B,Logical Reasoning,177,"If A is mother ofB andC is child of B, then what is the relationship between A and C?",Aunt,Grandmother,Sister,Cousin,,B,,ocr_visual,SINDH-MDCAT-2025 Version-B,84
1544,2025-sindh-mdcat-2025-178-1544,2025,SINDH-MDCAT-2025,Version-B,Logical Reasoning,178,"Which number comes in the missing place? 120, 119,117,114,110,",95,100,105,107,,C,,ocr_visual,SINDH-MDCAT-2025 Version-B,84
1545,2025-sindh-mdcat-2025-179-1545,2025,SINDH-MDCAT-2025,Version-B,Logical Reasoning,179,"179. A spying agent coded POWER as QPXFS. Using this pattern, what will be the code for GUNED?",HVPFE,HVRFE,HVOFE,IVRFG,,C,,ocr_visual,SINDH-MDCAT-2025 Version-B,85
1546,2025-sindh-mdcat-2025-180-1546,2025,SINDH-MDCAT-2025,Version-B,Logical Reasoning,180,180. A new virus is spreading rapidly in the city. The government should impose temporary travel restrictions. What is true about this course of action?,Travel restrictions help control the virus spread,The government should promote travel to support the economy,Travel restrictions do not affect virus transmission,People should disregard government advice,,A,,ocr_visual,SINDH-MDCAT-2025 Version-B,85
1547,2025-szabmu-mdcat-2025-1-1547,2025,SZABMU-MDCAT-2025,3,Biology,1,"Sensory input from auditory and visual pathways, skin and within the body is received by and distributed to :",Hypothalamus: Cerebellum,Thalamus: cerebrum Correct,Cerebrum: rest of the brain,Cerebellum: rest of the brain,,B,,ocr_visual,SZABMU-MDCAT-2025 3,87
1548,2025-szabmu-mdcat-2025-2-1548,2025,SZABMU-MDCAT-2025,3,Biology,2,"According to the Lamarck theory of evolution, the organ that has not been used in several generations will:",Become strong,Get amputated,Disappear,Become developed,,C,,ocr_visual,SZABMU-MDCAT-2025 3,87
1549,2025-szabmu-mdcat-2025-3-1549,2025,SZABMU-MDCAT-2025,3,Biology,3,Which of the following statement is incorrect with reference to the enzyme action?,Substrate binds with the enzyme at its active site,Non-competitive inhibitor binds the enzyme at a site distinct from that of active site,Addition of a lot of succinate do not reverse the inhibition of succinic dehydrogenase by malonate,malonate is a competitive inhibitor of succinic dehydrogenase,,C,,ocr_visual,SZABMU-MDCAT-2025 3,87
1550,2025-szabmu-mdcat-2025-4-1550,2025,SZABMU-MDCAT-2025,3,Biology,4,The temperature of underground water remains constant due to;,Heat capacity,Polarity of water,Heat of vaporization,Specific heat of vaporization,,A,,ocr_visual,SZABMU-MDCAT-2025 3,87
1551,2025-szabmu-mdcat-2025-5-1551,2025,SZABMU-MDCAT-2025,3,Biology,5,The shape of Adenovirus is;,Helical shape,Tadpole shape,Polyhedron shape,Circular shape,,C,,ocr_visual,SZABMU-MDCAT-2025 3,87
1552,2025-szabmu-mdcat-2025-6-1552,2025,SZABMU-MDCAT-2025,3,Biology,6,In human female normally ovulation occurs at day of menstrual cycle.,9,11,14,15,,C,,ocr_visual,SZABMU-MDCAT-2025 3,87
1553,2025-szabmu-mdcat-2025-7-1553,2025,SZABMU-MDCAT-2025,3,Biology,7,HIV belongs to which class of virus with respect to the genome type?,Single stranded DNA viruses,Double stranded RNA viruses,ssRNA; template for DNA synthesis,ssRNA; template for mRNA synthesis,,C,,ocr_visual,SZABMU-MDCAT-2025 3,87
1554,2025-szabmu-mdcat-2025-8-1554,2025,SZABMU-MDCAT-2025,3,Biology,8,How many ATPs are produced during oxidative phase of glycolysis?,2,4,34,36,,B,,ocr_visual,SZABMU-MDCAT-2025 3,87
1555,2025-szabmu-mdcat-2025-9-1555,2025,SZABMU-MDCAT-2025,3,Biology,9,Which of the following best describes the relationship between endoplasmic reticulum (ER) and Golgi apparatus?,Both ER and Golgi apparatus are completely separate organelles with no interaction,ER is precursor organelle to Golgi apparatus because material is transported from ER to Golgi,Golgi apparatus is precursor organelle to ER because material is transported from Golgi to ER,ER and Golgi apparatus have similar roles,,B,,ocr_visual,SZABMU-MDCAT-2025 3,87
1556,2025-szabmu-mdcat-2025-10-1556,2025,SZABMU-MDCAT-2025,3,Biology,10,Osmotic gradient of inner medulla of kidney is increased by:,Urea,Water,Phosphate,Potassium,,A,,ocr_visual,SZABMU-MDCAT-2025 3,87
1557,2025-szabmu-mdcat-2025-11-1557,2025,SZABMU-MDCAT-2025,3,Biology,11,Decreased level of FSH hormone during menstrual cycle triggers the release of:,heg,LH,Oxytocin,progesterone,,B,,ocr_visual,SZABMU-MDCAT-2025 3,87
1558,2025-szabmu-mdcat-2025-12-1558,2025,SZABMU-MDCAT-2025,3,Biology,12,The digestive secretions from different parts of GIT have the ability to kill microbe present in the food. Which of the following best describe this role?,Antiseptics,Disinfectants,Chemotherapeutics,Immunosuppressant,,A,,ocr_visual,SZABMU-MDCAT-2025 3,87
1559,2025-szabmu-mdcat-2025-13-1559,2025,SZABMU-MDCAT-2025,3,Biology,13,A carrier mother for hemophilia and a normal father can produce:,All hemophilic sons,25 % Hemophilic among sons,50 % hemophilic among sons,All normal sons and daughter,,C,,ocr_visual,SZABMU-MDCAT-2025 3,87
1560,2025-szabmu-mdcat-2025-14-1560,2025,SZABMU-MDCAT-2025,3,Biology,14,"During ventricular systole, which pressure changes occur?",Ventricular pressure rises above atrial and arterial pressure,Atrial pressure rises above Ventricular pressure,Ventricular pressure falls below arterial pressures,Ventricular pressure falls below Atrial pressure,,A,,ocr_visual,SZABMU-MDCAT-2025 3,87
1561,2025-szabmu-mdcat-2025-15-1561,2025,SZABMU-MDCAT-2025,3,Biology,15,Which cell type is essential for stimulating cell division of both B-cells and T-cells?,Plasma cells,Memory cells,Helper T-cells,Neutrophils,,C,,ocr_visual,SZABMU-MDCAT-2025 3,87
1562,2025-szabmu-mdcat-2025-16-1562,2025,SZABMU-MDCAT-2025,3,Biology,16,"The hormone, when overproduced can lead to hypercalcemia and stone formation is:",Insulin,Thyroxine,Parathyroid hormone,Antidiuretic hormone,,C,,ocr_visual,SZABMU-MDCAT-2025 3,87
1563,2025-szabmu-mdcat-2025-17-1563,2025,SZABMU-MDCAT-2025,3,Biology,17,Fibrocartilage is found in:,Trachea,Nose,Knee joint,Ear flaps,,C,,ocr_visual,SZABMU-MDCAT-2025 3,88
1564,2025-szabmu-mdcat-2025-18-1564,2025,SZABMU-MDCAT-2025,3,Biology,18,Additional capillaries present in the juxtamedullary nephrons to form a loop of vessels are:,Efferent arterioles,Peritubular capillaries,Vasa recta,Afferent arterioles,,C,,ocr_visual,SZABMU-MDCAT-2025 3,88
1565,2025-szabmu-mdcat-2025-19-1565,2025,SZABMU-MDCAT-2025,3,Biology,19,Y-linked inheritance refers to which mode of the inheritance?,Crisscross,Straight,Loop,Jumping,,B,,ocr_visual,SZABMU-MDCAT-2025 3,88
1566,2025-szabmu-mdcat-2025-20-1566,2025,SZABMU-MDCAT-2025,3,Biology,20,"If a colorblind lady marries a normal man, their children will be:",Normal daughters and normal sons,Normal sons and carrier daughters,Colorblind sons and carrier daughters,Colorblind sons and colorblind daughters,,C,,ocr_visual,SZABMU-MDCAT-2025 3,88
1567,2025-szabmu-mdcat-2025-21-1567,2025,SZABMU-MDCAT-2025,3,Biology,21,All of the following properties of water are associated with its capillary action. EXCEPT:,Adhesion,Density,Cohesion,Surface tension,,B,,ocr_visual,SZABMU-MDCAT-2025 3,88
1568,2025-szabmu-mdcat-2025-22-1568,2025,SZABMU-MDCAT-2025,3,Biology,22,Which organelle serves as a packaging and a distribution center for molecules within the cells?,Golgi apparatus,Mitochondria,Ribosome,Vacuole,,A,,ocr_visual,SZABMU-MDCAT-2025 3,88
1569,2025-szabmu-mdcat-2025-23-1569,2025,SZABMU-MDCAT-2025,3,Biology,23,Which of the following hormone is not produced in older women?,Estrogen,Gastrin,Secretin,Renin,,A,,ocr_visual,SZABMU-MDCAT-2025 3,88
1570,2025-szabmu-mdcat-2025-24-1570,2025,SZABMU-MDCAT-2025,3,Biology,24,Which lymphatic structure absorbs dietary fats in the intestine?,Peyer's patches,Lacteals in villi,Pancreatic duct,Lymph nodes,,B,,ocr_visual,SZABMU-MDCAT-2025 3,88
1571,2025-szabmu-mdcat-2025-25-1571,2025,SZABMU-MDCAT-2025,3,Biology,25,The part of male reproductive system that maintains the temperature for sperm production is:,Testes,Scrotum,Vas deferens,Epididymis,,B,,ocr_visual,SZABMU-MDCAT-2025 3,88
1572,2025-szabmu-mdcat-2025-26-1572,2025,SZABMU-MDCAT-2025,3,Biology,26,"Thinking, memory and voluntary actions are mainly controlled by:",Cerebrum,Cerebellum,Pons,Hippocampus,,A,,ocr_visual,SZABMU-MDCAT-2025 3,88
1573,2025-szabmu-mdcat-2025-27-1573,2025,SZABMU-MDCAT-2025,3,Biology,27,Ventricular diastole causes:,ventricular contraction,Closure of Atrioventricular valve,Opening of semilunar valve,Closure of semilunar valve,,D,,ocr_visual,SZABMU-MDCAT-2025 3,88
1574,2025-szabmu-mdcat-2025-28-1574,2025,SZABMU-MDCAT-2025,3,Biology,28,Which of the following statement correctly describes the organelle that is not membrane bound?,Presence of cristae,Modification and packaging of proteins,Presence of digestive enzymes,Made of rRNA and protein,,D,,ocr_visual,SZABMU-MDCAT-2025 3,88
1575,2025-szabmu-mdcat-2025-29-1575,2025,SZABMU-MDCAT-2025,3,Biology,29,A biological laboratory is developing gene therapy with a modified virus that infects the birds only. Which of the following category does this virus belong to?,Algal virus,Fungal virus,Animal virus,Bacterial virus,,C,,ocr_visual,SZABMU-MDCAT-2025 3,88
1576,2025-szabmu-mdcat-2025-30-1576,2025,SZABMU-MDCAT-2025,3,Biology,30,CFTR gene that encode a protein which regulate:,Protein and salt,Salt and Water,Sugar and Water,Liquid and Protein,,B,,ocr_visual,SZABMU-MDCAT-2025 3,88
1577,2025-szabmu-mdcat-2025-31-1577,2025,SZABMU-MDCAT-2025,3,Biology,31,Which organelle is usually referred as post office of the cell and why?,"Golgi apparatus, because it receives, sorts and packages material for transport to other parts of cell",Rough endoplasmic reticulum because it synthesizes protein used by the cell,"Mitochondria, because it synthesizes and provides energy to other parts of the cells","Nucleus, because it controls other organelles of the cell",,A,,ocr_visual,SZABMU-MDCAT-2025 3,88
1578,2025-szabmu-mdcat-2025-32-1578,2025,SZABMU-MDCAT-2025,3,Biology,32,Components of reflex arc must contain neurons from:,Motor nerve and Mixed nerve,Sensory nerve and intermediate nerve,Motor nerve and Sensory Nerve,Mixed nerve and intermediate nerve,,C,,ocr_visual,SZABMU-MDCAT-2025 3,88
1579,2025-szabmu-mdcat-2025-33-1579,2025,SZABMU-MDCAT-2025,3,Biology,33,A confirmed COVID patient shows weak specific immunity. Which component is most likely deficient in this patient?,Red Blood Cells,Helper T-Lymphocytes,Thrombocytes,Suppressor T-Lymphocytes,,B,,ocr_visual,SZABMU-MDCAT-2025 3,88
1580,2025-szabmu-mdcat-2025-34-1580,2025,SZABMU-MDCAT-2025,3,Biology,34,Which of the following organ takes part in the T-cell maturation for both the lymphatic and endocrine systems?,Spleen,Thymus,Liver,Kidney,,B,,ocr_visual,SZABMU-MDCAT-2025 3,88
1581,2025-szabmu-mdcat-2025-35-1581,2025,SZABMU-MDCAT-2025,3,Biology,35,"After Liver transplant, doctors suppress the T-lymphocyte activity in patient. Why?",To increase the rate of antibody production,To prevent infections,To avoid graft rejection immune system,To produce memory cells faster,,C,,ocr_visual,SZABMU-MDCAT-2025 3,89
1582,2025-szabmu-mdcat-2025-36-1582,2025,SZABMU-MDCAT-2025,3,Biology,36,How do the kidneys contribute to maintain normal blood calcium level?,By storing excess calcium,By reabsorbing calcium and activating vitamin D,By secreting calcium directly into the blood,By converting calcium into urea for excretion,,B,,ocr_visual,SZABMU-MDCAT-2025 3,89
1583,2025-szabmu-mdcat-2025-37-1583,2025,SZABMU-MDCAT-2025,3,Biology,37,Nodes of Ranvier along the length of axon fibers allow:,More diffusion of neurotransmitters,saltatory conduction of nerve impulse,Formation of new synaptic connections,Synthesis of new neurons,,B,,ocr_visual,SZABMU-MDCAT-2025 3,89
1584,2025-szabmu-mdcat-2025-38-1584,2025,SZABMU-MDCAT-2025,3,Biology,38,"Arachidonic acid, which is the precursor molecule for prostaglandins is:",Asaturated fatty acid with 18 carbons,An unsaturated fatty acid with 18 carbons,A tri-unsaturated fatty acid with 20 carbons,A tetra-unsaturated fatty acid with 20 carbons,,D,,ocr_visual,SZABMU-MDCAT-2025 3,89
1585,2025-szabmu-mdcat-2025-39-1585,2025,SZABMU-MDCAT-2025,3,Biology,39,Atrial walls are thinner as compared to ventricles because:,Atria are small in size,Atria are present above the ventricles,Atria has to force blood into the ventricles which lie very close to them,Blood enters into the atria by osmosis,,C,,ocr_visual,SZABMU-MDCAT-2025 3,89
1586,2025-szabmu-mdcat-2025-40-1586,2025,SZABMU-MDCAT-2025,3,Biology,40,A patient with a genetic disorder undergoes treatment where a normal gene is inserted into their cells. This is called,Gene therapy,Genetic testing,Protein engineering,DNA fingerprinting,,A,,ocr_visual,SZABMU-MDCAT-2025 3,89
1587,2025-szabmu-mdcat-2025-41-1587,2025,SZABMU-MDCAT-2025,3,Biology,41,Which of the following is a potential symptom of chronic renal failure?,Nephritis and bacterial infection,Bone pain and fractures,Impaired concentration and confusion,Muscle cramps due to electrolyte imbalance,,A,,ocr_visual,SZABMU-MDCAT-2025 3,89
1588,2025-szabmu-mdcat-2025-42-1588,2025,SZABMU-MDCAT-2025,3,Biology,42,Arthritis is a disease that primarily affects the,Kidneys,Lungs,Joints,Muscles,,C,,ocr_visual,SZABMU-MDCAT-2025 3,89
1589,2025-szabmu-mdcat-2025-43-1589,2025,SZABMU-MDCAT-2025,3,Biology,43,Osmoreceptors that detect the osmotic pressure of blood are primarily located in the:,Cerebellum,Medulla oblongata,Hypothalamus,Cerebral cortex,,C,,ocr_visual,SZABMU-MDCAT-2025 3,89
1590,2025-szabmu-mdcat-2025-44-1590,2025,SZABMU-MDCAT-2025,3,Biology,44,Lamarck theory of evolution was rejected experimentally by:,Earnest Hackle,Charles Darwin,August Wiseman,Thomas R Malthas,,C,,ocr_visual,SZABMU-MDCAT-2025 3,89
1591,2025-szabmu-mdcat-2025-45-1591,2025,SZABMU-MDCAT-2025,3,Biology,45,A chromosome which contain centromere at the center is called:,mesocentric chromosome,metacentric chromosome,acrocentric chromosome,telocentric chromosome,,B,,ocr_visual,SZABMU-MDCAT-2025 3,89
1592,2025-szabmu-mdcat-2025-46-1592,2025,SZABMU-MDCAT-2025,3,Biology,46,Binding site for a substrate on enzyme is:,Allosteric site,Passive site,Active site,Regulatory site,,C,,ocr_visual,SZABMU-MDCAT-2025 3,89
1593,2025-szabmu-mdcat-2025-47-1593,2025,SZABMU-MDCAT-2025,3,Biology,47,"The most abundant polysaccharide in plants, widely used in paper and as a source of dietary fibre for human is:",Chitin,Glycogen,Starch,Cellulose,,D,,ocr_visual,SZABMU-MDCAT-2025 3,89
1594,2025-szabmu-mdcat-2025-48-1594,2025,SZABMU-MDCAT-2025,3,Biology,48,"This given organelle is involved in the synthesis of oil, phospholipids and steroids:",Mitochondria,Golgi complex,Endoplasmic reticulum,Ribosomes,,C,,ocr_visual,SZABMU-MDCAT-2025 3,89
1595,2025-szabmu-mdcat-2025-49-1595,2025,SZABMU-MDCAT-2025,3,Biology,49,Which type of neurons stimulate the muscles to contract in a reflex arc?,Efferent neurons,Sensory neurons,Interneurons,Afferent neurons,,A,,ocr_visual,SZABMU-MDCAT-2025 3,89
1596,2025-szabmu-mdcat-2025-50-1596,2025,SZABMU-MDCAT-2025,3,Biology,50,Receptors that are located in the retina of eye are called:,Merkel disc,Ruffini endings,Pacinian corpuscles,Rod and Cone cells,,D,,ocr_visual,SZABMU-MDCAT-2025 3,89
1597,2025-szabmu-mdcat-2025-51-1597,2025,SZABMU-MDCAT-2025,3,Biology,51,"The bony roof of the oral cavity, which separates it from the nasal cavity, is formed by the:",soft palate,Mandible,Hard palate,Maxilla,,C,,ocr_visual,SZABMU-MDCAT-2025 3,89
1598,2025-szabmu-mdcat-2025-52-1598,2025,SZABMU-MDCAT-2025,3,Biology,52,Which structure in neuron is responsible for receiving information from other neurons?,Axon,Soma,Dendrite,Axon terminal,,C,,ocr_visual,SZABMU-MDCAT-2025 3,89
1599,2025-szabmu-mdcat-2025-53-1599,2025,SZABMU-MDCAT-2025,3,Biology,53,Chemicals that stimulate the olfactory receptors enter the nasal cavity in the form of,solid,liquid,gas,plasma,,C,,ocr_visual,SZABMU-MDCAT-2025 3,89
1600,2025-szabmu-mdcat-2025-54-1600,2025,SZABMU-MDCAT-2025,3,Biology,54,Neurosecretory cells are:,endocrine cells,exocrine cells,neuroglial cells,neurons that have been adapted to secrete hormones,,D,,ocr_visual,SZABMU-MDCAT-2025 3,89
1601,2025-szabmu-mdcat-2025-55-1601,2025,SZABMU-MDCAT-2025,3,Biology,55,"wn Which of the following characteristics is common among sucrose, lactose and maltose?",molecular formula,occurrence in living beings,chemical nature of their monosaccharide units,to act as reducing sugar,,A,,ocr_visual,SZABMU-MDCAT-2025 3,90
1602,2025-szabmu-mdcat-2025-56-1602,2025,SZABMU-MDCAT-2025,3,Biology,56,Ribozymes are the only biocatalysts that are made up of:,DNA,RNA,Protein,Fatty acid,,B,,ocr_visual,SZABMU-MDCAT-2025 3,90
1603,2025-szabmu-mdcat-2025-57-1603,2025,SZABMU-MDCAT-2025,3,Biology,57,The induced fit model differs from the Lock and Key model because the enzyme in this model:,Has a rigid and fixed active site,Changes shape to fit the substrate,Is non-specific in its action,Is denatured during reaction,,B,,ocr_visual,SZABMU-MDCAT-2025 3,90
1604,2025-szabmu-mdcat-2025-58-1604,2025,SZABMU-MDCAT-2025,3,Biology,58,Which competitive inhibitor blocks the enzyme responsible for bacterial cell wall synthesis?,Sulphonamide,Streptomycin,Tetracycline,Penicillin,,D,,ocr_visual,SZABMU-MDCAT-2025 3,90
1605,2025-szabmu-mdcat-2025-59-1605,2025,SZABMU-MDCAT-2025,3,Biology,59,Water commonly known as a universal solvent because:,It dissolves polar and ionic substances effectively,It supports chemical reactions without reacting itself,It has a high specific heat capacity,It dissolves many substances due to its small molecule size,,A,,ocr_visual,SZABMU-MDCAT-2025 3,90
1606,2025-szabmu-mdcat-2025-60-1606,2025,SZABMU-MDCAT-2025,3,Biology,60,Which of the following structural change in water molecule leads to the low density of ice?,Formation of ionic bonds,Expansion due to hydrogen bonding,Increased kinetic energy,Loss of polarity in molecules,,B,,ocr_visual,SZABMU-MDCAT-2025 3,90
1607,2025-szabmu-mdcat-2025-61-1607,2025,SZABMU-MDCAT-2025,3,Biology,61,Which of the following hormones in the body of animal is lipid-based in nature?,Insulin,FSH,Oxytocin,Aldosterone,,D,,ocr_visual,SZABMU-MDCAT-2025 3,90
1608,2025-szabmu-mdcat-2025-62-1608,2025,SZABMU-MDCAT-2025,3,Biology,62,Which of the following base pairing maintains the constant diameter of the DNA double helix as per Watson and Crick's model?,Purine — Purine,Pyrimidine — Pyrimidine,Purine — Pyrimidine,Sugar-Phosphate,,C,,ocr_visual,SZABMU-MDCAT-2025 3,90
1609,2025-szabmu-mdcat-2025-63-1609,2025,SZABMU-MDCAT-2025,3,Biology,63,Which muscle type is under conscious control and is multinucleated?,Smooth muscle,Skeletal muscle,Cardiac muscle,Visceral muscle,,B,,ocr_visual,SZABMU-MDCAT-2025 3,90
1610,2025-szabmu-mdcat-2025-64-1610,2025,SZABMU-MDCAT-2025,3,Biology,64,Which of the following connective tissue is completely avascular and heals slowly?,Bone,Cartilage,Adipose tissue,Areolar tissue,,B,,ocr_visual,SZABMU-MDCAT-2025 3,90
1611,2025-szabmu-mdcat-2025-65-1611,2025,SZABMU-MDCAT-2025,3,Biology,65,Cardiac muscles are different from skeletal muscles because they:,Lack striations,Are voluntary and multinucleated,Are involuntary and multinucleated,Are striated but involuntary,,D,,ocr_visual,SZABMU-MDCAT-2025 3,90
1612,2025-szabmu-mdcat-2025-66-1612,2025,SZABMU-MDCAT-2025,3,Biology,66,Which organelle give rise to primary lysosomes through budding in eukaryotic cells?,Smooth endoplasmic reticulum (SER),Rough endoplasmic reticulum (RER),Plasma membrane,Golgi cisternae,,D,,ocr_visual,SZABMU-MDCAT-2025 3,90
1613,2025-szabmu-mdcat-2025-67-1613,2025,SZABMU-MDCAT-2025,3,Biology,67,"A mutation prevents proper disulphide bond formation in a fibrous protein, causing brittle nails and slow hair growth. Which of the following proteinaceous substance would be affected?",Elastin,Actin,Keratin,Collagen,,C,,ocr_visual,SZABMU-MDCAT-2025 3,90
1614,2025-szabmu-mdcat-2025-68-1614,2025,SZABMU-MDCAT-2025,3,Biology,68,"In muscle fibers, T-tubules are extension of the sarcolemma that penetrate into the cell's interior. What is their main function during muscle contraction?",Unblock actin's binding sites.,Conduct nerve impulses deep into the muscle cell.,Synthesize glycogen in the sarcoplasm.,Store calcium ions with in the sarcoplasmic reticulum.,,B,,ocr_visual,SZABMU-MDCAT-2025 3,90
1615,2025-szabmu-mdcat-2025-69-1615,2025,SZABMU-MDCAT-2025,3,Biology,69,Polysaccharides such as starch and glycogen are mainly used for:,Structural framework only,Short-term and long-term energy storage,Enzyme catalysis,Ready source of energy,,B,,ocr_visual,SZABMU-MDCAT-2025 3,90
1616,2025-szabmu-mdcat-2025-70-1616,2025,SZABMU-MDCAT-2025,3,Biology,70,"In chromosome, positively charged histone proteins are organized with negatively charged DNA. The positive charges of histone are due to an abundance of basic amino acids:",arginine and alanine,arginine and lysine,lysine and alanine,phenylalanine and arginine,,B,,ocr_visual,SZABMU-MDCAT-2025 3,90
1617,2025-szabmu-mdcat-2025-71-1617,2025,SZABMU-MDCAT-2025,3,Biology,71,The envelop in a virus is derived from,Host cell ribosomes,Host cell membrane,Viral capsid proteins,Viral genome replication,,B,,ocr_visual,SZABMU-MDCAT-2025 3,90
1618,2025-szabmu-mdcat-2025-72-1618,2025,SZABMU-MDCAT-2025,3,Biology,72,Myelin sheath acts as;,Protector,Insulator,Sensor,Supporter,,B,,ocr_visual,SZABMU-MDCAT-2025 3,90
1619,2025-szabmu-mdcat-2025-73-1619,2025,SZABMU-MDCAT-2025,3,Biology,73,DNA/RNA probes are most commonly used as:,diagnostic tools of infectious diseases,carrier in gene cloning experiments,cementing material in somatic cell hybridization,carrier or vector in gene therapy,,A,,ocr_visual,SZABMU-MDCAT-2025 3,91
1620,2025-szabmu-mdcat-2025-74-1620,2025,SZABMU-MDCAT-2025,3,Biology,74,The event that occurs first during skeletal muscle contraction?,Cross-bridge formation,Release of calcium from sarcoplasmic reticulum,Power stroke,Myosin head binds to ATP,,B,,ocr_visual,SZABMU-MDCAT-2025 3,91
1621,2025-szabmu-mdcat-2025-75-1621,2025,SZABMU-MDCAT-2025,3,Biology,75,"When genes are linked, they tend to:",Segregate randomly,Cross over every time,Stay together during inheritance,Be inherited separately,,C,,ocr_visual,SZABMU-MDCAT-2025 3,91
1622,2025-szabmu-mdcat-2025-76-1622,2025,SZABMU-MDCAT-2025,3,Biology,76,"According to Morgan's experiment, which of the following is essential for detecting gene linkage accurately?",Large number of progeny,Small sample size,Use of male flies only,Mutation induction,,A,,ocr_visual,SZABMU-MDCAT-2025 3,91
1623,2025-szabmu-mdcat-2025-77-1623,2025,SZABMU-MDCAT-2025,3,Biology,77,The end of skeletal muscle attached with moveable bone is:,Insertion,Origin,Tendons,Belly,,A,,ocr_visual,SZABMU-MDCAT-2025 3,91
1624,2025-szabmu-mdcat-2025-78-1624,2025,SZABMU-MDCAT-2025,3,Biology,78,"Which of the following is common between aldosterone, sex hormone and cortisone ?",They are peptides,They are Phospholipids,They are steroids,They are glycoproteins,,C,,ocr_visual,SZABMU-MDCAT-2025 3,91
1625,2025-szabmu-mdcat-2025-79-1625,2025,SZABMU-MDCAT-2025,3,Biology,79,Which one of the following organism is uricotelic with reference to excretion of nitrogenous compound?,Human,freshwater Fish,Snake,Frog,,C,,ocr_visual,SZABMU-MDCAT-2025 3,91
1626,2025-szabmu-mdcat-2025-80-1626,2025,SZABMU-MDCAT-2025,3,Biology,80,Ureotelism (removal of nitrogenous waste in the form of urea) is an adaptation to the:,cold weather,less availability of water,flooded environmental conditions,food shortage,,B,,ocr_visual,SZABMU-MDCAT-2025 3,91
1627,2025-szabmu-mdcat-2025-81-1627,2025,SZABMU-MDCAT-2025,3,Biology,81,All of the following are the characteristics of limbic system EXCEPT:,Produce most basic and primitive emotions and drives,formation of memories,"Consists of hypothalamus, amygdala and hippocampus",controls reflex movement of eyes,,D,,ocr_visual,SZABMU-MDCAT-2025 3,91
1628,2025-szabmu-mdcat-2025-82-1628,2025,SZABMU-MDCAT-2025,3,Chemistry,82,Acetone reacts with water in presence of catalyst produces:,propan-2-ol,"propan-1,2-diol","propan-2,2-diol",propanol,,C,,ocr_visual,SZABMU-MDCAT-2025 3,91
1629,2025-szabmu-mdcat-2025-83-1629,2025,SZABMU-MDCAT-2025,3,Chemistry,83,Oxidation state of Tungsten in Na2xW40}3.H20O is:,+5,+6,+8,zero,,B,,ocr_visual,SZABMU-MDCAT-2025 3,91
1630,2025-szabmu-mdcat-2025-84-1630,2025,SZABMU-MDCAT-2025,3,Chemistry,84,Orientation of molecule is more important in following cases except:,high Pressure,complex molecules,poly atomic molecules,low pressure,,D,,ocr_visual,SZABMU-MDCAT-2025 3,91
1631,2025-szabmu-mdcat-2025-85-1631,2025,SZABMU-MDCAT-2025,3,Chemistry,85,"Keeping temperature constant, if pressure is increased, density of gas will",Increases,decreases,gets doubled,remains same,,A,,ocr_visual,SZABMU-MDCAT-2025 3,91
1632,2025-szabmu-mdcat-2025-86-1632,2025,SZABMU-MDCAT-2025,3,Chemistry,86,TUPAC name of chloroform is:,methylchloride,methyltrichloride,_ trichloromethane,chloromethane,,C,,ocr_visual,SZABMU-MDCAT-2025 3,91
1633,2025-szabmu-mdcat-2025-87-1633,2025,SZABMU-MDCAT-2025,3,Chemistry,87,Which among the following will react with ammonical cuprous chloride;,1-butene,1-butyne,2-butene,2-butyne,,B,,ocr_visual,SZABMU-MDCAT-2025 3,91
1634,2025-szabmu-mdcat-2025-88-1634,2025,SZABMU-MDCAT-2025,3,Chemistry,88,Which of the following is not a crystalline solid?,KCl,Fe metal,Glass,rhombic S,,C,,ocr_visual,SZABMU-MDCAT-2025 3,91
1635,2025-szabmu-mdcat-2025-89-1635,2025,SZABMU-MDCAT-2025,3,Chemistry,89,Number of electron with =2 in an atom having atomic number 23 is:,2,3,4,5,,B,,ocr_visual,SZABMU-MDCAT-2025 3,91
1636,2025-szabmu-mdcat-2025-90-1636,2025,SZABMU-MDCAT-2025,3,Chemistry,90,Reaction having high activation energy are:,spontaneous,fast,slow,always exothermic,,C,,ocr_visual,SZABMU-MDCAT-2025 3,91
1637,2025-szabmu-mdcat-2025-91-1637,2025,SZABMU-MDCAT-2025,3,Chemistry,91,Which of the following reagents is used to convert benzene to 2-chloro methyl benzene?,CH;ClI/AICI; followed by Ch in the presence of anhydrous FeCls.,CH;Cl/AICI; followed by Ch in the presence of diffused sunlight,Ch/FeCls followed by CH3Cl in the presence of diffused sunlight.,Ch/UV followed by CH3Cl in the presence of anhydrous FeCl...,,A,,ocr_visual,SZABMU-MDCAT-2025 3,91
1638,2025-szabmu-mdcat-2025-92-1638,2025,SZABMU-MDCAT-2025,3,Chemistry,92,Which one show positive test with Fehling solution:,acetophenone,metaformaldehyde,acetaldehyde,benzaldehyde,,C,,ocr_visual,SZABMU-MDCAT-2025 3,91
1639,2025-szabmu-mdcat-2025-93-1639,2025,SZABMU-MDCAT-2025,3,Chemistry,93,"93 According to the Kinetic molecular theory, the kinetic energy of gas molecules increases when they are",melted from solid to liquid state,mixed with other molecules at lower temperature,frozen into solids,condensed into liquids,,A,,ocr_visual,SZABMU-MDCAT-2025 3,92
1640,2025-szabmu-mdcat-2025-94-1640,2025,SZABMU-MDCAT-2025,3,Chemistry,94,94 The smallest repeating pattern from which the lattice is built of in a crystalline solid is called,Crystallite,Amorphous region,Unit cell,Crystal lattice,,C,,ocr_visual,SZABMU-MDCAT-2025 3,92
1641,2025-szabmu-mdcat-2025-95-1641,2025,SZABMU-MDCAT-2025,3,Chemistry,95,95 If the equilibrium expression of a reversible reaction is K= [C}/[A][B] The balanced chemical equation should be,C=AtB,2C=At+B,A+B=C,At+tB=2C,,D,,ocr_visual,SZABMU-MDCAT-2025 3,92
1642,2025-szabmu-mdcat-2025-96-1642,2025,SZABMU-MDCAT-2025,3,Chemistry,96,"96 Common name of 1,3 benzene diol is:",Pyrogallol,Cresol,Resorcinol,Catechol,,C,,ocr_visual,SZABMU-MDCAT-2025 3,92
1643,2025-szabmu-mdcat-2025-97-1643,2025,SZABMU-MDCAT-2025,3,Chemistry,97,97 How many sigma and pi bonds are present in maleic anhydride?,5 sigma 3 pi,6sigma 3 pi,7 sigma 2 pi,9 sigma 3 pi,,D,,ocr_visual,SZABMU-MDCAT-2025 3,92
1644,2025-szabmu-mdcat-2025-98-1644,2025,SZABMU-MDCAT-2025,3,Chemistry,98,98 Addition of three molecules of chlorine intro benzene prove that benzene has,3 double bonds,non polar,polar,non planner,,A,,ocr_visual,SZABMU-MDCAT-2025 3,92
1645,2025-szabmu-mdcat-2025-99-1645,2025,SZABMU-MDCAT-2025,3,Chemistry,99,99 Propyne is allowed to react with hydrochloric acid two times then final product is,"1,1-dichloropropane","1,2-dichloropropane","2,2-dichloropropane","1,2-dichloropropene",,C,,ocr_visual,SZABMU-MDCAT-2025 3,92
1646,2025-szabmu-mdcat-2025-100-1646,2025,SZABMU-MDCAT-2025,3,Chemistry,100,100 Diethy! ether and Methyl n-propyl! ether are,position isomers,functional group isomers,metamers,tautomer,,C,,ocr_visual,SZABMU-MDCAT-2025 3,92
1647,2025-szabmu-mdcat-2025-101-1647,2025,SZABMU-MDCAT-2025,3,Chemistry,101,"101 In the given reaction CH30H — HCOOH, oxidation state of carbon changes from:",-2to0,-2 to+2,-3 to +2,0to+2,,B,,ocr_visual,SZABMU-MDCAT-2025 3,92
1648,2025-szabmu-mdcat-2025-102-1648,2025,SZABMU-MDCAT-2025,3,Chemistry,102,"102 The structure of four Chloroalkanes W X, Y and Z are shown: (CH3)2»>CHCH(Cl1)CH3 CH:(C1I)CH3 WwW x (CH3);CHCHDC1 (CH3)xCHC(CH3)2Cl Y Zz Select the Chloroalkane classified as tertiary,",W only,X only,Y only,Z only Correct,,D,,ocr_visual,SZABMU-MDCAT-2025 3,92
1649,2025-szabmu-mdcat-2025-103-1649,2025,SZABMU-MDCAT-2025,3,Chemistry,103,103 Which of the following compound has lower Lattice Energy?,Licl,KCl,CaCh,C6H120¢,,B,,ocr_visual,SZABMU-MDCAT-2025 3,92
1650,2025-szabmu-mdcat-2025-104-1650,2025,SZABMU-MDCAT-2025,3,Chemistry,104,104 Reaction of 2-Bromobutane with alcoholic KOH yields:,2-Butanol,2-Butene,2-Butyne,1-Butanol,,B,,ocr_visual,SZABMU-MDCAT-2025 3,92
1651,2025-szabmu-mdcat-2025-105-1651,2025,SZABMU-MDCAT-2025,3,Chemistry,105,105 Which of following reaction will move backward by decreasing pressure?,4Q2T+S,2A =3C,KR=aL,H+2M = 2B+ 2D,,A,,ocr_visual,SZABMU-MDCAT-2025 3,92
1652,2025-szabmu-mdcat-2025-106-1652,2025,SZABMU-MDCAT-2025,3,Chemistry,106,"106 According to Le Chatelier's principle, in Haber's process yield of ammonia can be increased by:",decreasing pressure and increasing temperature,increasing pressure and decreasing temperature,increasing volume and decreasing temperature.,decreasing concentration of H2,,B,,ocr_visual,SZABMU-MDCAT-2025 3,92
1653,2025-szabmu-mdcat-2025-107-1653,2025,SZABMU-MDCAT-2025,3,Chemistry,107,107 Hyperbola isotherm is obtained when graph is plotted between:,Pand 1/V,PV and V,PandV,Vand 1/P,,C,,ocr_visual,SZABMU-MDCAT-2025 3,92
1654,2025-szabmu-mdcat-2025-108-1654,2025,SZABMU-MDCAT-2025,3,Chemistry,108,108 Highest energy for one quantum among radiation is:,microwave,infrared,ultra violet,visible,,C,,ocr_visual,SZABMU-MDCAT-2025 3,92
1655,2025-szabmu-mdcat-2025-109-1655,2025,SZABMU-MDCAT-2025,3,Chemistry,109,109 Which of the following reagent is commonly used to prepare alkyne form vicinal dihalide?,Hy and catalyst,KOH/NaNH?,"KMnO,",LiAlHy,,B,,ocr_visual,SZABMU-MDCAT-2025 3,92
1656,2025-szabmu-mdcat-2025-110-1656,2025,SZABMU-MDCAT-2025,3,Chemistry,110,"110 Ina standard hydrogen electrode, the platinum electrode:",Reacts with hydrogen,Provide a surface for oxidation and reduction.,Acts as a salt bridge.,Provide voltage to the circuit.,,B,,ocr_visual,SZABMU-MDCAT-2025 3,92
1657,2025-szabmu-mdcat-2025-111-1657,2025,SZABMU-MDCAT-2025,3,Chemistry,111,"111 For endothermic reaction, enthalpy change is:",AHreactant>AHproduct,AHreactant<AHproduct,AHreactant=AHproduct,AHreactant=AHproduct=0,,B,,ocr_visual,SZABMU-MDCAT-2025 3,93
1658,2025-szabmu-mdcat-2025-112-1658,2025,SZABMU-MDCAT-2025,3,Chemistry,112,112 Which species contain an element with an oxidation number of +4?,"CrO,>","MnO,”",H2S04,NazCO 3,,D,,ocr_visual,SZABMU-MDCAT-2025 3,93
1659,2025-szabmu-mdcat-2025-113-1659,2025,SZABMU-MDCAT-2025,3,Chemistry,113,113 The rate of reaction,Increases as the reaction proceeds,Decreases as the reaction proceeds,Remains the same as the reaction proceeds,May decrease or increase as the reaction proceeds,,B,,ocr_visual,SZABMU-MDCAT-2025 3,93
1660,2025-szabmu-mdcat-2025-114-1660,2025,SZABMU-MDCAT-2025,3,Chemistry,114,114 The order of chemical reaction is defined as:,The number of reactants involved in balanced equation,The number of products formed in balanced equation,The power to which the concentration of a reactant is raised in the rate equation,The rate constant of the reaction,,C,,ocr_visual,SZABMU-MDCAT-2025 3,93
1661,2025-szabmu-mdcat-2025-115-1661,2025,SZABMU-MDCAT-2025,3,Chemistry,115,115 Real gases show more positive deviation as pressure increases because of,tonic nature,repulsive forces,attractive forces,non polar nature,,C,,ocr_visual,SZABMU-MDCAT-2025 3,93
1662,2025-szabmu-mdcat-2025-116-1662,2025,SZABMU-MDCAT-2025,3,Chemistry,116,116 Which statement applies to both ideal and real gases,collision between molecules are elastic,molecules are in constant random motion,molecules attract each other,molecules have zero size,,B,,ocr_visual,SZABMU-MDCAT-2025 3,93
1663,2025-szabmu-mdcat-2025-117-1663,2025,SZABMU-MDCAT-2025,3,Chemistry,117,Reduction of carboxylic acid by using lithium aluminohydride produce:,Alcohol,acid halide,ester,alkane,,A,,ocr_visual,SZABMU-MDCAT-2025 3,93
1664,2025-szabmu-mdcat-2025-118-1664,2025,SZABMU-MDCAT-2025,3,Chemistry,118,"118 In separate vessel of volume 2000 cm? and 1500cm?, 6g of hydrogen and 28g of nitrogen are mixed in each vessel at 25°C, ammonia formed is?) N2+ 3H: = 2NH3",More in 2 L vessel,More in 1500 cm? vessel,Equal in both vessel,Cannot be predicted,,B,,ocr_visual,SZABMU-MDCAT-2025 3,93
1665,2025-szabmu-mdcat-2025-119-1665,2025,SZABMU-MDCAT-2025,3,Chemistry,119,119 The weakest intermolecular force present in liquid is?,dipole dipole forces,induce dipole force,Instantaneous dipole induced dipole force,hydrogen bonding,,C,,ocr_visual,SZABMU-MDCAT-2025 3,93
1666,2025-szabmu-mdcat-2025-120-1666,2025,SZABMU-MDCAT-2025,3,Chemistry,120,120 Number of sigma bond in acetylene and ethylene are?,3&5,5&3,6&5,5&6,,A,,ocr_visual,SZABMU-MDCAT-2025 3,93
1667,2025-szabmu-mdcat-2025-121-1667,2025,SZABMU-MDCAT-2025,3,Chemistry,121,121 Which of the following has smallest bond angle?,C3H>,NH;,Hos,BeCh,,C,,ocr_visual,SZABMU-MDCAT-2025 3,93
1668,2025-szabmu-mdcat-2025-122-1668,2025,SZABMU-MDCAT-2025,3,Chemistry,122,122 Which one of the following has highest ionic character?,AICL,BClh,PCl;,NaH,,D,,ocr_visual,SZABMU-MDCAT-2025 3,93
1669,2025-szabmu-mdcat-2025-123-1669,2025,SZABMU-MDCAT-2025,3,Chemistry,123,123 Which one has highest bond energy?,sp-s,sp*-s,sp?-s,sp*-p,,A,,ocr_visual,SZABMU-MDCAT-2025 3,93
1670,2025-szabmu-mdcat-2025-124-1670,2025,SZABMU-MDCAT-2025,3,Chemistry,124,124 The relationship of (+) tartaric acid and (-) Tarfaric acid are:,geometric isomers,enantiomers,diasterecomers,_ plannar,,B,,ocr_visual,SZABMU-MDCAT-2025 3,93
1671,2025-szabmu-mdcat-2025-125-1671,2025,SZABMU-MDCAT-2025,3,Chemistry,125,125 TUPAC name of compound CsHsCOCH; is?,methylphenylketone,phenylethanone,octan-2-one,benzylethanone,,B,,ocr_visual,SZABMU-MDCAT-2025 3,93
1672,2025-szabmu-mdcat-2025-126-1672,2025,SZABMU-MDCAT-2025,3,Chemistry,126,"126 During reaction of aldehyde with HCN, the hybridization of carbon atom of carbonyl group changes to:",sp— sp?,sp? — sp*,sp? sp?,dsp? sp?,,C,,ocr_visual,SZABMU-MDCAT-2025 3,93
1673,2025-szabmu-mdcat-2025-127-1673,2025,SZABMU-MDCAT-2025,3,Physics,127,"127 When thermal energy is transferred from a hot object to a cold one, the change occurs in the hot object as:",Increases in internal energy,Decrease in internal energy,Increase in temperature,Increase in heat content,,B,,ocr_visual,SZABMU-MDCAT-2025 3,93
1674,2025-szabmu-mdcat-2025-128-1674,2025,SZABMU-MDCAT-2025,3,Physics,128,128 Two spectral lines in the Hydrogen atom spectrum are close together. This likely means:,The energy difference is zero,The energy difference is small,The light intensity is low,The atom become unstable,,B,,ocr_visual,SZABMU-MDCAT-2025 3,93
1675,2025-szabmu-mdcat-2025-129-1675,2025,SZABMU-MDCAT-2025,3,Physics,129,129 When two identical waves arrive in phase at same point in a region at the same time the resultant displacement is equal to,Displacement of a single wave,Difference of their displacements,Sum of their displacements,Product of their displacements,,C,,ocr_visual,SZABMU-MDCAT-2025 3,93
1676,2025-szabmu-mdcat-2025-130-1676,2025,SZABMU-MDCAT-2025,3,Physics,130,130 High slope of Ohm's law graph means,Low resistance,High resistance,Open circuit,Low current,,A,,ocr_visual,SZABMU-MDCAT-2025 3,93
1677,2025-szabmu-mdcat-2025-131-1677,2025,SZABMU-MDCAT-2025,3,Physics,131,"131 The electric potential at a point due to a point charge is 100J/C. If a test charge of magnitude 1C placed at that point is replaced with a 2C charge, then the physical quantity that will change is",Electric Field at that point,Electric potential at that point,Electric Potential Energy of the system,Temperature,,C,,ocr_visual,SZABMU-MDCAT-2025 3,94
1678,2025-szabmu-mdcat-2025-132-1678,2025,SZABMU-MDCAT-2025,3,Physics,132,132 The waves among the following which require a material medium for their propagation are:,Gamma rays,X-rays,Infrared waves,Infrasonic waves,,D,,ocr_visual,SZABMU-MDCAT-2025 3,94
1679,2025-szabmu-mdcat-2025-133-1679,2025,SZABMU-MDCAT-2025,3,Physics,133,133 Unequal changes occurring in velocity of a body is called,Uniform acceleration,Uniform velocity,Instantaneous acceleration,Variable acceleration,,D,,ocr_visual,SZABMU-MDCAT-2025 3,94
1680,2025-szabmu-mdcat-2025-134-1680,2025,SZABMU-MDCAT-2025,3,Physics,134,"134 What will potential difference, if a wire has resistance of 109 and current 2A flow through it :",3V,10V,20V Correct,40V,,C,,ocr_visual,SZABMU-MDCAT-2025 3,94
1681,2025-szabmu-mdcat-2025-135-1681,2025,SZABMU-MDCAT-2025,3,Physics,135,"135 According to the particle model of light, a photon is:",A Particle with mass and charge,A quantum of energy with zero rest mass and zero charge,A continuous energy wave,A particle that travels slower than light,,B,,ocr_visual,SZABMU-MDCAT-2025 3,94
1682,2025-szabmu-mdcat-2025-136-1682,2025,SZABMU-MDCAT-2025,3,Physics,136,136 The current in forward biased PN junction is mainly due to:,Majority carriers,Minority carriers,leakage carrier,Thermionic emission,,A,,ocr_visual,SZABMU-MDCAT-2025 3,94
1683,2025-szabmu-mdcat-2025-137-1683,2025,SZABMU-MDCAT-2025,3,Physics,137,"137 Stationary waves are formed in a stretched string of 2m length, such that two vibrating loops are formed. The distance between consecutive nodes formed is:",0.5m,lm,2m,3m,,B,,ocr_visual,SZABMU-MDCAT-2025 3,94
1684,2025-szabmu-mdcat-2025-138-1684,2025,SZABMU-MDCAT-2025,3,Physics,138,"138 A football is kicked with a speed of 20 m/s at an angle of 30° with the horizontal, the maximum height it attains 1s:",35m,10m,lam,20m,,A,,ocr_visual,SZABMU-MDCAT-2025 3,94
1685,2025-szabmu-mdcat-2025-139-1685,2025,SZABMU-MDCAT-2025,3,Physics,139,A high internal resistance battery is not suitable for heavy loads due to:,Excess voltage drop,High terminal voltage,Infinite emf,Constant current,,A,,ocr_visual,SZABMU-MDCAT-2025 3,94
1686,2025-szabmu-mdcat-2025-140-1686,2025,SZABMU-MDCAT-2025,3,Physics,140,"140 Two equal charges experience a certain force when placed in vacuum. When the charges are placed in a medium, the force becomes 1/4 th. The dielectric constant of the medium is:",0.25,2,4,16,,C,,ocr_visual,SZABMU-MDCAT-2025 3,94
1687,2025-szabmu-mdcat-2025-141-1687,2025,SZABMU-MDCAT-2025,3,Physics,141,If a test charge of magnitude 2C experience forces of 100N and 200N at two points A and B in an electric field respectively. The ratio of electric fields at A to that of B is:,1:1,1:2,1:4,4:1,,B,,ocr_visual,SZABMU-MDCAT-2025 3,94
1688,2025-szabmu-mdcat-2025-142-1688,2025,SZABMU-MDCAT-2025,3,Physics,142,"142 A body of mass 2 kg moving with velocity 3 m/s collides with a body of mass 1 kg at rest. If they stick together, their common velocity after collision is:",lm/s,2 m/s,3 m/s,4 m/s,,B,,ocr_visual,SZABMU-MDCAT-2025 3,94
1689,2025-szabmu-mdcat-2025-143-1689,2025,SZABMU-MDCAT-2025,3,Physics,143,"143 Two balls thrown with equal speeds but at different angles cover equal horizontal distance. If one is thrown at an angle of 40°, then the angle of projection of the other is:",20°,30°,45°,50°,,D,,ocr_visual,SZABMU-MDCAT-2025 3,94
1690,2025-szabmu-mdcat-2025-144-1690,2025,SZABMU-MDCAT-2025,3,Physics,144,144 The work done on a body is stored in it in the form of:,Power,Energy,Momentum,Impulse,,B,,ocr_visual,SZABMU-MDCAT-2025 3,94
1691,2025-szabmu-mdcat-2025-145-1691,2025,SZABMU-MDCAT-2025,3,Physics,145,"145 If 20 waves pass a point in 2 seconds and with a speed of 5m/s, then the wavelength of wave is:",0.5m,1m,1.5m,2m,,A,,ocr_visual,SZABMU-MDCAT-2025 3,94
1692,2025-szabmu-mdcat-2025-146-1692,2025,SZABMU-MDCAT-2025,3,Physics,146,146 The unit of RC in case of charging a capacitor is,Farad,Seconds,Ohm,Volt,,B,,ocr_visual,SZABMU-MDCAT-2025 3,94
1693,2025-szabmu-mdcat-2025-147-1693,2025,SZABMU-MDCAT-2025,3,Physics,147,"147 A longitudinal wave has a frequency of 500 Hz and wavelength of 0.6 m, its speed is:",30 m/s,83 m/s,300 m/s,1200 m/s,,C,,ocr_visual,SZABMU-MDCAT-2025 3,94
1694,2025-szabmu-mdcat-2025-148-1694,2025,SZABMU-MDCAT-2025,3,Physics,148,The true statement about angular displacement is:,It always increases with time,It is treated as vector for small rotations,It is always a scalar quantity,It is measured in meters,,B,,ocr_visual,SZABMU-MDCAT-2025 3,94
1695,2025-szabmu-mdcat-2025-149-1695,2025,SZABMU-MDCAT-2025,3,Physics,149,149 x radians are equivalent to,30°,270°,90°,180°,,D,,ocr_visual,SZABMU-MDCAT-2025 3,95
1696,2025-szabmu-mdcat-2025-150-1696,2025,SZABMU-MDCAT-2025,3,Physics,150,A person moves 600 m towards north then 300 m towards south. Its displacement to distance ratio is:,1 : 2,1 : 3,2 : 1,3 : 1,,B,,ocr_visual,SZABMU-MDCAT-2025 3,95
1697,2025-szabmu-mdcat-2025-151-1697,2025,SZABMU-MDCAT-2025,3,Physics,151,151 In a stationary wave the point that undergoes zero acceleration is:,Node,Antinode,Midpoint between node and antinode,Every point along the wave,,A,,ocr_visual,SZABMU-MDCAT-2025 3,95
1698,2025-szabmu-mdcat-2025-152-1698,2025,SZABMU-MDCAT-2025,3,Physics,152,"152 If the speed of sound is measured at sea level and at the top of a mountain, both at the same temperature. It will be:",Greater at sea level,Greater at the mountain top,The same at both places,Greater where the air is denser,,C,,ocr_visual,SZABMU-MDCAT-2025 3,95
1699,2025-szabmu-mdcat-2025-153-1699,2025,SZABMU-MDCAT-2025,3,Physics,153,153 If voltage across a resistor is doubled then its resistance will become: (temperature and physical state of the conductor remains constant).,Doubled,Half,Four times,Remains constant,,D,,ocr_visual,SZABMU-MDCAT-2025 3,95
1700,2025-szabmu-mdcat-2025-154-1700,2025,SZABMU-MDCAT-2025,3,Physics,154,A particle is moving in a uniform circular path whose projection is executing simple harmonic motion on horizontal diameter. The ratio of instantaneous velocity to the maximum velocity of the projection while passing through the center is:,1:1,1:2,2:1,1:4,,A,,ocr_visual,SZABMU-MDCAT-2025 3,95
1701,2025-szabmu-mdcat-2025-155-1701,2025,SZABMU-MDCAT-2025,3,Physics,155,155 The option that shows the conditions used by Laplace for connecting the velocity of sound is options medium used thermodynamics process 1 solid adiabatic 2 liquids isobaric 3 gas adiabatic 4 gas isothermal,l,2,3,4,,C,,ocr_visual,SZABMU-MDCAT-2025 3,95
1702,2025-szabmu-mdcat-2025-156-1702,2025,SZABMU-MDCAT-2025,3,Physics,156,"If different colored light beams have same total energy, which color beam will contain the smallest number of photons?",Violet,Blue,Green,Red,,A,,ocr_visual,SZABMU-MDCAT-2025 3,95
1703,2025-szabmu-mdcat-2025-157-1703,2025,SZABMU-MDCAT-2025,3,Physics,157,157 A patient is injected with a radioactive isotope to trace blood flow and detect circulation issues. The isotope used is more likely to be:,Iodine-131,Phosphorus-32,Cobalt-60,Sodium-24,,D,,ocr_visual,SZABMU-MDCAT-2025 3,95
1704,2025-szabmu-mdcat-2025-158-1704,2025,SZABMU-MDCAT-2025,3,Physics,158,Water flows through a pipe of 0.02 m² with a speed of 3 m/s. The pipe narrows to 0.01 m². The speed in narrower section is:,1.5 m/s,3 m/s,6 m/s,9 m/s,,C,,ocr_visual,SZABMU-MDCAT-2025 3,95
1705,2025-szabmu-mdcat-2025-159-1705,2025,SZABMU-MDCAT-2025,3,Physics,159,"159 In the human circulatory system, turbulent blood flow is most likely to occur when the:",Vessel diameter is very small,Velocity of blood is very low,Blood flows through a clogged vessel,Blood viscosity increases,,C,,ocr_visual,SZABMU-MDCAT-2025 3,95
1706,2025-szabmu-mdcat-2025-160-1706,2025,SZABMU-MDCAT-2025,3,Physics,160,"160 A conducting ring is placed near a current-carrying coil. As the current in the coil increases, the induced current in the ring flows:",In the direction of magnetic field,To increases the magnetic flux,To oppose increasing magnetic flux,Randomly without a definite direction,,C,,ocr_visual,SZABMU-MDCAT-2025 3,95
1707,2025-szabmu-mdcat-2025-161-1707,2025,SZABMU-MDCAT-2025,3,Physics,161,"161 In progressive waves, energy is transferred from one point to another through:",Circular motion of particles,Oscillatory motion of particles,Rotation of particles,Translation of particles,,B,,ocr_visual,SZABMU-MDCAT-2025 3,95
1708,2025-szabmu-mdcat-2025-162-1708,2025,SZABMU-MDCAT-2025,3,Physics,162,A capacitor is connected to an ac source. If the frequency of the AC source is doubled the current in a purely capacitive circuit will:,Be doubled,Remains Unchanged,Become Half,Becomes zero,,A,,ocr_visual,SZABMU-MDCAT-2025 3,95
1709,2025-szabmu-mdcat-2025-163-1709,2025,SZABMU-MDCAT-2025,3,English,163,163 Pick out the sentence which illustrates the use of infinitive.,He refused to obey the orders.,He refused obeying the orders.,He refused obey the orders.,He refused obeyed the orders.,,A,,ocr_visual,SZABMU-MDCAT-2025 3,95
1710,2025-szabmu-mdcat-2025-164-1710,2025,SZABMU-MDCAT-2025,3,English,164,164 What is the effect of using synonyms with different shades of meaning in satire?,To create a serious tone,To highlight the absurdity or irony of a situation,To confuse the reader,To add complexity to the language,,B,,ocr_visual,SZABMU-MDCAT-2025 3,95
1711,2025-szabmu-mdcat-2025-165-1711,2025,SZABMU-MDCAT-2025,3,English,165,165 People approach the situation differently depending on who they are. The word 'approach' in this sentence means ..........,relate,coordinate,comprehend,verify,,C,,ocr_visual,SZABMU-MDCAT-2025 3,96
1712,2025-szabmu-mdcat-2025-166-1712,2025,SZABMU-MDCAT-2025,3,English,166,"166 The team won the match. _, they broke the school record.",Similarly,Nevertheless,Furthermore,Instead,,C,,ocr_visual,SZABMU-MDCAT-2025 3,96
1713,2025-szabmu-mdcat-2025-167-1713,2025,SZABMU-MDCAT-2025,3,English,167,167 Identify the sentence with no spelling error:,Rabia completes homework assignments well in time.,Rabia complete homwork assignments well in time.,Rabia completes homework asignments well in time.,Rabia completes homework assigments well in time.,,A,,ocr_visual,SZABMU-MDCAT-2025 3,96
1714,2025-szabmu-mdcat-2025-168-1714,2025,SZABMU-MDCAT-2025,3,English,168,168 Travelling in a hot dusty train gives me no pleasure. The underlined part of the sentence is:,Adverb phrase,Adjective phrase,Noun phrase,Infinitive phrase,,C,,ocr_visual,SZABMU-MDCAT-2025 3,96
1715,2025-szabmu-mdcat-2025-169-1715,2025,SZABMU-MDCAT-2025,3,English,169,"169 What does ""T've told you a million times"" means?",To provide an exact count,To emphasize frustration or impatience,To confuse the listener,To make the character sound foolish,,B,,ocr_visual,SZABMU-MDCAT-2025 3,96
1716,2025-szabmu-mdcat-2025-170-1716,2025,SZABMU-MDCAT-2025,3,English,170,170 The book was written by Rashid Khan. Identify the correct usage of voice.,Rashid Khan writes the book.,Rashid Khan wrote the book.,Rashid Khan written the book.,Rashid Khan has write the book.,,B,,ocr_visual,SZABMU-MDCAT-2025 3,96
1717,2025-szabmu-mdcat-2025-171-1717,2025,SZABMU-MDCAT-2025,3,English,171,171 Identify the example of complex sentence.,I both thanked him and rewarded him.,Life is what we make it.,He owed his success to his father.,"Jumping up, he ran away.",,B,,ocr_visual,SZABMU-MDCAT-2025 3,96
1718,2025-szabmu-mdcat-2025-172-1718,2025,SZABMU-MDCAT-2025,3,Logical Reasoning,172,"172 Every alphabet in the word ""SURGEON"" represent a fixed numerical value and the numbers when added, sum up to 99. Based on this, what will the sum of the word ""EORGNSU"".",102,78,99,56,,C,,ocr_visual,SZABMU-MDCAT-2025 3,96
1719,2025-szabmu-mdcat-2025-173-1719,2025,SZABMU-MDCAT-2025,3,Logical Reasoning,173,173 What is the primary difference between hypothesis and a theory?,"A hypothesis is a proven fact, while a theory is an unproven data","A hypothesis is a specific prediction, while a theory is a broad explaination","A hypothesis is a qualitative statement, while a theory is quantitative statement","A hypothesis is a tentative explanation, while a theory is a well-substantiated explanation",,D,,ocr_visual,SZABMU-MDCAT-2025 3,96
1720,2025-szabmu-mdcat-2025-174-1720,2025,SZABMU-MDCAT-2025,3,Logical Reasoning,174,"174 What comes next? ZX, WU, TR, QO,____",NL,LN,NM,KH,,A,,ocr_visual,SZABMU-MDCAT-2025 3,96
1721,2025-szabmu-mdcat-2025-175-1721,2025,SZABMU-MDCAT-2025,3,Logical Reasoning,175,"175 In a row of students, a student is at 13th position from the left end and at 20th position from the right end. How many students are there in the row?",30,31,32,33,,C,,ocr_visual,SZABMU-MDCAT-2025 3,96
1722,2025-szabmu-mdcat-2025-176-1722,2025,SZABMU-MDCAT-2025,3,Logical Reasoning,176,A is older than B but younger than F. C is younger than B but older than D. Who is the youngest of them?,A,B,C,D,,D,,ocr_visual,SZABMU-MDCAT-2025 3,96
1723,2025-szabmu-mdcat-2025-177-1723,2025,SZABMU-MDCAT-2025,3,Logical Reasoning,177,"177 A hiker climbed to a higher altitude, where he felt the air pressure was lower as compared to the lower altitude. What is the likely effect?",The hiker felt more energetic.,. The hiker felt no difficulty in breathing.,The hiker might experience altitude sickness.,The hiker felt healthier and fresh.,,C,,ocr_visual,SZABMU-MDCAT-2025 3,96
1724,2025-szabmu-mdcat-2025-178-1724,2025,SZABMU-MDCAT-2025,3,Logical Reasoning,178,178 An outbreak of a corona disease is reported in the city. What should be the first course of action?,Develop a vaccination plan.,Conduct research on the disease.,Implement quarantine measures.,Inform the public by using all means.,,D,,ocr_visual,SZABMU-MDCAT-2025 3,96
1725,2025-szabmu-mdcat-2025-179-1725,2025,SZABMU-MDCAT-2025,3,Logical Reasoning,179,"179 Find the next number: 5, 11, 23,47,95, —?",190,191,192,193,,B,,ocr_visual,SZABMU-MDCAT-2025 3,96
1726,2025-szabmu-mdcat-2025-180-1726,2025,SZABMU-MDCAT-2025,3,Logical Reasoning,180,"180 Which number comes in the missing place? 1,3,7,15,31,",61,63,65,67,,B,,ocr_visual,SZABMU-MDCAT-2025 3,96
1727,2025-uhs-lahore-mdcat-2025-1-1727,2025,UHS-Lahore-MDCAT-2025,C,Biology,1,"Paper ID- C Qi. Q2. Q3. Q4. Q5. Qé. Q7. Qs. Q9. According to Lamarck, the evolution of long necks in giraffes is explained by:",Natural selection,Genetic mutation,Survival of the fittest,Stretching of necks over generations The process of spermatogenesis occurs in which part of the male reproductive system?,,D,,ocr_visual,UHS-Lahore-MDCAT-2025 C,98
1728,2025-uhs-lahore-mdcat-2025-2-1728,2025,UHS-Lahore-MDCAT-2025,C,Biology,2,"Paper ID- C Qi. Q2. Q3. Q4. Q5. Qé. Q7. Qs. Q9. According to Lamarck, the evolution of long necks in giraffes is explained by: a) Natural selection b) Genetic mutation c) Survival of the fittest d) Stretching of necks over generations The process of spermatogenesis occurs in which part of the male reproductive system?",Seminiferous tubules,Vas deferens,Scrotum,Epididymis Which layer of uterus nourishes the embryo after implantation?,,A,,ocr_visual,UHS-Lahore-MDCAT-2025 C,98
1729,2025-uhs-lahore-mdcat-2025-3-1729,2025,UHS-Lahore-MDCAT-2025,C,Biology,3,"Paper ID- C Qi. Q2. Q3. Q4. Q5. Qé. Q7. Qs. Q9. According to Lamarck, the evolution of long necks in giraffes is explained by: a) Natural selection b) Genetic mutation c) Survival of the fittest d) Stretching of necks over generations The process of spermatogenesis occurs in which part of the male reproductive system? a) Seminiferous tubules b) Vas deferens c) Scrotum d) Epididymis Which layer of uterus nourishes the embryo after implantation?",Cervical epithelium,Myometrium,Endometrium,Perimetrium The main role of mRNA during protein synthesis is to:,,C,,ocr_visual,UHS-Lahore-MDCAT-2025 C,98
1730,2025-uhs-lahore-mdcat-2025-4-1730,2025,UHS-Lahore-MDCAT-2025,C,Biology,4,"Paper ID- C Qi. Q2. Q3. Q4. Q5. Qé. Q7. Qs. Q9. According to Lamarck, the evolution of long necks in giraffes is explained by: a) Natural selection b) Genetic mutation c) Survival of the fittest d) Stretching of necks over generations The process of spermatogenesis occurs in which part of the male reproductive system? a) Seminiferous tubules b) Vas deferens c) Scrotum d) Epididymis Which layer of uterus nourishes the embryo after implantation? a) Cervical epithelium b) Myometrium c) Endometrium d) Perimetrium The main role of mRNA during protein synthesis is to:",Carry genetic information for protein synthesis,stabilize ribosome,deliver amino acids,provide platform for proteins synthesis Glycoproteins are formed as a result of the combination of:,,A,,ocr_visual,UHS-Lahore-MDCAT-2025 C,98
1731,2025-uhs-lahore-mdcat-2025-5-1731,2025,UHS-Lahore-MDCAT-2025,C,Biology,5,"Paper ID- C Qi. Q2. Q3. Q4. Q5. Qé. Q7. Qs. Q9. According to Lamarck, the evolution of long necks in giraffes is explained by: a) Natural selection b) Genetic mutation c) Survival of the fittest d) Stretching of necks over generations The process of spermatogenesis occurs in which part of the male reproductive system? a) Seminiferous tubules b) Vas deferens c) Scrotum d) Epididymis Which layer of uterus nourishes the embryo after implantation? a) Cervical epithelium b) Myometrium c) Endometrium d) Perimetrium The main role of mRNA during protein synthesis is to: a) Carry genetic information for protein synthesis b) stabilize ribosome c) deliver amino acids d) provide platform for proteins synthesis Glycoproteins are formed as a result of the combination of:",Lipids and proteins,Carbohydrates and proteins,Nucleic acid and proteins,Fatty acids and carbohydrates A student observed a boundary in both plant and animal cells that controls entry and exit of substances. Which of the following structures is likely being observed?,,B,,ocr_visual,UHS-Lahore-MDCAT-2025 C,98
1732,2025-uhs-lahore-mdcat-2025-6-1732,2025,UHS-Lahore-MDCAT-2025,C,Biology,6,"Paper ID- C Qi. Q2. Q3. Q4. Q5. Qé. Q7. Qs. Q9. According to Lamarck, the evolution of long necks in giraffes is explained by: a) Natural selection b) Genetic mutation c) Survival of the fittest d) Stretching of necks over generations The process of spermatogenesis occurs in which part of the male reproductive system? a) Seminiferous tubules b) Vas deferens c) Scrotum d) Epididymis Which layer of uterus nourishes the embryo after implantation? a) Cervical epithelium b) Myometrium c) Endometrium d) Perimetrium The main role of mRNA during protein synthesis is to: a) Carry genetic information for protein synthesis b) stabilize ribosome c) deliver amino acids d) provide platform for proteins synthesis Glycoproteins are formed as a result of the combination of: a) Lipids and proteins b) Carbohydrates and proteins c) Nucleic acid and proteins d) Fatty acids and carbohydrates A student observed a boundary in both plant and animal cells that controls entry and exit of substances. Which of the following structures is likely being observed?",Mitochondria,Golgi apparatus,Plasma membrane,Cell wall If a normal person marries with colour blind female what will be the possibility of normal male child:,,C,,ocr_visual,UHS-Lahore-MDCAT-2025 C,98
1733,2025-uhs-lahore-mdcat-2025-7-1733,2025,UHS-Lahore-MDCAT-2025,C,Biology,7,"Paper ID- C Qi. Q2. Q3. Q4. Q5. Qé. Q7. Qs. Q9. According to Lamarck, the evolution of long necks in giraffes is explained by: a) Natural selection b) Genetic mutation c) Survival of the fittest d) Stretching of necks over generations The process of spermatogenesis occurs in which part of the male reproductive system? a) Seminiferous tubules b) Vas deferens c) Scrotum d) Epididymis Which layer of uterus nourishes the embryo after implantation? a) Cervical epithelium b) Myometrium c) Endometrium d) Perimetrium The main role of mRNA during protein synthesis is to: a) Carry genetic information for protein synthesis b) stabilize ribosome c) deliver amino acids d) provide platform for proteins synthesis Glycoproteins are formed as a result of the combination of: a) Lipids and proteins b) Carbohydrates and proteins c) Nucleic acid and proteins d) Fatty acids and carbohydrates A student observed a boundary in both plant and animal cells that controls entry and exit of substances. Which of the following structures is likely being observed? a) Mitochondria b) Golgi apparatus c) Plasma membrane d) Cell wall If a normal person marries with colour blind female what will be the possibility of normal male child:",0%,25%,50%,75% Which of the following characters is shared by both skeletal and cardiac muscles?,,A,,ocr_visual,UHS-Lahore-MDCAT-2025 C,98
1734,2025-uhs-lahore-mdcat-2025-8-1734,2025,UHS-Lahore-MDCAT-2025,C,Biology,8,"Paper ID- C Qi. Q2. Q3. Q4. Q5. Qé. Q7. Qs. Q9. According to Lamarck, the evolution of long necks in giraffes is explained by: a) Natural selection b) Genetic mutation c) Survival of the fittest d) Stretching of necks over generations The process of spermatogenesis occurs in which part of the male reproductive system? a) Seminiferous tubules b) Vas deferens c) Scrotum d) Epididymis Which layer of uterus nourishes the embryo after implantation? a) Cervical epithelium b) Myometrium c) Endometrium d) Perimetrium The main role of mRNA during protein synthesis is to: a) Carry genetic information for protein synthesis b) stabilize ribosome c) deliver amino acids d) provide platform for proteins synthesis Glycoproteins are formed as a result of the combination of: a) Lipids and proteins b) Carbohydrates and proteins c) Nucleic acid and proteins d) Fatty acids and carbohydrates A student observed a boundary in both plant and animal cells that controls entry and exit of substances. Which of the following structures is likely being observed? a) Mitochondria b) Golgi apparatus c) Plasma membrane d) Cell wall If a normal person marries with colour blind female what will be the possibility of normal male child: a) 0% b) 25% c) 50% d) 75% Which of the following characters is shared by both skeletal and cardiac muscles?",Presence of Striation,Involuntary control,Multinucleated fibers,Intercalated discs Which of the following muscle types are involuntary in action?,,A,,ocr_visual,UHS-Lahore-MDCAT-2025 C,98
1735,2025-uhs-lahore-mdcat-2025-9-1735,2025,UHS-Lahore-MDCAT-2025,C,Biology,9,"Paper ID- C Qi. Q2. Q3. Q4. Q5. Qé. Q7. Qs. Q9. According to Lamarck, the evolution of long necks in giraffes is explained by: a) Natural selection b) Genetic mutation c) Survival of the fittest d) Stretching of necks over generations The process of spermatogenesis occurs in which part of the male reproductive system? a) Seminiferous tubules b) Vas deferens c) Scrotum d) Epididymis Which layer of uterus nourishes the embryo after implantation? a) Cervical epithelium b) Myometrium c) Endometrium d) Perimetrium The main role of mRNA during protein synthesis is to: a) Carry genetic information for protein synthesis b) stabilize ribosome c) deliver amino acids d) provide platform for proteins synthesis Glycoproteins are formed as a result of the combination of: a) Lipids and proteins b) Carbohydrates and proteins c) Nucleic acid and proteins d) Fatty acids and carbohydrates A student observed a boundary in both plant and animal cells that controls entry and exit of substances. Which of the following structures is likely being observed? a) Mitochondria b) Golgi apparatus c) Plasma membrane d) Cell wall If a normal person marries with colour blind female what will be the possibility of normal male child: a) 0% b) 25% c) 50% d) 75% Which of the following characters is shared by both skeletal and cardiac muscles? a) Presence of Striation b) Involuntary control c) Multinucleated fibers d) Intercalated discs Which of the following muscle types are involuntary in action?",Skeletal and smooth,Skeletal and cardiac,Cardiac and smooth,Smooth muscle only Page 1 of 22,,C,,ocr_visual,UHS-Lahore-MDCAT-2025 C,98
1736,2025-uhs-lahore-mdcat-2025-10-1736,2025,UHS-Lahore-MDCAT-2025,C,Biology,10,"Pap Q10 Qi1 Q12. Q13. Q14 Q15. Q16. Q17. qQis. er ID- C : In which of the following combinations, both components have non-striated muscle fibers?",Intestine & biceps,Intestine & blood vessels,Heart & lungs,"Stomach & heart . Kidneys perform their osmoregulatory role under the effect of Antidiuretic Hormone, which type of urine is produced in this situation?",,B,,ocr_visual,UHS-Lahore-MDCAT-2025 C,99
1737,2025-uhs-lahore-mdcat-2025-11-1737,2025,UHS-Lahore-MDCAT-2025,C,Biology,11,"Pap Q10 Qi1 Q12. Q13. Q14 Q15. Q16. Q17. qQis. er ID- C : In which of the following combinations, both components have non-striated muscle fibers? a) Intestine & biceps b) Intestine & blood vessels c) Heart & lungs d) Stomach & heart . Kidneys perform their osmoregulatory role under the effect of Antidiuretic Hormone, which type of urine is produced in this situation?",Hypotonic urine with decreased volume,Hypotonic urine with increased volume,Hypertonic urine with decreased volume,Hypertonic urine with increased volume Which part of brain controls transition between sleeping and wakefulness?,,C,,ocr_visual,UHS-Lahore-MDCAT-2025 C,99
1738,2025-uhs-lahore-mdcat-2025-12-1738,2025,UHS-Lahore-MDCAT-2025,C,Biology,12,"Pap Q10 Qi1 Q12. Q13. Q14 Q15. Q16. Q17. qQis. er ID- C : In which of the following combinations, both components have non-striated muscle fibers? a) Intestine & biceps b) Intestine & blood vessels c) Heart & lungs d) Stomach & heart . Kidneys perform their osmoregulatory role under the effect of Antidiuretic Hormone, which type of urine is produced in this situation? a) Hypotonic urine with decreased volume b) Hypotonic urine with increased volume c) Hypertonic urine with decreased volume d) Hypertonic urine with increased volume Which part of brain controls transition between sleeping and wakefulness?",Medulla oblongata,Cerebellum,Cerebrum,Pons Which part of the brain contains central chemoreceptors that monitor CO2 levels in blood?,,D,,ocr_visual,UHS-Lahore-MDCAT-2025 C,99
1739,2025-uhs-lahore-mdcat-2025-13-1739,2025,UHS-Lahore-MDCAT-2025,C,Biology,13,"Pap Q10 Qi1 Q12. Q13. Q14 Q15. Q16. Q17. qQis. er ID- C : In which of the following combinations, both components have non-striated muscle fibers? a) Intestine & biceps b) Intestine & blood vessels c) Heart & lungs d) Stomach & heart . Kidneys perform their osmoregulatory role under the effect of Antidiuretic Hormone, which type of urine is produced in this situation? a) Hypotonic urine with decreased volume b) Hypotonic urine with increased volume c) Hypertonic urine with decreased volume d) Hypertonic urine with increased volume Which part of brain controls transition between sleeping and wakefulness? a) Medulla oblongata b) Cerebellum c) Cerebrum d) Pons Which part of the brain contains central chemoreceptors that monitor CO2 levels in blood?",Pons,Midbrain,Hypothalamus,Medulla oblongata : Which component of a reflex arc connects the sensory neuron to the motor neuron within the spinal cord?,,D,,ocr_visual,UHS-Lahore-MDCAT-2025 C,99
1740,2025-uhs-lahore-mdcat-2025-14-1740,2025,UHS-Lahore-MDCAT-2025,C,Biology,14,"Pap Q10 Qi1 Q12. Q13. Q14 Q15. Q16. Q17. qQis. er ID- C : In which of the following combinations, both components have non-striated muscle fibers? a) Intestine & biceps b) Intestine & blood vessels c) Heart & lungs d) Stomach & heart . Kidneys perform their osmoregulatory role under the effect of Antidiuretic Hormone, which type of urine is produced in this situation? a) Hypotonic urine with decreased volume b) Hypotonic urine with increased volume c) Hypertonic urine with decreased volume d) Hypertonic urine with increased volume Which part of brain controls transition between sleeping and wakefulness? a) Medulla oblongata b) Cerebellum c) Cerebrum d) Pons Which part of the brain contains central chemoreceptors that monitor CO2 levels in blood? a) Pons b) Midbrain c) Hypothalamus d) Medulla oblongata : Which component of a reflex arc connects the sensory neuron to the motor neuron within the spinal cord?",Receptor,Effector,Muscle fiber,Associative neuron The 9.3.3.1 ratio of law of independent assortment can be affected by,,D,,ocr_visual,UHS-Lahore-MDCAT-2025 C,99
1741,2025-uhs-lahore-mdcat-2025-15-1741,2025,UHS-Lahore-MDCAT-2025,C,Biology,15,"Pap Q10 Qi1 Q12. Q13. Q14 Q15. Q16. Q17. qQis. er ID- C : In which of the following combinations, both components have non-striated muscle fibers? a) Intestine & biceps b) Intestine & blood vessels c) Heart & lungs d) Stomach & heart . Kidneys perform their osmoregulatory role under the effect of Antidiuretic Hormone, which type of urine is produced in this situation? a) Hypotonic urine with decreased volume b) Hypotonic urine with increased volume c) Hypertonic urine with decreased volume d) Hypertonic urine with increased volume Which part of brain controls transition between sleeping and wakefulness? a) Medulla oblongata b) Cerebellum c) Cerebrum d) Pons Which part of the brain contains central chemoreceptors that monitor CO2 levels in blood? a) Pons b) Midbrain c) Hypothalamus d) Medulla oblongata : Which component of a reflex arc connects the sensory neuron to the motor neuron within the spinal cord? a) Receptor b) Effector c) Muscle fiber d) Associative neuron The 9.3.3.1 ratio of law of independent assortment can be affected by",Genetic drift,Small population,Gene linkage,Gene duplication Best description of the process of crossing over during meiosis:,,C,,ocr_visual,UHS-Lahore-MDCAT-2025 C,99
1742,2025-uhs-lahore-mdcat-2025-16-1742,2025,UHS-Lahore-MDCAT-2025,C,Biology,16,"Pap Q10 Qi1 Q12. Q13. Q14 Q15. Q16. Q17. qQis. er ID- C : In which of the following combinations, both components have non-striated muscle fibers? a) Intestine & biceps b) Intestine & blood vessels c) Heart & lungs d) Stomach & heart . Kidneys perform their osmoregulatory role under the effect of Antidiuretic Hormone, which type of urine is produced in this situation? a) Hypotonic urine with decreased volume b) Hypotonic urine with increased volume c) Hypertonic urine with decreased volume d) Hypertonic urine with increased volume Which part of brain controls transition between sleeping and wakefulness? a) Medulla oblongata b) Cerebellum c) Cerebrum d) Pons Which part of the brain contains central chemoreceptors that monitor CO2 levels in blood? a) Pons b) Midbrain c) Hypothalamus d) Medulla oblongata : Which component of a reflex arc connects the sensory neuron to the motor neuron within the spinal cord? a) Receptor b) Effector c) Muscle fiber d) Associative neuron The 9.3.3.1 ratio of law of independent assortment can be affected by a) Genetic drift b) Small population c) Gene linkage d) Gene duplication Best description of the process of crossing over during meiosis:",Duplication of chromosome,Exchange of genes between non-sister chromatids,Movement of chromosome to opposite poles,Separation of sister chromatids Total number of linkage groups in a normal human is:,,B,,ocr_visual,UHS-Lahore-MDCAT-2025 C,99
1743,2025-uhs-lahore-mdcat-2025-17-1743,2025,UHS-Lahore-MDCAT-2025,C,Biology,17,"Pap Q10 Qi1 Q12. Q13. Q14 Q15. Q16. Q17. qQis. er ID- C : In which of the following combinations, both components have non-striated muscle fibers? a) Intestine & biceps b) Intestine & blood vessels c) Heart & lungs d) Stomach & heart . Kidneys perform their osmoregulatory role under the effect of Antidiuretic Hormone, which type of urine is produced in this situation? a) Hypotonic urine with decreased volume b) Hypotonic urine with increased volume c) Hypertonic urine with decreased volume d) Hypertonic urine with increased volume Which part of brain controls transition between sleeping and wakefulness? a) Medulla oblongata b) Cerebellum c) Cerebrum d) Pons Which part of the brain contains central chemoreceptors that monitor CO2 levels in blood? a) Pons b) Midbrain c) Hypothalamus d) Medulla oblongata : Which component of a reflex arc connects the sensory neuron to the motor neuron within the spinal cord? a) Receptor b) Effector c) Muscle fiber d) Associative neuron The 9.3.3.1 ratio of law of independent assortment can be affected by a) Genetic drift b) Small population c) Gene linkage d) Gene duplication Best description of the process of crossing over during meiosis: a) Duplication of chromosome b) Exchange of genes between non-sister chromatids c) Movement of chromosome to opposite poles d) Separation of sister chromatids Total number of linkage groups in a normal human is:",02,23,46,92 Nissls granule is a specialized structure in neuron formed by modification of:,,B,,ocr_visual,UHS-Lahore-MDCAT-2025 C,99
1744,2025-uhs-lahore-mdcat-2025-18-1744,2025,UHS-Lahore-MDCAT-2025,C,Biology,18,"Pap Q10 Qi1 Q12. Q13. Q14 Q15. Q16. Q17. qQis. er ID- C : In which of the following combinations, both components have non-striated muscle fibers? a) Intestine & biceps b) Intestine & blood vessels c) Heart & lungs d) Stomach & heart . Kidneys perform their osmoregulatory role under the effect of Antidiuretic Hormone, which type of urine is produced in this situation? a) Hypotonic urine with decreased volume b) Hypotonic urine with increased volume c) Hypertonic urine with decreased volume d) Hypertonic urine with increased volume Which part of brain controls transition between sleeping and wakefulness? a) Medulla oblongata b) Cerebellum c) Cerebrum d) Pons Which part of the brain contains central chemoreceptors that monitor CO2 levels in blood? a) Pons b) Midbrain c) Hypothalamus d) Medulla oblongata : Which component of a reflex arc connects the sensory neuron to the motor neuron within the spinal cord? a) Receptor b) Effector c) Muscle fiber d) Associative neuron The 9.3.3.1 ratio of law of independent assortment can be affected by a) Genetic drift b) Small population c) Gene linkage d) Gene duplication Best description of the process of crossing over during meiosis: a) Duplication of chromosome b) Exchange of genes between non-sister chromatids c) Movement of chromosome to opposite poles d) Separation of sister chromatids Total number of linkage groups in a normal human is: a) 02 b) 23 c) 46 d) 92 Nissls granule is a specialized structure in neuron formed by modification of:",Golgi bodies & Smooth ER,Peroxisome & Mitochondria,Lysosome & Vacuole,Ribosome & Rough ER Page 2 of 22,,D,,ocr_visual,UHS-Lahore-MDCAT-2025 C,99
1745,2025-uhs-lahore-mdcat-2025-19-1745,2025,UHS-Lahore-MDCAT-2025,C,Biology,19,Pap Q19 Q20. Q21. er ID- C : What is the function of a centromere?,To protect the ends of chromosomes,To hold sister chromatids together,To carry genetic information,To initiate DNA replication All are the functions of lysosome EXCEPT:,,B,,ocr_visual,UHS-Lahore-MDCAT-2025 C,100
1746,2025-uhs-lahore-mdcat-2025-20-1746,2025,UHS-Lahore-MDCAT-2025,C,Biology,20,Pap Q19 Q20. Q21. er ID- C : What is the function of a centromere? a) To protect the ends of chromosomes b) To hold sister chromatids together c) To carry genetic information d) To initiate DNA replication All are the functions of lysosome EXCEPT:,Intra cellular digestion,Removal of the waste,Autophagy,Lipid synthesis The first consequence of lymphatic blockage in tissues is:,,D,,ocr_visual,UHS-Lahore-MDCAT-2025 C,100
1747,2025-uhs-lahore-mdcat-2025-21-1747,2025,UHS-Lahore-MDCAT-2025,C,Biology,21,Pap Q19 Q20. Q21. er ID- C : What is the function of a centromere? a) To protect the ends of chromosomes b) To hold sister chromatids together c) To carry genetic information d) To initiate DNA replication All are the functions of lysosome EXCEPT: a) Intra cellular digestion b) Removal of the waste c) Autophagy d) Lipid synthesis The first consequence of lymphatic blockage in tissues is:,Deficiency of oxygen,Loss of nerve signals,Drop in blood pressure,Excess fluid accumulation in tissue Q22. Which of the following is the auditory relay Centre and Centre that controls reflex movement Q23. Q24. Q25. Q26. Q27. of eyes?,,D,,ocr_visual,UHS-Lahore-MDCAT-2025 C,100
1748,2025-uhs-lahore-mdcat-2025-22-1748,2025,UHS-Lahore-MDCAT-2025,C,Biology,22,Pap Q19 Q20. Q21. er ID- C : What is the function of a centromere? a) To protect the ends of chromosomes b) To hold sister chromatids together c) To carry genetic information d) To initiate DNA replication All are the functions of lysosome EXCEPT: a) Intra cellular digestion b) Removal of the waste c) Autophagy d) Lipid synthesis The first consequence of lymphatic blockage in tissues is: a) Deficiency of oxygen b) Loss of nerve signals c) Drop in blood pressure d) Excess fluid accumulation in tissue Q22. Which of the following is the auditory relay Centre and Centre that controls reflex movement Q23. Q24. Q25. Q26. Q27. of eyes?,Forebrain,Cerebellum,Midbrain,Cerebellum Which of the following is the correct pathway of nerve impulse?,,C,,ocr_visual,UHS-Lahore-MDCAT-2025 C,100
1749,2025-uhs-lahore-mdcat-2025-23-1749,2025,UHS-Lahore-MDCAT-2025,C,Biology,23,Pap Q19 Q20. Q21. er ID- C : What is the function of a centromere? a) To protect the ends of chromosomes b) To hold sister chromatids together c) To carry genetic information d) To initiate DNA replication All are the functions of lysosome EXCEPT: a) Intra cellular digestion b) Removal of the waste c) Autophagy d) Lipid synthesis The first consequence of lymphatic blockage in tissues is: a) Deficiency of oxygen b) Loss of nerve signals c) Drop in blood pressure d) Excess fluid accumulation in tissue Q22. Which of the following is the auditory relay Centre and Centre that controls reflex movement Q23. Q24. Q25. Q26. Q27. of eyes? a) Forebrain b) Cerebellum c) Midbrain d) Cerebellum Which of the following is the correct pathway of nerve impulse?,Receptors—> CNS-— Effectors,Effectors— Receptors — CNS,CNS—> Effectors— Receptors,Effectors — CNS — Receptors The neurotransmitters are secreted by the neuron from:,,A,,ocr_visual,UHS-Lahore-MDCAT-2025 C,100
1750,2025-uhs-lahore-mdcat-2025-24-1750,2025,UHS-Lahore-MDCAT-2025,C,Biology,24,Pap Q19 Q20. Q21. er ID- C : What is the function of a centromere? a) To protect the ends of chromosomes b) To hold sister chromatids together c) To carry genetic information d) To initiate DNA replication All are the functions of lysosome EXCEPT: a) Intra cellular digestion b) Removal of the waste c) Autophagy d) Lipid synthesis The first consequence of lymphatic blockage in tissues is: a) Deficiency of oxygen b) Loss of nerve signals c) Drop in blood pressure d) Excess fluid accumulation in tissue Q22. Which of the following is the auditory relay Centre and Centre that controls reflex movement Q23. Q24. Q25. Q26. Q27. of eyes? a) Forebrain b) Cerebellum c) Midbrain d) Cerebellum Which of the following is the correct pathway of nerve impulse? a) Receptors—> CNS-— Effectors b) Effectors— Receptors — CNS c) CNS—> Effectors— Receptors d) Effectors — CNS — Receptors The neurotransmitters are secreted by the neuron from:,Axon ends,Dendrite end,Nissl's granules,Cell body Hippocampus plays an important role in the:,,A,,ocr_visual,UHS-Lahore-MDCAT-2025 C,100
1751,2025-uhs-lahore-mdcat-2025-25-1751,2025,UHS-Lahore-MDCAT-2025,C,Biology,25,Pap Q19 Q20. Q21. er ID- C : What is the function of a centromere? a) To protect the ends of chromosomes b) To hold sister chromatids together c) To carry genetic information d) To initiate DNA replication All are the functions of lysosome EXCEPT: a) Intra cellular digestion b) Removal of the waste c) Autophagy d) Lipid synthesis The first consequence of lymphatic blockage in tissues is: a) Deficiency of oxygen b) Loss of nerve signals c) Drop in blood pressure d) Excess fluid accumulation in tissue Q22. Which of the following is the auditory relay Centre and Centre that controls reflex movement Q23. Q24. Q25. Q26. Q27. of eyes? a) Forebrain b) Cerebellum c) Midbrain d) Cerebellum Which of the following is the correct pathway of nerve impulse? a) Receptors—> CNS-— Effectors b) Effectors— Receptors — CNS c) CNS—> Effectors— Receptors d) Effectors — CNS — Receptors The neurotransmitters are secreted by the neuron from: a) Axon ends b) Dendrite end c) Nissl's granules d) Cell body Hippocampus plays an important role in the:,Formation of short-term memory,Formation of image on retina,Formation of long-term memory,Formation of emotions Enzymes activity decreases at very low or high pH because:,,C,,ocr_visual,UHS-Lahore-MDCAT-2025 C,100
1752,2025-uhs-lahore-mdcat-2025-26-1752,2025,UHS-Lahore-MDCAT-2025,C,Biology,26,Pap Q19 Q20. Q21. er ID- C : What is the function of a centromere? a) To protect the ends of chromosomes b) To hold sister chromatids together c) To carry genetic information d) To initiate DNA replication All are the functions of lysosome EXCEPT: a) Intra cellular digestion b) Removal of the waste c) Autophagy d) Lipid synthesis The first consequence of lymphatic blockage in tissues is: a) Deficiency of oxygen b) Loss of nerve signals c) Drop in blood pressure d) Excess fluid accumulation in tissue Q22. Which of the following is the auditory relay Centre and Centre that controls reflex movement Q23. Q24. Q25. Q26. Q27. of eyes? a) Forebrain b) Cerebellum c) Midbrain d) Cerebellum Which of the following is the correct pathway of nerve impulse? a) Receptors—> CNS-— Effectors b) Effectors— Receptors — CNS c) CNS—> Effectors— Receptors d) Effectors — CNS — Receptors The neurotransmitters are secreted by the neuron from: a) Axon ends b) Dendrite end c) Nissl's granules d) Cell body Hippocampus plays an important role in the: a) Formation of short-term memory b) Formation of image on retina c) Formation of long-term memory d) Formation of emotions Enzymes activity decreases at very low or high pH because:,Substrate concentration increases,Enzymes become denatured,Product formation increases,Temperature becomes constant,,B,,ocr_visual,UHS-Lahore-MDCAT-2025 C,100
1753,2025-uhs-lahore-mdcat-2025-27-1753,2025,UHS-Lahore-MDCAT-2025,C,Biology,27,Pap Q19 Q20. Q21. er ID- C : What is the function of a centromere? a) To protect the ends of chromosomes b) To hold sister chromatids together c) To carry genetic information d) To initiate DNA replication All are the functions of lysosome EXCEPT: a) Intra cellular digestion b) Removal of the waste c) Autophagy d) Lipid synthesis The first consequence of lymphatic blockage in tissues is: a) Deficiency of oxygen b) Loss of nerve signals c) Drop in blood pressure d) Excess fluid accumulation in tissue Q22. Which of the following is the auditory relay Centre and Centre that controls reflex movement Q23. Q24. Q25. Q26. Q27. of eyes? a) Forebrain b) Cerebellum c) Midbrain d) Cerebellum Which of the following is the correct pathway of nerve impulse? a) Receptors—> CNS-— Effectors b) Effectors— Receptors — CNS c) CNS—> Effectors— Receptors d) Effectors — CNS — Receptors The neurotransmitters are secreted by the neuron from: a) Axon ends b) Dendrite end c) Nissl's granules d) Cell body Hippocampus plays an important role in the: a) Formation of short-term memory b) Formation of image on retina c) Formation of long-term memory d) Formation of emotions Enzymes activity decreases at very low or high pH because: a) Substrate concentration increases b) Enzymes become denatured c) Product formation increases d) Temperature becomes constant,Maintains the tertiary structure of enzymes,Provides energy for all cell metabolism,Enables protein to fold properly,Allows DNA act as a genetic blueprint during replication The complementary base pairing in DNA is important because it: Page 3 of 22,,D,,ocr_visual,UHS-Lahore-MDCAT-2025 C,100
1754,2025-uhs-lahore-mdcat-2025-28-1754,2025,UHS-Lahore-MDCAT-2025,C,Biology,28,Paper ID- C Q28. Q29. Q30. Q31. Q32. Q33. Q34. Q35. Q36. A mature duplicated chromosome consists of:,Two identical double helical DNA molecules,Two different double helical DNA molecules,A double helical DNA molecule distributed in both chromatids,Histone chains wrapped around DNA core The most primitive respiratory process occurring in a living cell is;,,A,,ocr_visual,UHS-Lahore-MDCAT-2025 C,101
1755,2025-uhs-lahore-mdcat-2025-29-1755,2025,UHS-Lahore-MDCAT-2025,C,Biology,29,Paper ID- C Q28. Q29. Q30. Q31. Q32. Q33. Q34. Q35. Q36. A mature duplicated chromosome consists of: a) Two identical double helical DNA molecules b) Two different double helical DNA molecules c) A double helical DNA molecule distributed in both chromatids d) Histone chains wrapped around DNA core The most primitive respiratory process occurring in a living cell is;,Lactic acid fermentation,Alcoholic fermentation,Glycolysis,"Krebs's cycle Receive, retain and nourish a fertilized ovum is the main function of:",,C,,ocr_visual,UHS-Lahore-MDCAT-2025 C,101
1756,2025-uhs-lahore-mdcat-2025-30-1756,2025,UHS-Lahore-MDCAT-2025,C,Biology,30,"Paper ID- C Q28. Q29. Q30. Q31. Q32. Q33. Q34. Q35. Q36. A mature duplicated chromosome consists of: a) Two identical double helical DNA molecules b) Two different double helical DNA molecules c) A double helical DNA molecule distributed in both chromatids d) Histone chains wrapped around DNA core The most primitive respiratory process occurring in a living cell is; a) Lactic acid fermentation b) Alcoholic fermentation c) Glycolysis d) Krebs's cycle Receive, retain and nourish a fertilized ovum is the main function of:",Cervix,Uterus,Ovary,Oviduct The primary function of larynx is:,,B,,ocr_visual,UHS-Lahore-MDCAT-2025 C,101
1757,2025-uhs-lahore-mdcat-2025-31-1757,2025,UHS-Lahore-MDCAT-2025,C,Biology,31,"Paper ID- C Q28. Q29. Q30. Q31. Q32. Q33. Q34. Q35. Q36. A mature duplicated chromosome consists of: a) Two identical double helical DNA molecules b) Two different double helical DNA molecules c) A double helical DNA molecule distributed in both chromatids d) Histone chains wrapped around DNA core The most primitive respiratory process occurring in a living cell is; a) Lactic acid fermentation b) Alcoholic fermentation c) Glycolysis d) Krebs's cycle Receive, retain and nourish a fertilized ovum is the main function of: a) Cervix b) Uterus c) Ovary d) Oviduct The primary function of larynx is:",Humidifying air,Filtering dust,Gaseous exchange,"Voice production During menstrual cycle, luteinizing hormone (LH) is secreted due to;",,D,,ocr_visual,UHS-Lahore-MDCAT-2025 C,101
1758,2025-uhs-lahore-mdcat-2025-32-1758,2025,UHS-Lahore-MDCAT-2025,C,Biology,32,"Paper ID- C Q28. Q29. Q30. Q31. Q32. Q33. Q34. Q35. Q36. A mature duplicated chromosome consists of: a) Two identical double helical DNA molecules b) Two different double helical DNA molecules c) A double helical DNA molecule distributed in both chromatids d) Histone chains wrapped around DNA core The most primitive respiratory process occurring in a living cell is; a) Lactic acid fermentation b) Alcoholic fermentation c) Glycolysis d) Krebs's cycle Receive, retain and nourish a fertilized ovum is the main function of: a) Cervix b) Uterus c) Ovary d) Oviduct The primary function of larynx is: a) Humidifying air b) Filtering dust c) Gaseous exchange d) Voice production During menstrual cycle, luteinizing hormone (LH) is secreted due to;",Decrease in Estrogen,Decrease in FSH,Increase in FSH,Environmental effect Left and right cerebral hemispheres are connected with each other by:,,B,,ocr_visual,UHS-Lahore-MDCAT-2025 C,101
1759,2025-uhs-lahore-mdcat-2025-33-1759,2025,UHS-Lahore-MDCAT-2025,C,Biology,33,"Paper ID- C Q28. Q29. Q30. Q31. Q32. Q33. Q34. Q35. Q36. A mature duplicated chromosome consists of: a) Two identical double helical DNA molecules b) Two different double helical DNA molecules c) A double helical DNA molecule distributed in both chromatids d) Histone chains wrapped around DNA core The most primitive respiratory process occurring in a living cell is; a) Lactic acid fermentation b) Alcoholic fermentation c) Glycolysis d) Krebs's cycle Receive, retain and nourish a fertilized ovum is the main function of: a) Cervix b) Uterus c) Ovary d) Oviduct The primary function of larynx is: a) Humidifying air b) Filtering dust c) Gaseous exchange d) Voice production During menstrual cycle, luteinizing hormone (LH) is secreted due to; a) Decrease in Estrogen b) Decrease in FSH c) Increase in FSH d) Environmental effect Left and right cerebral hemispheres are connected with each other by:",Corpus luteum,Corpus callosum,A band of dendrites,Dorsal and ventral nerve roots Which is the common feature between cardiac and smooth muscles?,,B,,ocr_visual,UHS-Lahore-MDCAT-2025 C,101
1760,2025-uhs-lahore-mdcat-2025-34-1760,2025,UHS-Lahore-MDCAT-2025,C,Biology,34,"Paper ID- C Q28. Q29. Q30. Q31. Q32. Q33. Q34. Q35. Q36. A mature duplicated chromosome consists of: a) Two identical double helical DNA molecules b) Two different double helical DNA molecules c) A double helical DNA molecule distributed in both chromatids d) Histone chains wrapped around DNA core The most primitive respiratory process occurring in a living cell is; a) Lactic acid fermentation b) Alcoholic fermentation c) Glycolysis d) Krebs's cycle Receive, retain and nourish a fertilized ovum is the main function of: a) Cervix b) Uterus c) Ovary d) Oviduct The primary function of larynx is: a) Humidifying air b) Filtering dust c) Gaseous exchange d) Voice production During menstrual cycle, luteinizing hormone (LH) is secreted due to; a) Decrease in Estrogen b) Decrease in FSH c) Increase in FSH d) Environmental effect Left and right cerebral hemispheres are connected with each other by: a) Corpus luteum b) Corpus callosum c) A band of dendrites d) Dorsal and ventral nerve roots Which is the common feature between cardiac and smooth muscles?",Voluntary,Involuntary,Branched,Unbranched The joints which cause rotational movements are,,B,,ocr_visual,UHS-Lahore-MDCAT-2025 C,101
1761,2025-uhs-lahore-mdcat-2025-35-1761,2025,UHS-Lahore-MDCAT-2025,C,Biology,35,"Paper ID- C Q28. Q29. Q30. Q31. Q32. Q33. Q34. Q35. Q36. A mature duplicated chromosome consists of: a) Two identical double helical DNA molecules b) Two different double helical DNA molecules c) A double helical DNA molecule distributed in both chromatids d) Histone chains wrapped around DNA core The most primitive respiratory process occurring in a living cell is; a) Lactic acid fermentation b) Alcoholic fermentation c) Glycolysis d) Krebs's cycle Receive, retain and nourish a fertilized ovum is the main function of: a) Cervix b) Uterus c) Ovary d) Oviduct The primary function of larynx is: a) Humidifying air b) Filtering dust c) Gaseous exchange d) Voice production During menstrual cycle, luteinizing hormone (LH) is secreted due to; a) Decrease in Estrogen b) Decrease in FSH c) Increase in FSH d) Environmental effect Left and right cerebral hemispheres are connected with each other by: a) Corpus luteum b) Corpus callosum c) A band of dendrites d) Dorsal and ventral nerve roots Which is the common feature between cardiac and smooth muscles? a) Voluntary b) Involuntary c) Branched d) Unbranched The joints which cause rotational movements are",Hinge,Ball and Socket,Cartilage,Sutures Self-fertilization in plants through successive generations can lead to the development of:,,B,,ocr_visual,UHS-Lahore-MDCAT-2025 C,101
1762,2025-uhs-lahore-mdcat-2025-36-1762,2025,UHS-Lahore-MDCAT-2025,C,Biology,36,"Paper ID- C Q28. Q29. Q30. Q31. Q32. Q33. Q34. Q35. Q36. A mature duplicated chromosome consists of: a) Two identical double helical DNA molecules b) Two different double helical DNA molecules c) A double helical DNA molecule distributed in both chromatids d) Histone chains wrapped around DNA core The most primitive respiratory process occurring in a living cell is; a) Lactic acid fermentation b) Alcoholic fermentation c) Glycolysis d) Krebs's cycle Receive, retain and nourish a fertilized ovum is the main function of: a) Cervix b) Uterus c) Ovary d) Oviduct The primary function of larynx is: a) Humidifying air b) Filtering dust c) Gaseous exchange d) Voice production During menstrual cycle, luteinizing hormone (LH) is secreted due to; a) Decrease in Estrogen b) Decrease in FSH c) Increase in FSH d) Environmental effect Left and right cerebral hemispheres are connected with each other by: a) Corpus luteum b) Corpus callosum c) A band of dendrites d) Dorsal and ventral nerve roots Which is the common feature between cardiac and smooth muscles? a) Voluntary b) Involuntary c) Branched d) Unbranched The joints which cause rotational movements are a) Hinge b) Ball and Socket c) Cartilage d) Sutures Self-fertilization in plants through successive generations can lead to the development of:",Hybrid breeds of plants,Variations in coming generation,True breeding plants,Adaptation with their environment Page 4 of 22,,C,,ocr_visual,UHS-Lahore-MDCAT-2025 C,101
1763,2025-uhs-lahore-mdcat-2025-37-1763,2025,UHS-Lahore-MDCAT-2025,C,Biology,37,Paper ID- C Q37. Which part of the neuron typically receives incoming signals from other neurons?,Axon,Dendrites,Myelin sheath,Synaptic knob Q38. Why thick filaments are unable to bind with thin filament in a relaxed muscle fiber?,,B,,ocr_visual,UHS-Lahore-MDCAT-2025 C,102
1764,2025-uhs-lahore-mdcat-2025-38-1764,2025,UHS-Lahore-MDCAT-2025,C,Biology,38,Paper ID- C Q37. Which part of the neuron typically receives incoming signals from other neurons? a) Axon b) Dendrites c) Myelin sheath d) Synaptic knob Q38. Why thick filaments are unable to bind with thin filament in a relaxed muscle fiber?,Actin blocks the myosin binding site,Tropomyosin blocks the myosin binding site,Troponin blocks the myosin binding site,Tropomyosin blocks the troponin binding site Q39. Which of the following best highlights the importance of proteins in immunity?,,B,,ocr_visual,UHS-Lahore-MDCAT-2025 C,102
1765,2025-uhs-lahore-mdcat-2025-39-1765,2025,UHS-Lahore-MDCAT-2025,C,Biology,39,Paper ID- C Q37. Which part of the neuron typically receives incoming signals from other neurons? a) Axon b) Dendrites c) Myelin sheath d) Synaptic knob Q38. Why thick filaments are unable to bind with thin filament in a relaxed muscle fiber? a) Actin blocks the myosin binding site b) Tropomyosin blocks the myosin binding site c) Troponin blocks the myosin binding site d) Tropomyosin blocks the troponin binding site Q39. Which of the following best highlights the importance of proteins in immunity?,They act as receptors of pathogens,They are long term energy reserves,They act as antibodies,They act as mechanical barrier for pathogens Q40. The secondary structure of proteins is stabilized by:,,C,,ocr_visual,UHS-Lahore-MDCAT-2025 C,102
1766,2025-uhs-lahore-mdcat-2025-40-1766,2025,UHS-Lahore-MDCAT-2025,C,Biology,40,Paper ID- C Q37. Which part of the neuron typically receives incoming signals from other neurons? a) Axon b) Dendrites c) Myelin sheath d) Synaptic knob Q38. Why thick filaments are unable to bind with thin filament in a relaxed muscle fiber? a) Actin blocks the myosin binding site b) Tropomyosin blocks the myosin binding site c) Troponin blocks the myosin binding site d) Tropomyosin blocks the troponin binding site Q39. Which of the following best highlights the importance of proteins in immunity? a) They act as receptors of pathogens b) They are long term energy reserves c) They act as antibodies d) They act as mechanical barrier for pathogens Q40. The secondary structure of proteins is stabilized by:,Ionic bonds,Hydrogen bonds,Disulfide bridges,Hydrophobic exclusion Q41. The following is an example of a globular protein.,,B,,ocr_visual,UHS-Lahore-MDCAT-2025 C,102
1767,2025-uhs-lahore-mdcat-2025-41-1767,2025,UHS-Lahore-MDCAT-2025,C,Biology,41,Paper ID- C Q37. Which part of the neuron typically receives incoming signals from other neurons? a) Axon b) Dendrites c) Myelin sheath d) Synaptic knob Q38. Why thick filaments are unable to bind with thin filament in a relaxed muscle fiber? a) Actin blocks the myosin binding site b) Tropomyosin blocks the myosin binding site c) Troponin blocks the myosin binding site d) Tropomyosin blocks the troponin binding site Q39. Which of the following best highlights the importance of proteins in immunity? a) They act as receptors of pathogens b) They are long term energy reserves c) They act as antibodies d) They act as mechanical barrier for pathogens Q40. The secondary structure of proteins is stabilized by: a) Ionic bonds b) Hydrogen bonds c) Disulfide bridges d) Hydrophobic exclusion Q41. The following is an example of a globular protein.,Keratin,Collagen,Hemoglobin,Histone Q42. The process of osmoregulation refers to:,,C,,ocr_visual,UHS-Lahore-MDCAT-2025 C,102
1768,2025-uhs-lahore-mdcat-2025-42-1768,2025,UHS-Lahore-MDCAT-2025,C,Biology,42,Paper ID- C Q37. Which part of the neuron typically receives incoming signals from other neurons? a) Axon b) Dendrites c) Myelin sheath d) Synaptic knob Q38. Why thick filaments are unable to bind with thin filament in a relaxed muscle fiber? a) Actin blocks the myosin binding site b) Tropomyosin blocks the myosin binding site c) Troponin blocks the myosin binding site d) Tropomyosin blocks the troponin binding site Q39. Which of the following best highlights the importance of proteins in immunity? a) They act as receptors of pathogens b) They are long term energy reserves c) They act as antibodies d) They act as mechanical barrier for pathogens Q40. The secondary structure of proteins is stabilized by: a) Ionic bonds b) Hydrogen bonds c) Disulfide bridges d) Hydrophobic exclusion Q41. The following is an example of a globular protein. a) Keratin b) Collagen c) Hemoglobin d) Histone Q42. The process of osmoregulation refers to:,The filtration of blood to remove metabolic waste,The regulation of solute and water movement between an organism and its environment,The creation of an osmotic gradient in the kidney medulla,"The secretion of hormones that control blood plasma Q43. A baby girl is born with hemophilia, which is an X-linked recessive disorder. What are the most likely genotypes of her parents?",,B,,ocr_visual,UHS-Lahore-MDCAT-2025 C,102
1769,2025-uhs-lahore-mdcat-2025-43-1769,2025,UHS-Lahore-MDCAT-2025,C,Biology,43,"Paper ID- C Q37. Which part of the neuron typically receives incoming signals from other neurons? a) Axon b) Dendrites c) Myelin sheath d) Synaptic knob Q38. Why thick filaments are unable to bind with thin filament in a relaxed muscle fiber? a) Actin blocks the myosin binding site b) Tropomyosin blocks the myosin binding site c) Troponin blocks the myosin binding site d) Tropomyosin blocks the troponin binding site Q39. Which of the following best highlights the importance of proteins in immunity? a) They act as receptors of pathogens b) They are long term energy reserves c) They act as antibodies d) They act as mechanical barrier for pathogens Q40. The secondary structure of proteins is stabilized by: a) Ionic bonds b) Hydrogen bonds c) Disulfide bridges d) Hydrophobic exclusion Q41. The following is an example of a globular protein. a) Keratin b) Collagen c) Hemoglobin d) Histone Q42. The process of osmoregulation refers to: a) The filtration of blood to remove metabolic waste b) The regulation of solute and water movement between an organism and its environment c) The creation of an osmotic gradient in the kidney medulla d) The secretion of hormones that control blood plasma Q43. A baby girl is born with hemophilia, which is an X-linked recessive disorder. What are the most likely genotypes of her parents?",The mother is a carrier and the father is normal.,The mother is hemophiliac and the father is normal.,The mother is carrier and the father is hemophiliac,"Both are normal. Q44., Identify the most appropriate function of chromosomes",,C,,ocr_visual,UHS-Lahore-MDCAT-2025 C,102
1770,2025-uhs-lahore-mdcat-2025-44-1770,2025,UHS-Lahore-MDCAT-2025,C,Biology,44,"Paper ID- C Q37. Which part of the neuron typically receives incoming signals from other neurons? a) Axon b) Dendrites c) Myelin sheath d) Synaptic knob Q38. Why thick filaments are unable to bind with thin filament in a relaxed muscle fiber? a) Actin blocks the myosin binding site b) Tropomyosin blocks the myosin binding site c) Troponin blocks the myosin binding site d) Tropomyosin blocks the troponin binding site Q39. Which of the following best highlights the importance of proteins in immunity? a) They act as receptors of pathogens b) They are long term energy reserves c) They act as antibodies d) They act as mechanical barrier for pathogens Q40. The secondary structure of proteins is stabilized by: a) Ionic bonds b) Hydrogen bonds c) Disulfide bridges d) Hydrophobic exclusion Q41. The following is an example of a globular protein. a) Keratin b) Collagen c) Hemoglobin d) Histone Q42. The process of osmoregulation refers to: a) The filtration of blood to remove metabolic waste b) The regulation of solute and water movement between an organism and its environment c) The creation of an osmotic gradient in the kidney medulla d) The secretion of hormones that control blood plasma Q43. A baby girl is born with hemophilia, which is an X-linked recessive disorder. What are the most likely genotypes of her parents? a) The mother is a carrier and the father is normal. b) The mother is hemophiliac and the father is normal. c) The mother is carrier and the father is hemophiliac d) Both are normal. Q44., Identify the most appropriate function of chromosomes",Energy production and storage,Protein synthesis and regulation,Storage of genetic information,Lipid metabolism and transport Q45. Enzymes belong to which class of biomolecules?,,C,,ocr_visual,UHS-Lahore-MDCAT-2025 C,102
1771,2025-uhs-lahore-mdcat-2025-45-1771,2025,UHS-Lahore-MDCAT-2025,C,Biology,45,"Paper ID- C Q37. Which part of the neuron typically receives incoming signals from other neurons? a) Axon b) Dendrites c) Myelin sheath d) Synaptic knob Q38. Why thick filaments are unable to bind with thin filament in a relaxed muscle fiber? a) Actin blocks the myosin binding site b) Tropomyosin blocks the myosin binding site c) Troponin blocks the myosin binding site d) Tropomyosin blocks the troponin binding site Q39. Which of the following best highlights the importance of proteins in immunity? a) They act as receptors of pathogens b) They are long term energy reserves c) They act as antibodies d) They act as mechanical barrier for pathogens Q40. The secondary structure of proteins is stabilized by: a) Ionic bonds b) Hydrogen bonds c) Disulfide bridges d) Hydrophobic exclusion Q41. The following is an example of a globular protein. a) Keratin b) Collagen c) Hemoglobin d) Histone Q42. The process of osmoregulation refers to: a) The filtration of blood to remove metabolic waste b) The regulation of solute and water movement between an organism and its environment c) The creation of an osmotic gradient in the kidney medulla d) The secretion of hormones that control blood plasma Q43. A baby girl is born with hemophilia, which is an X-linked recessive disorder. What are the most likely genotypes of her parents? a) The mother is a carrier and the father is normal. b) The mother is hemophiliac and the father is normal. c) The mother is carrier and the father is hemophiliac d) Both are normal. Q44., Identify the most appropriate function of chromosomes a) Energy production and storage b) Protein synthesis and regulation c) Storage of genetic information d) Lipid metabolism and transport Q45. Enzymes belong to which class of biomolecules?",Carbohydrates,Lipids,Proteins,Nucleic acids Page 5 of 22,,C,,ocr_visual,UHS-Lahore-MDCAT-2025 C,102
1772,2025-uhs-lahore-mdcat-2025-46-1772,2025,UHS-Lahore-MDCAT-2025,C,Biology,46,Paper ID- C Q46. arranges the DNA into the chromosomes in a eukaryotic cell.,Hormones,Elastin,Histone,Nucleosome Q47. The function of nucleolus is to make:,,C,,ocr_visual,UHS-Lahore-MDCAT-2025 C,103
1773,2025-uhs-lahore-mdcat-2025-47-1773,2025,UHS-Lahore-MDCAT-2025,C,Biology,47,Paper ID- C Q46. arranges the DNA into the chromosomes in a eukaryotic cell. a) Hormones b) Elastin c) Histone d) Nucleosome Q47. The function of nucleolus is to make:,rDNA,Lysosomes,Ribosomes,Chromosomes Q48. Which of the following blood vessels have lowest blood velocity with correct reason for low blood velocity?,,C,,ocr_visual,UHS-Lahore-MDCAT-2025 C,103
1774,2025-uhs-lahore-mdcat-2025-48-1774,2025,UHS-Lahore-MDCAT-2025,C,Biology,48,Paper ID- C Q46. arranges the DNA into the chromosomes in a eukaryotic cell. a) Hormones b) Elastin c) Histone d) Nucleosome Q47. The function of nucleolus is to make: a) rDNA b) Lysosomes c) Ribosomes d) Chromosomes Q48. Which of the following blood vessels have lowest blood velocity with correct reason for low blood velocity?,Arteries: Due to thick walls,Capillaries: due to highest overall cross-sectional area,Veins: due to blood flow against the gravity,Capillaries: Due to two-way blood flow in capillaries Q49. An active athlete has more stamina of running compared to an officer of same age with physically inactive lifestyle. Which of the following organelles has greatly increased in the muscle cells of athletes?,,B,,ocr_visual,UHS-Lahore-MDCAT-2025 C,103
1775,2025-uhs-lahore-mdcat-2025-49-1775,2025,UHS-Lahore-MDCAT-2025,C,Biology,49,Paper ID- C Q46. arranges the DNA into the chromosomes in a eukaryotic cell. a) Hormones b) Elastin c) Histone d) Nucleosome Q47. The function of nucleolus is to make: a) rDNA b) Lysosomes c) Ribosomes d) Chromosomes Q48. Which of the following blood vessels have lowest blood velocity with correct reason for low blood velocity? a) Arteries: Due to thick walls b) Capillaries: due to highest overall cross-sectional area c) Veins: due to blood flow against the gravity d) Capillaries: Due to two-way blood flow in capillaries Q49. An active athlete has more stamina of running compared to an officer of same age with physically inactive lifestyle. Which of the following organelles has greatly increased in the muscle cells of athletes?,Nucleus,Mitochondria,Golgi bodies,"Smooth endoplasmic reticulum (SER) Q50. Once an action potential reaches the membrane of a skeletal muscle fiber, what is the first event that occurs in the contraction process?",,B,,ocr_visual,UHS-Lahore-MDCAT-2025 C,103
1776,2025-uhs-lahore-mdcat-2025-50-1776,2025,UHS-Lahore-MDCAT-2025,C,Biology,50,"Paper ID- C Q46. arranges the DNA into the chromosomes in a eukaryotic cell. a) Hormones b) Elastin c) Histone d) Nucleosome Q47. The function of nucleolus is to make: a) rDNA b) Lysosomes c) Ribosomes d) Chromosomes Q48. Which of the following blood vessels have lowest blood velocity with correct reason for low blood velocity? a) Arteries: Due to thick walls b) Capillaries: due to highest overall cross-sectional area c) Veins: due to blood flow against the gravity d) Capillaries: Due to two-way blood flow in capillaries Q49. An active athlete has more stamina of running compared to an officer of same age with physically inactive lifestyle. Which of the following organelles has greatly increased in the muscle cells of athletes? a) Nucleus b) Mitochondria c) Golgi bodies d) Smooth endoplasmic reticulum (SER) Q50. Once an action potential reaches the membrane of a skeletal muscle fiber, what is the first event that occurs in the contraction process?",Actin and myosin form a cross-bridge,Calcium is pumped back into the sarcoplasmic reticulum,Calcium is released from the sarcoplasmic reticulum,ATP is hydrolyzed by troponin Q51. The pubic symphysis is a slightly moveable joint joined by which of the following tissue?,,C,,ocr_visual,UHS-Lahore-MDCAT-2025 C,103
1777,2025-uhs-lahore-mdcat-2025-51-1777,2025,UHS-Lahore-MDCAT-2025,C,Biology,51,"Paper ID- C Q46. arranges the DNA into the chromosomes in a eukaryotic cell. a) Hormones b) Elastin c) Histone d) Nucleosome Q47. The function of nucleolus is to make: a) rDNA b) Lysosomes c) Ribosomes d) Chromosomes Q48. Which of the following blood vessels have lowest blood velocity with correct reason for low blood velocity? a) Arteries: Due to thick walls b) Capillaries: due to highest overall cross-sectional area c) Veins: due to blood flow against the gravity d) Capillaries: Due to two-way blood flow in capillaries Q49. An active athlete has more stamina of running compared to an officer of same age with physically inactive lifestyle. Which of the following organelles has greatly increased in the muscle cells of athletes? a) Nucleus b) Mitochondria c) Golgi bodies d) Smooth endoplasmic reticulum (SER) Q50. Once an action potential reaches the membrane of a skeletal muscle fiber, what is the first event that occurs in the contraction process? a) Actin and myosin form a cross-bridge b) Calcium is pumped back into the sarcoplasmic reticulum c) Calcium is released from the sarcoplasmic reticulum d) ATP is hydrolyzed by troponin Q51. The pubic symphysis is a slightly moveable joint joined by which of the following tissue?",Elastic cartilage,Fibrocartilage,Costal cartilage,"Articular cartilage Q52. In a pea plant seed color is determined by two alleles: ¥Y (Yellow, dominant) and y (green recessive). Which parental cross would most likely result in offspring showing a 1:1 ratio of yellow to green seeds?",,B,,ocr_visual,UHS-Lahore-MDCAT-2025 C,103
1778,2025-uhs-lahore-mdcat-2025-52-1778,2025,UHS-Lahore-MDCAT-2025,C,Biology,52,"Paper ID- C Q46. arranges the DNA into the chromosomes in a eukaryotic cell. a) Hormones b) Elastin c) Histone d) Nucleosome Q47. The function of nucleolus is to make: a) rDNA b) Lysosomes c) Ribosomes d) Chromosomes Q48. Which of the following blood vessels have lowest blood velocity with correct reason for low blood velocity? a) Arteries: Due to thick walls b) Capillaries: due to highest overall cross-sectional area c) Veins: due to blood flow against the gravity d) Capillaries: Due to two-way blood flow in capillaries Q49. An active athlete has more stamina of running compared to an officer of same age with physically inactive lifestyle. Which of the following organelles has greatly increased in the muscle cells of athletes? a) Nucleus b) Mitochondria c) Golgi bodies d) Smooth endoplasmic reticulum (SER) Q50. Once an action potential reaches the membrane of a skeletal muscle fiber, what is the first event that occurs in the contraction process? a) Actin and myosin form a cross-bridge b) Calcium is pumped back into the sarcoplasmic reticulum c) Calcium is released from the sarcoplasmic reticulum d) ATP is hydrolyzed by troponin Q51. The pubic symphysis is a slightly moveable joint joined by which of the following tissue? a) Elastic cartilage b) Fibrocartilage c) Costal cartilage d) Articular cartilage Q52. In a pea plant seed color is determined by two alleles: ¥Y (Yellow, dominant) and y (green recessive). Which parental cross would most likely result in offspring showing a 1:1 ratio of yellow to green seeds?",Yy x YY,Yy x yy,Yy x Yy,"YY x yy Q53. Mendel crossed a plant with round yellow seeds (RRYY) and a plant with wrinkled green seeds (rryy), what was the phenotype of all F1 offspring?",,B,,ocr_visual,UHS-Lahore-MDCAT-2025 C,103
1779,2025-uhs-lahore-mdcat-2025-53-1779,2025,UHS-Lahore-MDCAT-2025,C,Biology,53,"Paper ID- C Q46. arranges the DNA into the chromosomes in a eukaryotic cell. a) Hormones b) Elastin c) Histone d) Nucleosome Q47. The function of nucleolus is to make: a) rDNA b) Lysosomes c) Ribosomes d) Chromosomes Q48. Which of the following blood vessels have lowest blood velocity with correct reason for low blood velocity? a) Arteries: Due to thick walls b) Capillaries: due to highest overall cross-sectional area c) Veins: due to blood flow against the gravity d) Capillaries: Due to two-way blood flow in capillaries Q49. An active athlete has more stamina of running compared to an officer of same age with physically inactive lifestyle. Which of the following organelles has greatly increased in the muscle cells of athletes? a) Nucleus b) Mitochondria c) Golgi bodies d) Smooth endoplasmic reticulum (SER) Q50. Once an action potential reaches the membrane of a skeletal muscle fiber, what is the first event that occurs in the contraction process? a) Actin and myosin form a cross-bridge b) Calcium is pumped back into the sarcoplasmic reticulum c) Calcium is released from the sarcoplasmic reticulum d) ATP is hydrolyzed by troponin Q51. The pubic symphysis is a slightly moveable joint joined by which of the following tissue? a) Elastic cartilage b) Fibrocartilage c) Costal cartilage d) Articular cartilage Q52. In a pea plant seed color is determined by two alleles: ¥Y (Yellow, dominant) and y (green recessive). Which parental cross would most likely result in offspring showing a 1:1 ratio of yellow to green seeds? a) Yy x YY b) Yy x yy c) Yy x Yy d) YY x yy Q53. Mendel crossed a plant with round yellow seeds (RRYY) and a plant with wrinkled green seeds (rryy), what was the phenotype of all F1 offspring?",All round green,All round yellow,All wrinkled yellow,All wrinkled green Page 6 of 22,,B,,ocr_visual,UHS-Lahore-MDCAT-2025 C,103
1780,2025-uhs-lahore-mdcat-2025-54-1780,2025,UHS-Lahore-MDCAT-2025,C,Biology,54,Paper ID- C Q54. In a normal 28 days menstrual cycle when would you expect the LH surge to occur?,Days 7-10,Days 11-14,Days 15-18,Days 19-22 Q55. Which property of water helps in moderating Earth's climate and maintaining stable temperature in aquatic environment?,,B,,ocr_visual,UHS-Lahore-MDCAT-2025 C,104
1781,2025-uhs-lahore-mdcat-2025-55-1781,2025,UHS-Lahore-MDCAT-2025,C,Biology,55,Paper ID- C Q54. In a normal 28 days menstrual cycle when would you expect the LH surge to occur? a) Days 7-10 b) Days 11-14 c) Days 15-18 d) Days 19-22 Q55. Which property of water helps in moderating Earth's climate and maintaining stable temperature in aquatic environment?,Low viscosity,High specific heat capacity,High surface tension,High polarity Q56. Effect of increased substrate concentration on enzyme activity:,,B,,ocr_visual,UHS-Lahore-MDCAT-2025 C,104
1782,2025-uhs-lahore-mdcat-2025-56-1782,2025,UHS-Lahore-MDCAT-2025,C,Biology,56,Paper ID- C Q54. In a normal 28 days menstrual cycle when would you expect the LH surge to occur? a) Days 7-10 b) Days 11-14 c) Days 15-18 d) Days 19-22 Q55. Which property of water helps in moderating Earth's climate and maintaining stable temperature in aquatic environment? a) Low viscosity b) High specific heat capacity c) High surface tension d) High polarity Q56. Effect of increased substrate concentration on enzyme activity:,Decrease the rate of reaction,Increase the reaction rate until all active sites are saturated,Have no effect on the reaction rate,Increase the rate of reaction in a straight diagonal line Q57. An oligosaccharide is made up of at least:,,B,,ocr_visual,UHS-Lahore-MDCAT-2025 C,104
1783,2025-uhs-lahore-mdcat-2025-57-1783,2025,UHS-Lahore-MDCAT-2025,C,Biology,57,Paper ID- C Q54. In a normal 28 days menstrual cycle when would you expect the LH surge to occur? a) Days 7-10 b) Days 11-14 c) Days 15-18 d) Days 19-22 Q55. Which property of water helps in moderating Earth's climate and maintaining stable temperature in aquatic environment? a) Low viscosity b) High specific heat capacity c) High surface tension d) High polarity Q56. Effect of increased substrate concentration on enzyme activity: a) Decrease the rate of reaction b) Increase the reaction rate until all active sites are saturated c) Have no effect on the reaction rate d) Increase the rate of reaction in a straight diagonal line Q57. An oligosaccharide is made up of at least:,two saccharide units,ten saccharide units,three to ten saccharide units,more than ten saccharide units Q58. Which statement best explains the difference between humoral and cell mediated immune response?,,A,,ocr_visual,UHS-Lahore-MDCAT-2025 C,104
1784,2025-uhs-lahore-mdcat-2025-58-1784,2025,UHS-Lahore-MDCAT-2025,C,Biology,58,Paper ID- C Q54. In a normal 28 days menstrual cycle when would you expect the LH surge to occur? a) Days 7-10 b) Days 11-14 c) Days 15-18 d) Days 19-22 Q55. Which property of water helps in moderating Earth's climate and maintaining stable temperature in aquatic environment? a) Low viscosity b) High specific heat capacity c) High surface tension d) High polarity Q56. Effect of increased substrate concentration on enzyme activity: a) Decrease the rate of reaction b) Increase the reaction rate until all active sites are saturated c) Have no effect on the reaction rate d) Increase the rate of reaction in a straight diagonal line Q57. An oligosaccharide is made up of at least: a) two saccharide units b) ten saccharide units c) three to ten saccharide units d) more than ten saccharide units Q58. Which statement best explains the difference between humoral and cell mediated immune response?,Humoral immunity involves B-Lymphocytes and cell mediated immunity involves T-Lymphocytes,Humoral immunity destroys viruses and cell mediated immunity destroys bacteria,Humoral immunity is specific and cell mediated immunity is nonspecific,Humoral immunity uses antibodies and cell mediated immunity does not involve immune cells Q59. Which of the following is the correct higher (left) to lower (right) sequence of molecules with respect to their amount in the cell?,,A,,ocr_visual,UHS-Lahore-MDCAT-2025 C,104
1785,2025-uhs-lahore-mdcat-2025-59-1785,2025,UHS-Lahore-MDCAT-2025,C,Biology,59,Paper ID- C Q54. In a normal 28 days menstrual cycle when would you expect the LH surge to occur? a) Days 7-10 b) Days 11-14 c) Days 15-18 d) Days 19-22 Q55. Which property of water helps in moderating Earth's climate and maintaining stable temperature in aquatic environment? a) Low viscosity b) High specific heat capacity c) High surface tension d) High polarity Q56. Effect of increased substrate concentration on enzyme activity: a) Decrease the rate of reaction b) Increase the reaction rate until all active sites are saturated c) Have no effect on the reaction rate d) Increase the rate of reaction in a straight diagonal line Q57. An oligosaccharide is made up of at least: a) two saccharide units b) ten saccharide units c) three to ten saccharide units d) more than ten saccharide units Q58. Which statement best explains the difference between humoral and cell mediated immune response? a) Humoral immunity involves B-Lymphocytes and cell mediated immunity involves T-Lymphocytes b) Humoral immunity destroys viruses and cell mediated immunity destroys bacteria c) Humoral immunity is specific and cell mediated immunity is nonspecific d) Humoral immunity uses antibodies and cell mediated immunity does not involve immune cells Q59. Which of the following is the correct higher (left) to lower (right) sequence of molecules with respect to their amount in the cell?,DNA > rRNA > tRNA — mRNA,rRNA > tRNA — mRNA > DNA,MRNA — tRNA > rRNA > DNA,DNA > mRNA —> tRNA > rRNA Q60. A person in hot weather is unable to maintain body temperature. Which physiological process has failed?,,A,,ocr_visual,UHS-Lahore-MDCAT-2025 C,104
1786,2025-uhs-lahore-mdcat-2025-60-1786,2025,UHS-Lahore-MDCAT-2025,C,Biology,60,Paper ID- C Q54. In a normal 28 days menstrual cycle when would you expect the LH surge to occur? a) Days 7-10 b) Days 11-14 c) Days 15-18 d) Days 19-22 Q55. Which property of water helps in moderating Earth's climate and maintaining stable temperature in aquatic environment? a) Low viscosity b) High specific heat capacity c) High surface tension d) High polarity Q56. Effect of increased substrate concentration on enzyme activity: a) Decrease the rate of reaction b) Increase the reaction rate until all active sites are saturated c) Have no effect on the reaction rate d) Increase the rate of reaction in a straight diagonal line Q57. An oligosaccharide is made up of at least: a) two saccharide units b) ten saccharide units c) three to ten saccharide units d) more than ten saccharide units Q58. Which statement best explains the difference between humoral and cell mediated immune response? a) Humoral immunity involves B-Lymphocytes and cell mediated immunity involves T-Lymphocytes b) Humoral immunity destroys viruses and cell mediated immunity destroys bacteria c) Humoral immunity is specific and cell mediated immunity is nonspecific d) Humoral immunity uses antibodies and cell mediated immunity does not involve immune cells Q59. Which of the following is the correct higher (left) to lower (right) sequence of molecules with respect to their amount in the cell? a) DNA > rRNA > tRNA — mRNA b) rRNA > tRNA — mRNA > DNA c) MRNA — tRNA > rRNA > DNA d) DNA > mRNA —> tRNA > rRNA Q60. A person in hot weather is unable to maintain body temperature. Which physiological process has failed?,Vasodilation & sweating,Vasoconstriction,Shivering,"Renin secretion Q61. The main idea in Darwin's Theory of ""Origin of species by natural selection"" is:",,A,,ocr_visual,UHS-Lahore-MDCAT-2025 C,104
1787,2025-uhs-lahore-mdcat-2025-61-1787,2025,UHS-Lahore-MDCAT-2025,C,Biology,61,"Paper ID- C Q54. In a normal 28 days menstrual cycle when would you expect the LH surge to occur? a) Days 7-10 b) Days 11-14 c) Days 15-18 d) Days 19-22 Q55. Which property of water helps in moderating Earth's climate and maintaining stable temperature in aquatic environment? a) Low viscosity b) High specific heat capacity c) High surface tension d) High polarity Q56. Effect of increased substrate concentration on enzyme activity: a) Decrease the rate of reaction b) Increase the reaction rate until all active sites are saturated c) Have no effect on the reaction rate d) Increase the rate of reaction in a straight diagonal line Q57. An oligosaccharide is made up of at least: a) two saccharide units b) ten saccharide units c) three to ten saccharide units d) more than ten saccharide units Q58. Which statement best explains the difference between humoral and cell mediated immune response? a) Humoral immunity involves B-Lymphocytes and cell mediated immunity involves T-Lymphocytes b) Humoral immunity destroys viruses and cell mediated immunity destroys bacteria c) Humoral immunity is specific and cell mediated immunity is nonspecific d) Humoral immunity uses antibodies and cell mediated immunity does not involve immune cells Q59. Which of the following is the correct higher (left) to lower (right) sequence of molecules with respect to their amount in the cell? a) DNA > rRNA > tRNA — mRNA b) rRNA > tRNA — mRNA > DNA c) MRNA — tRNA > rRNA > DNA d) DNA > mRNA —> tRNA > rRNA Q60. A person in hot weather is unable to maintain body temperature. Which physiological process has failed? a) Vasodilation & sweating b) Vasoconstriction c) Shivering d) Renin secretion Q61. The main idea in Darwin's Theory of ""Origin of species by natural selection"" is:",Inheritance of acquired traits,Use and disuse of organs,Species never change,Evolution occurs through gradual accumulation of adaptation through successive generations Q62. Which of the following is a key feature of RNA?,,D,,ocr_visual,UHS-Lahore-MDCAT-2025 C,104
1788,2025-uhs-lahore-mdcat-2025-62-1788,2025,UHS-Lahore-MDCAT-2025,C,Biology,62,"Paper ID- C Q54. In a normal 28 days menstrual cycle when would you expect the LH surge to occur? a) Days 7-10 b) Days 11-14 c) Days 15-18 d) Days 19-22 Q55. Which property of water helps in moderating Earth's climate and maintaining stable temperature in aquatic environment? a) Low viscosity b) High specific heat capacity c) High surface tension d) High polarity Q56. Effect of increased substrate concentration on enzyme activity: a) Decrease the rate of reaction b) Increase the reaction rate until all active sites are saturated c) Have no effect on the reaction rate d) Increase the rate of reaction in a straight diagonal line Q57. An oligosaccharide is made up of at least: a) two saccharide units b) ten saccharide units c) three to ten saccharide units d) more than ten saccharide units Q58. Which statement best explains the difference between humoral and cell mediated immune response? a) Humoral immunity involves B-Lymphocytes and cell mediated immunity involves T-Lymphocytes b) Humoral immunity destroys viruses and cell mediated immunity destroys bacteria c) Humoral immunity is specific and cell mediated immunity is nonspecific d) Humoral immunity uses antibodies and cell mediated immunity does not involve immune cells Q59. Which of the following is the correct higher (left) to lower (right) sequence of molecules with respect to their amount in the cell? a) DNA > rRNA > tRNA — mRNA b) rRNA > tRNA — mRNA > DNA c) MRNA — tRNA > rRNA > DNA d) DNA > mRNA —> tRNA > rRNA Q60. A person in hot weather is unable to maintain body temperature. Which physiological process has failed? a) Vasodilation & sweating b) Vasoconstriction c) Shivering d) Renin secretion Q61. The main idea in Darwin's Theory of ""Origin of species by natural selection"" is: a) Inheritance of acquired traits b) Use and disuse of organs c) Species never change d) Evolution occurs through gradual accumulation of adaptation through successive generations Q62. Which of the following is a key feature of RNA?",Deoxyribose and thymine,Double stranded and thymine,Ribose and uracil,Ribose and thymine Page 7 of 22,,C,,ocr_visual,UHS-Lahore-MDCAT-2025 C,104
1789,2025-uhs-lahore-mdcat-2025-63-1789,2025,UHS-Lahore-MDCAT-2025,C,Biology,63,Pap Q63 Q64. Q65. Q66. Q67. Qé6s Q69. Q70. Q71. er ID- C : Which of the following types of RNA makeup the largest proportion of total cellular RNA?,Messenger RNA,Ribosomal RNA,Transfer RNA,Catalytic RNA (ribozyme) The bacterium Treponema Pallidum is responsible for which sexually transmitted disease?,,B,,ocr_visual,UHS-Lahore-MDCAT-2025 C,105
1790,2025-uhs-lahore-mdcat-2025-64-1790,2025,UHS-Lahore-MDCAT-2025,C,Biology,64,Pap Q63 Q64. Q65. Q66. Q67. Qé6s Q69. Q70. Q71. er ID- C : Which of the following types of RNA makeup the largest proportion of total cellular RNA? a) Messenger RNA b) Ribosomal RNA c) Transfer RNA d) Catalytic RNA (ribozyme) The bacterium Treponema Pallidum is responsible for which sexually transmitted disease?,Syphilis,Chlamydia,Gonorrhea,Genital herpes Tissue fluid in a lymphatic system is called as:,,A,,ocr_visual,UHS-Lahore-MDCAT-2025 C,105
1791,2025-uhs-lahore-mdcat-2025-65-1791,2025,UHS-Lahore-MDCAT-2025,C,Biology,65,Pap Q63 Q64. Q65. Q66. Q67. Qé6s Q69. Q70. Q71. er ID- C : Which of the following types of RNA makeup the largest proportion of total cellular RNA? a) Messenger RNA b) Ribosomal RNA c) Transfer RNA d) Catalytic RNA (ribozyme) The bacterium Treponema Pallidum is responsible for which sexually transmitted disease? a) Syphilis b) Chlamydia c) Gonorrhea d) Genital herpes Tissue fluid in a lymphatic system is called as:,Plasma,Matrix,Lymph,Blood Which one of the following biomolecules is a polymer/ polysaccharide?,,C,,ocr_visual,UHS-Lahore-MDCAT-2025 C,105
1792,2025-uhs-lahore-mdcat-2025-66-1792,2025,UHS-Lahore-MDCAT-2025,C,Biology,66,Pap Q63 Q64. Q65. Q66. Q67. Qé6s Q69. Q70. Q71. er ID- C : Which of the following types of RNA makeup the largest proportion of total cellular RNA? a) Messenger RNA b) Ribosomal RNA c) Transfer RNA d) Catalytic RNA (ribozyme) The bacterium Treponema Pallidum is responsible for which sexually transmitted disease? a) Syphilis b) Chlamydia c) Gonorrhea d) Genital herpes Tissue fluid in a lymphatic system is called as: a) Plasma b) Matrix c) Lymph d) Blood Which one of the following biomolecules is a polymer/ polysaccharide?,Sucrose,Pentose,Lactose,Glycogen Olfactory receptors are the type of:,,D,,ocr_visual,UHS-Lahore-MDCAT-2025 C,105
1793,2025-uhs-lahore-mdcat-2025-67-1793,2025,UHS-Lahore-MDCAT-2025,C,Biology,67,Pap Q63 Q64. Q65. Q66. Q67. Qé6s Q69. Q70. Q71. er ID- C : Which of the following types of RNA makeup the largest proportion of total cellular RNA? a) Messenger RNA b) Ribosomal RNA c) Transfer RNA d) Catalytic RNA (ribozyme) The bacterium Treponema Pallidum is responsible for which sexually transmitted disease? a) Syphilis b) Chlamydia c) Gonorrhea d) Genital herpes Tissue fluid in a lymphatic system is called as: a) Plasma b) Matrix c) Lymph d) Blood Which one of the following biomolecules is a polymer/ polysaccharide? a) Sucrose b) Pentose c) Lactose d) Glycogen Olfactory receptors are the type of:,photoreceptors,mechanoreceptors,thermoreceptors,chemoreceptors : Which of the following organisms eliminate nitrogenous waste mainly in the form of uric acid?,,D,,ocr_visual,UHS-Lahore-MDCAT-2025 C,105
1794,2025-uhs-lahore-mdcat-2025-68-1794,2025,UHS-Lahore-MDCAT-2025,C,Biology,68,Pap Q63 Q64. Q65. Q66. Q67. Qé6s Q69. Q70. Q71. er ID- C : Which of the following types of RNA makeup the largest proportion of total cellular RNA? a) Messenger RNA b) Ribosomal RNA c) Transfer RNA d) Catalytic RNA (ribozyme) The bacterium Treponema Pallidum is responsible for which sexually transmitted disease? a) Syphilis b) Chlamydia c) Gonorrhea d) Genital herpes Tissue fluid in a lymphatic system is called as: a) Plasma b) Matrix c) Lymph d) Blood Which one of the following biomolecules is a polymer/ polysaccharide? a) Sucrose b) Pentose c) Lactose d) Glycogen Olfactory receptors are the type of: a) photoreceptors b) mechanoreceptors c) thermoreceptors d) chemoreceptors : Which of the following organisms eliminate nitrogenous waste mainly in the form of uric acid?,Freshwater Fish,Amphibians,Birds,Mammals Which of the following cells possess Nissl's granules?,,C,,ocr_visual,UHS-Lahore-MDCAT-2025 C,105
1795,2025-uhs-lahore-mdcat-2025-69-1795,2025,UHS-Lahore-MDCAT-2025,C,Biology,69,Pap Q63 Q64. Q65. Q66. Q67. Qé6s Q69. Q70. Q71. er ID- C : Which of the following types of RNA makeup the largest proportion of total cellular RNA? a) Messenger RNA b) Ribosomal RNA c) Transfer RNA d) Catalytic RNA (ribozyme) The bacterium Treponema Pallidum is responsible for which sexually transmitted disease? a) Syphilis b) Chlamydia c) Gonorrhea d) Genital herpes Tissue fluid in a lymphatic system is called as: a) Plasma b) Matrix c) Lymph d) Blood Which one of the following biomolecules is a polymer/ polysaccharide? a) Sucrose b) Pentose c) Lactose d) Glycogen Olfactory receptors are the type of: a) photoreceptors b) mechanoreceptors c) thermoreceptors d) chemoreceptors : Which of the following organisms eliminate nitrogenous waste mainly in the form of uric acid? a) Freshwater Fish b) Amphibians c) Birds d) Mammals Which of the following cells possess Nissl's granules?,Nerve cells,WBC,RBC,Platelets Which part of human brain is involved in maintaining the posture and balance of the body?,,A,,ocr_visual,UHS-Lahore-MDCAT-2025 C,105
1796,2025-uhs-lahore-mdcat-2025-70-1796,2025,UHS-Lahore-MDCAT-2025,C,Biology,70,Pap Q63 Q64. Q65. Q66. Q67. Qé6s Q69. Q70. Q71. er ID- C : Which of the following types of RNA makeup the largest proportion of total cellular RNA? a) Messenger RNA b) Ribosomal RNA c) Transfer RNA d) Catalytic RNA (ribozyme) The bacterium Treponema Pallidum is responsible for which sexually transmitted disease? a) Syphilis b) Chlamydia c) Gonorrhea d) Genital herpes Tissue fluid in a lymphatic system is called as: a) Plasma b) Matrix c) Lymph d) Blood Which one of the following biomolecules is a polymer/ polysaccharide? a) Sucrose b) Pentose c) Lactose d) Glycogen Olfactory receptors are the type of: a) photoreceptors b) mechanoreceptors c) thermoreceptors d) chemoreceptors : Which of the following organisms eliminate nitrogenous waste mainly in the form of uric acid? a) Freshwater Fish b) Amphibians c) Birds d) Mammals Which of the following cells possess Nissl's granules? a) Nerve cells b) WBC c) RBC d) Platelets Which part of human brain is involved in maintaining the posture and balance of the body?,Cerebrum,Cerebellum,Hypothalamus,Medulla oblongata Arthritis is:,,B,,ocr_visual,UHS-Lahore-MDCAT-2025 C,105
1797,2025-uhs-lahore-mdcat-2025-71-1797,2025,UHS-Lahore-MDCAT-2025,C,Biology,71,Pap Q63 Q64. Q65. Q66. Q67. Qé6s Q69. Q70. Q71. er ID- C : Which of the following types of RNA makeup the largest proportion of total cellular RNA? a) Messenger RNA b) Ribosomal RNA c) Transfer RNA d) Catalytic RNA (ribozyme) The bacterium Treponema Pallidum is responsible for which sexually transmitted disease? a) Syphilis b) Chlamydia c) Gonorrhea d) Genital herpes Tissue fluid in a lymphatic system is called as: a) Plasma b) Matrix c) Lymph d) Blood Which one of the following biomolecules is a polymer/ polysaccharide? a) Sucrose b) Pentose c) Lactose d) Glycogen Olfactory receptors are the type of: a) photoreceptors b) mechanoreceptors c) thermoreceptors d) chemoreceptors : Which of the following organisms eliminate nitrogenous waste mainly in the form of uric acid? a) Freshwater Fish b) Amphibians c) Birds d) Mammals Which of the following cells possess Nissl's granules? a) Nerve cells b) WBC c) RBC d) Platelets Which part of human brain is involved in maintaining the posture and balance of the body? a) Cerebrum b) Cerebellum c) Hypothalamus d) Medulla oblongata Arthritis is:,Inflammation of joints,Herniation of intervertebral disc,Fusion of vertebral joint,tingling along the length of legs Page 8 of 22,,A,,ocr_visual,UHS-Lahore-MDCAT-2025 C,105
1798,2025-uhs-lahore-mdcat-2025-72-1798,2025,UHS-Lahore-MDCAT-2025,C,Biology,72,Paper ID- C Q72. Which type of joint is present in pubis?,Fibrous joints,Immoveable joints,Cartilaginous joints,Freely moveable joints Q73. Which type of neurons stimulate muscles to contract in a reflex arc?,,C,,ocr_visual,UHS-Lahore-MDCAT-2025 C,106
1799,2025-uhs-lahore-mdcat-2025-73-1799,2025,UHS-Lahore-MDCAT-2025,C,Biology,73,Paper ID- C Q72. Which type of joint is present in pubis? a) Fibrous joints b) Immoveable joints c) Cartilaginous joints d) Freely moveable joints Q73. Which type of neurons stimulate muscles to contract in a reflex arc?,Motor neurons,Sensory neurons,Interneurons,Afferent neurons Q74. Which of the following statement best compares cell division in prokaryotic and Eukaryotic cells?,,A,,ocr_visual,UHS-Lahore-MDCAT-2025 C,106
1800,2025-uhs-lahore-mdcat-2025-74-1800,2025,UHS-Lahore-MDCAT-2025,C,Biology,74,Paper ID- C Q72. Which type of joint is present in pubis? a) Fibrous joints b) Immoveable joints c) Cartilaginous joints d) Freely moveable joints Q73. Which type of neurons stimulate muscles to contract in a reflex arc? a) Motor neurons b) Sensory neurons c) Interneurons d) Afferent neurons Q74. Which of the following statement best compares cell division in prokaryotic and Eukaryotic cells?,Eukaryotes divide by budding ; prokaryotes by mitosis,Eukaryotes use binary fission ; prokaryotes by meiosis,Eukaryotes divide by mitosis ; prokaryotes by binary fission,"Both use mitosis by cell division Q75. Which of the following best describes “acquired characteristics"" according to Lamarckism?",,C,,ocr_visual,UHS-Lahore-MDCAT-2025 C,106
1801,2025-uhs-lahore-mdcat-2025-75-1801,2025,UHS-Lahore-MDCAT-2025,C,Biology,75,"Paper ID- C Q72. Which type of joint is present in pubis? a) Fibrous joints b) Immoveable joints c) Cartilaginous joints d) Freely moveable joints Q73. Which type of neurons stimulate muscles to contract in a reflex arc? a) Motor neurons b) Sensory neurons c) Interneurons d) Afferent neurons Q74. Which of the following statement best compares cell division in prokaryotic and Eukaryotic cells? a) Eukaryotes divide by budding ; prokaryotes by mitosis b) Eukaryotes use binary fission ; prokaryotes by meiosis c) Eukaryotes divide by mitosis ; prokaryotes by binary fission d) Both use mitosis by cell division Q75. Which of the following best describes “acquired characteristics"" according to Lamarckism?",Traits caused by mutation,Traits inherited from parents,Traits developed by use or disuse,"Traits selected by nature Q76. According to Lock and Key model, the active site is regarded as:",,C,,ocr_visual,UHS-Lahore-MDCAT-2025 C,106
1802,2025-uhs-lahore-mdcat-2025-76-1802,2025,UHS-Lahore-MDCAT-2025,C,Biology,76,"Paper ID- C Q72. Which type of joint is present in pubis? a) Fibrous joints b) Immoveable joints c) Cartilaginous joints d) Freely moveable joints Q73. Which type of neurons stimulate muscles to contract in a reflex arc? a) Motor neurons b) Sensory neurons c) Interneurons d) Afferent neurons Q74. Which of the following statement best compares cell division in prokaryotic and Eukaryotic cells? a) Eukaryotes divide by budding ; prokaryotes by mitosis b) Eukaryotes use binary fission ; prokaryotes by meiosis c) Eukaryotes divide by mitosis ; prokaryotes by binary fission d) Both use mitosis by cell division Q75. Which of the following best describes “acquired characteristics"" according to Lamarckism? a) Traits caused by mutation b) Traits inherited from parents c) Traits developed by use or disuse d) Traits selected by nature Q76. According to Lock and Key model, the active site is regarded as:",Rigid and specific,Flexible and specific,Rigid and non specific,Flexible and non specific Q77. Peptide bonds are important in protein because they:,,A,,ocr_visual,UHS-Lahore-MDCAT-2025 C,106
1803,2025-uhs-lahore-mdcat-2025-77-1803,2025,UHS-Lahore-MDCAT-2025,C,Biology,77,"Paper ID- C Q72. Which type of joint is present in pubis? a) Fibrous joints b) Immoveable joints c) Cartilaginous joints d) Freely moveable joints Q73. Which type of neurons stimulate muscles to contract in a reflex arc? a) Motor neurons b) Sensory neurons c) Interneurons d) Afferent neurons Q74. Which of the following statement best compares cell division in prokaryotic and Eukaryotic cells? a) Eukaryotes divide by budding ; prokaryotes by mitosis b) Eukaryotes use binary fission ; prokaryotes by meiosis c) Eukaryotes divide by mitosis ; prokaryotes by binary fission d) Both use mitosis by cell division Q75. Which of the following best describes “acquired characteristics"" according to Lamarckism? a) Traits caused by mutation b) Traits inherited from parents c) Traits developed by use or disuse d) Traits selected by nature Q76. According to Lock and Key model, the active site is regarded as: a) Rigid and specific b) Flexible and specific c) Rigid and non specific d) Flexible and non specific Q77. Peptide bonds are important in protein because they:",Affect solubility,Hold R-groups,Link amino acid,help in releasing oxygen Q78. Why are retroviruses placed in a separate class of RNA viruses?,,C,,ocr_visual,UHS-Lahore-MDCAT-2025 C,106
1804,2025-uhs-lahore-mdcat-2025-78-1804,2025,UHS-Lahore-MDCAT-2025,C,Biology,78,"Paper ID- C Q72. Which type of joint is present in pubis? a) Fibrous joints b) Immoveable joints c) Cartilaginous joints d) Freely moveable joints Q73. Which type of neurons stimulate muscles to contract in a reflex arc? a) Motor neurons b) Sensory neurons c) Interneurons d) Afferent neurons Q74. Which of the following statement best compares cell division in prokaryotic and Eukaryotic cells? a) Eukaryotes divide by budding ; prokaryotes by mitosis b) Eukaryotes use binary fission ; prokaryotes by meiosis c) Eukaryotes divide by mitosis ; prokaryotes by binary fission d) Both use mitosis by cell division Q75. Which of the following best describes “acquired characteristics"" according to Lamarckism? a) Traits caused by mutation b) Traits inherited from parents c) Traits developed by use or disuse d) Traits selected by nature Q76. According to Lock and Key model, the active site is regarded as: a) Rigid and specific b) Flexible and specific c) Rigid and non specific d) Flexible and non specific Q77. Peptide bonds are important in protein because they: a) Affect solubility b) Hold R-groups c) Link amino acid d) help in releasing oxygen Q78. Why are retroviruses placed in a separate class of RNA viruses?",They always infect animal cells only,Their RNA acts directly as MRNA,They lack protein coats,They use reverse transcriptase to make DNA from RNA Q79. Reversible inhibitors differ from irreversible inhibitors because they:,,D,,ocr_visual,UHS-Lahore-MDCAT-2025 C,106
1805,2025-uhs-lahore-mdcat-2025-79-1805,2025,UHS-Lahore-MDCAT-2025,C,Biology,79,"Paper ID- C Q72. Which type of joint is present in pubis? a) Fibrous joints b) Immoveable joints c) Cartilaginous joints d) Freely moveable joints Q73. Which type of neurons stimulate muscles to contract in a reflex arc? a) Motor neurons b) Sensory neurons c) Interneurons d) Afferent neurons Q74. Which of the following statement best compares cell division in prokaryotic and Eukaryotic cells? a) Eukaryotes divide by budding ; prokaryotes by mitosis b) Eukaryotes use binary fission ; prokaryotes by meiosis c) Eukaryotes divide by mitosis ; prokaryotes by binary fission d) Both use mitosis by cell division Q75. Which of the following best describes “acquired characteristics"" according to Lamarckism? a) Traits caused by mutation b) Traits inherited from parents c) Traits developed by use or disuse d) Traits selected by nature Q76. According to Lock and Key model, the active site is regarded as: a) Rigid and specific b) Flexible and specific c) Rigid and non specific d) Flexible and non specific Q77. Peptide bonds are important in protein because they: a) Affect solubility b) Hold R-groups c) Link amino acid d) help in releasing oxygen Q78. Why are retroviruses placed in a separate class of RNA viruses? a) They always infect animal cells only b) Their RNA acts directly as MRNA c) They lack protein coats d) They use reverse transcriptase to make DNA from RNA Q79. Reversible inhibitors differ from irreversible inhibitors because they:",Binds permanently and can not be removed,Bind temporarily and can be removed,Permanently inactivate the enzyme,Change enzyme structure permanently Q80. Which is an enzyme activator secreted by the intestinal glands:,,B,,ocr_visual,UHS-Lahore-MDCAT-2025 C,106
1806,2025-uhs-lahore-mdcat-2025-80-1806,2025,UHS-Lahore-MDCAT-2025,C,Biology,80,"Paper ID- C Q72. Which type of joint is present in pubis? a) Fibrous joints b) Immoveable joints c) Cartilaginous joints d) Freely moveable joints Q73. Which type of neurons stimulate muscles to contract in a reflex arc? a) Motor neurons b) Sensory neurons c) Interneurons d) Afferent neurons Q74. Which of the following statement best compares cell division in prokaryotic and Eukaryotic cells? a) Eukaryotes divide by budding ; prokaryotes by mitosis b) Eukaryotes use binary fission ; prokaryotes by meiosis c) Eukaryotes divide by mitosis ; prokaryotes by binary fission d) Both use mitosis by cell division Q75. Which of the following best describes “acquired characteristics"" according to Lamarckism? a) Traits caused by mutation b) Traits inherited from parents c) Traits developed by use or disuse d) Traits selected by nature Q76. According to Lock and Key model, the active site is regarded as: a) Rigid and specific b) Flexible and specific c) Rigid and non specific d) Flexible and non specific Q77. Peptide bonds are important in protein because they: a) Affect solubility b) Hold R-groups c) Link amino acid d) help in releasing oxygen Q78. Why are retroviruses placed in a separate class of RNA viruses? a) They always infect animal cells only b) Their RNA acts directly as MRNA c) They lack protein coats d) They use reverse transcriptase to make DNA from RNA Q79. Reversible inhibitors differ from irreversible inhibitors because they: a) Binds permanently and can not be removed b) Bind temporarily and can be removed c) Permanently inactivate the enzyme d) Change enzyme structure permanently Q80. Which is an enzyme activator secreted by the intestinal glands:",Amylase,Pepsinogens,Enterokinase,Lipase Page 9 of 22,,C,,ocr_visual,UHS-Lahore-MDCAT-2025 C,106
1807,2025-uhs-lahore-mdcat-2025-81-1807,2025,UHS-Lahore-MDCAT-2025,C,Chemistry,81,"Paper ID- C Q81. Qs2. Qs83. Q84. Qss. Qsé. Q87. Qss. Qs9. In which of the following combination, both components have Hyaline cartilage?",Epiglottis & intervertebral disc,Trachea & intervertebral disc,Nose & pinna,Nose & trachea Which of the following best identifies the redox reaction:,,D,,ocr_visual,UHS-Lahore-MDCAT-2025 C,107
1808,2025-uhs-lahore-mdcat-2025-82-1808,2025,UHS-Lahore-MDCAT-2025,C,Chemistry,82,"Paper ID- C Q81. Qs2. Qs83. Q84. Qss. Qsé. Q87. Qss. Qs9. In which of the following combination, both components have Hyaline cartilage? a) Epiglottis & intervertebral disc b) Trachea & intervertebral disc c) Nose & pinna d) Nose & trachea Which of the following best identifies the redox reaction:",transfer of proton,transfer of electron,absorption of light,exchange of ions Methanol is produced by reduction of,,B,,ocr_visual,UHS-Lahore-MDCAT-2025 C,107
1809,2025-uhs-lahore-mdcat-2025-83-1809,2025,UHS-Lahore-MDCAT-2025,C,Chemistry,83,"Paper ID- C Q81. Qs2. Qs83. Q84. Qss. Qsé. Q87. Qss. Qs9. In which of the following combination, both components have Hyaline cartilage? a) Epiglottis & intervertebral disc b) Trachea & intervertebral disc c) Nose & pinna d) Nose & trachea Which of the following best identifies the redox reaction: a) transfer of proton b) transfer of electron c) absorption of light d) exchange of ions Methanol is produced by reduction of",Formaldehyde,Acetaldehyde,Propanal,Propanone IUPAC name of (CHs)s CCH2 Br is,,A,,ocr_visual,UHS-Lahore-MDCAT-2025 C,107
1810,2025-uhs-lahore-mdcat-2025-84-1810,2025,UHS-Lahore-MDCAT-2025,C,Chemistry,84,"Paper ID- C Q81. Qs2. Qs83. Q84. Qss. Qsé. Q87. Qss. Qs9. In which of the following combination, both components have Hyaline cartilage? a) Epiglottis & intervertebral disc b) Trachea & intervertebral disc c) Nose & pinna d) Nose & trachea Which of the following best identifies the redox reaction: a) transfer of proton b) transfer of electron c) absorption of light d) exchange of ions Methanol is produced by reduction of a) Formaldehyde b) Acetaldehyde c) Propanal d) Propanone IUPAC name of (CHs)s CCH2 Br is",1-bromopentane,"1-bromo-2,2,2-trimethylethane","1-bromo-2,2-dimethylpropane",2-bromopentane Which one shows anisotropic behavior?,,C,,ocr_visual,UHS-Lahore-MDCAT-2025 C,107
1811,2025-uhs-lahore-mdcat-2025-85-1811,2025,UHS-Lahore-MDCAT-2025,C,Chemistry,85,"Paper ID- C Q81. Qs2. Qs83. Q84. Qss. Qsé. Q87. Qss. Qs9. In which of the following combination, both components have Hyaline cartilage? a) Epiglottis & intervertebral disc b) Trachea & intervertebral disc c) Nose & pinna d) Nose & trachea Which of the following best identifies the redox reaction: a) transfer of proton b) transfer of electron c) absorption of light d) exchange of ions Methanol is produced by reduction of a) Formaldehyde b) Acetaldehyde c) Propanal d) Propanone IUPAC name of (CHs)s CCH2 Br is a) 1-bromopentane b) 1-bromo-2,2,2-trimethylethane c) 1-bromo-2,2-dimethylpropane d) 2-bromopentane Which one shows anisotropic behavior?",Wood,Gemstone,Coke,Graphite In a unit cell of a crystal lattice the angle B is between faces:,,D,,ocr_visual,UHS-Lahore-MDCAT-2025 C,107
1812,2025-uhs-lahore-mdcat-2025-86-1812,2025,UHS-Lahore-MDCAT-2025,C,Chemistry,86,"Paper ID- C Q81. Qs2. Qs83. Q84. Qss. Qsé. Q87. Qss. Qs9. In which of the following combination, both components have Hyaline cartilage? a) Epiglottis & intervertebral disc b) Trachea & intervertebral disc c) Nose & pinna d) Nose & trachea Which of the following best identifies the redox reaction: a) transfer of proton b) transfer of electron c) absorption of light d) exchange of ions Methanol is produced by reduction of a) Formaldehyde b) Acetaldehyde c) Propanal d) Propanone IUPAC name of (CHs)s CCH2 Br is a) 1-bromopentane b) 1-bromo-2,2,2-trimethylethane c) 1-bromo-2,2-dimethylpropane d) 2-bromopentane Which one shows anisotropic behavior? a) Wood b) Gemstone c) Coke d) Graphite In a unit cell of a crystal lattice the angle B is between faces:",aandb,bandc,canda,not specified Pick the crystalline solid:,,C,,ocr_visual,UHS-Lahore-MDCAT-2025 C,107
1813,2025-uhs-lahore-mdcat-2025-87-1813,2025,UHS-Lahore-MDCAT-2025,C,Chemistry,87,"Paper ID- C Q81. Qs2. Qs83. Q84. Qss. Qsé. Q87. Qss. Qs9. In which of the following combination, both components have Hyaline cartilage? a) Epiglottis & intervertebral disc b) Trachea & intervertebral disc c) Nose & pinna d) Nose & trachea Which of the following best identifies the redox reaction: a) transfer of proton b) transfer of electron c) absorption of light d) exchange of ions Methanol is produced by reduction of a) Formaldehyde b) Acetaldehyde c) Propanal d) Propanone IUPAC name of (CHs)s CCH2 Br is a) 1-bromopentane b) 1-bromo-2,2,2-trimethylethane c) 1-bromo-2,2-dimethylpropane d) 2-bromopentane Which one shows anisotropic behavior? a) Wood b) Gemstone c) Coke d) Graphite In a unit cell of a crystal lattice the angle B is between faces: a)aandb b) bandc c)canda d) not specified Pick the crystalline solid:",Cement,Ceramics,Concrete,Copper Number of unpaired electrons in Boron in ground state is/are:,,A,,ocr_visual,UHS-Lahore-MDCAT-2025 C,107
1814,2025-uhs-lahore-mdcat-2025-88-1814,2025,UHS-Lahore-MDCAT-2025,C,Chemistry,88,"Paper ID- C Q81. Qs2. Qs83. Q84. Qss. Qsé. Q87. Qss. Qs9. In which of the following combination, both components have Hyaline cartilage? a) Epiglottis & intervertebral disc b) Trachea & intervertebral disc c) Nose & pinna d) Nose & trachea Which of the following best identifies the redox reaction: a) transfer of proton b) transfer of electron c) absorption of light d) exchange of ions Methanol is produced by reduction of a) Formaldehyde b) Acetaldehyde c) Propanal d) Propanone IUPAC name of (CHs)s CCH2 Br is a) 1-bromopentane b) 1-bromo-2,2,2-trimethylethane c) 1-bromo-2,2-dimethylpropane d) 2-bromopentane Which one shows anisotropic behavior? a) Wood b) Gemstone c) Coke d) Graphite In a unit cell of a crystal lattice the angle B is between faces: a)aandb b) bandc c)canda d) not specified Pick the crystalline solid: a) Cement b) Ceramics c) Concrete d) Copper Number of unpaired electrons in Boron in ground state is/are:",1,2,3,4 Chlorination of benzene in the presence of iron (III) chloride involves mechanism of:,,A,,ocr_visual,UHS-Lahore-MDCAT-2025 C,107
1815,2025-uhs-lahore-mdcat-2025-89-1815,2025,UHS-Lahore-MDCAT-2025,C,Chemistry,89,"Paper ID- C Q81. Qs2. Qs83. Q84. Qss. Qsé. Q87. Qss. Qs9. In which of the following combination, both components have Hyaline cartilage? a) Epiglottis & intervertebral disc b) Trachea & intervertebral disc c) Nose & pinna d) Nose & trachea Which of the following best identifies the redox reaction: a) transfer of proton b) transfer of electron c) absorption of light d) exchange of ions Methanol is produced by reduction of a) Formaldehyde b) Acetaldehyde c) Propanal d) Propanone IUPAC name of (CHs)s CCH2 Br is a) 1-bromopentane b) 1-bromo-2,2,2-trimethylethane c) 1-bromo-2,2-dimethylpropane d) 2-bromopentane Which one shows anisotropic behavior? a) Wood b) Gemstone c) Coke d) Graphite In a unit cell of a crystal lattice the angle B is between faces: a)aandb b) bandc c)canda d) not specified Pick the crystalline solid: a) Cement b) Ceramics c) Concrete d) Copper Number of unpaired electrons in Boron in ground state is/are: a)1 b) 2 c)3 d) 4 Chlorination of benzene in the presence of iron (III) chloride involves mechanism of:",Electrophilic addition,Electrophilic Substitution,Free radical Substitution,Free radical halogenation Page 10 of 22,,B,,ocr_visual,UHS-Lahore-MDCAT-2025 C,107
1816,2025-uhs-lahore-mdcat-2025-90-1816,2025,UHS-Lahore-MDCAT-2025,C,Chemistry,90,Paper ID- C Q90. The element with smallest value of ionization energy is,Li,Al,Ca,Ba Q91. Carboxylic acid reacts with ammonia to form ammonium salts which on heating produces,,D,,ocr_visual,UHS-Lahore-MDCAT-2025 C,108
1817,2025-uhs-lahore-mdcat-2025-91-1817,2025,UHS-Lahore-MDCAT-2025,C,Chemistry,91,Paper ID- C Q90. The element with smallest value of ionization energy is a) Li b) Al c) Ca d) Ba Q91. Carboxylic acid reacts with ammonia to form ammonium salts which on heating produces,Carbonates,Alkane,Ester,Amide Q92. Value of R gas constant in J mol K-!1 is,,A,,ocr_visual,UHS-Lahore-MDCAT-2025 C,108
1818,2025-uhs-lahore-mdcat-2025-92-1818,2025,UHS-Lahore-MDCAT-2025,C,Chemistry,92,Paper ID- C Q90. The element with smallest value of ionization energy is a) Li b) Al c) Ca d) Ba Q91. Carboxylic acid reacts with ammonia to form ammonium salts which on heating produces a) Carbonates b) Alkane c) Ester d) Amide Q92. Value of R gas constant in J mol K-!1 is,8.314,62.4,0.821,"62400 Q93. Which of the following best explains why phenol reacts with aqueous NaOH, but alcohols do not?",,A,,ocr_visual,UHS-Lahore-MDCAT-2025 C,108
1819,2025-uhs-lahore-mdcat-2025-93-1819,2025,UHS-Lahore-MDCAT-2025,C,Chemistry,93,"Paper ID- C Q90. The element with smallest value of ionization energy is a) Li b) Al c) Ca d) Ba Q91. Carboxylic acid reacts with ammonia to form ammonium salts which on heating produces a) Carbonates b) Alkane c) Ester d) Amide Q92. Value of R gas constant in J mol K-!1 is a) 8.314 b) 62.4 c) 0.821 d) 62400 Q93. Which of the following best explains why phenol reacts with aqueous NaOH, but alcohols do not?",Phenol has a lower boiling point than alcohol.,Alcohols contain a strong O-H bond that cannot be broken by weak bases.,Phenol form hydrogen bonding that facilitates ionization.,Phenol is weakly acidic due to resonance stabilization of phenoxide ion. Q94. In propene pi-bond is formed by sideway overlap of:,,D,,ocr_visual,UHS-Lahore-MDCAT-2025 C,108
1820,2025-uhs-lahore-mdcat-2025-94-1820,2025,UHS-Lahore-MDCAT-2025,C,Chemistry,94,"Paper ID- C Q90. The element with smallest value of ionization energy is a) Li b) Al c) Ca d) Ba Q91. Carboxylic acid reacts with ammonia to form ammonium salts which on heating produces a) Carbonates b) Alkane c) Ester d) Amide Q92. Value of R gas constant in J mol K-!1 is a) 8.314 b) 62.4 c) 0.821 d) 62400 Q93. Which of the following best explains why phenol reacts with aqueous NaOH, but alcohols do not? a) Phenol has a lower boiling point than alcohol. b) Alcohols contain a strong O-H bond that cannot be broken by weak bases. c) Phenol form hydrogen bonding that facilitates ionization. d) Phenol is weakly acidic due to resonance stabilization of phenoxide ion. Q94. In propene pi-bond is formed by sideway overlap of:",s-orbitals,p-orbitals,sp? hybrid orbitals,sp2 hybrid orbitals Q95. An enzyme used to decompose the lipids into fatty acids in our alimentary canal is,,B,,ocr_visual,UHS-Lahore-MDCAT-2025 C,108
1821,2025-uhs-lahore-mdcat-2025-95-1821,2025,UHS-Lahore-MDCAT-2025,C,Chemistry,95,"Paper ID- C Q90. The element with smallest value of ionization energy is a) Li b) Al c) Ca d) Ba Q91. Carboxylic acid reacts with ammonia to form ammonium salts which on heating produces a) Carbonates b) Alkane c) Ester d) Amide Q92. Value of R gas constant in J mol K-!1 is a) 8.314 b) 62.4 c) 0.821 d) 62400 Q93. Which of the following best explains why phenol reacts with aqueous NaOH, but alcohols do not? a) Phenol has a lower boiling point than alcohol. b) Alcohols contain a strong O-H bond that cannot be broken by weak bases. c) Phenol form hydrogen bonding that facilitates ionization. d) Phenol is weakly acidic due to resonance stabilization of phenoxide ion. Q94. In propene pi-bond is formed by sideway overlap of: a) s-orbitals b) p-orbitals c) sp? hybrid orbitals d) sp2 hybrid orbitals Q95. An enzyme used to decompose the lipids into fatty acids in our alimentary canal is",Amylase,Protease,Lipase,Urease Q96. Molecules having one lone pair and three bond pairs have geometrical shape,,C,,ocr_visual,UHS-Lahore-MDCAT-2025 C,108
1822,2025-uhs-lahore-mdcat-2025-96-1822,2025,UHS-Lahore-MDCAT-2025,C,Chemistry,96,"Paper ID- C Q90. The element with smallest value of ionization energy is a) Li b) Al c) Ca d) Ba Q91. Carboxylic acid reacts with ammonia to form ammonium salts which on heating produces a) Carbonates b) Alkane c) Ester d) Amide Q92. Value of R gas constant in J mol K-!1 is a) 8.314 b) 62.4 c) 0.821 d) 62400 Q93. Which of the following best explains why phenol reacts with aqueous NaOH, but alcohols do not? a) Phenol has a lower boiling point than alcohol. b) Alcohols contain a strong O-H bond that cannot be broken by weak bases. c) Phenol form hydrogen bonding that facilitates ionization. d) Phenol is weakly acidic due to resonance stabilization of phenoxide ion. Q94. In propene pi-bond is formed by sideway overlap of: a) s-orbitals b) p-orbitals c) sp? hybrid orbitals d) sp2 hybrid orbitals Q95. An enzyme used to decompose the lipids into fatty acids in our alimentary canal is a) Amylase b) Protease c) Lipase d) Urease Q96. Molecules having one lone pair and three bond pairs have geometrical shape",Bent or angular,Trigonal,Trigonal pyramidal,Trigonal planner Q97. Conversion of dihaloalkane into alkyne does not involve,,C,,ocr_visual,UHS-Lahore-MDCAT-2025 C,108
1823,2025-uhs-lahore-mdcat-2025-97-1823,2025,UHS-Lahore-MDCAT-2025,C,Chemistry,97,"Paper ID- C Q90. The element with smallest value of ionization energy is a) Li b) Al c) Ca d) Ba Q91. Carboxylic acid reacts with ammonia to form ammonium salts which on heating produces a) Carbonates b) Alkane c) Ester d) Amide Q92. Value of R gas constant in J mol K-!1 is a) 8.314 b) 62.4 c) 0.821 d) 62400 Q93. Which of the following best explains why phenol reacts with aqueous NaOH, but alcohols do not? a) Phenol has a lower boiling point than alcohol. b) Alcohols contain a strong O-H bond that cannot be broken by weak bases. c) Phenol form hydrogen bonding that facilitates ionization. d) Phenol is weakly acidic due to resonance stabilization of phenoxide ion. Q94. In propene pi-bond is formed by sideway overlap of: a) s-orbitals b) p-orbitals c) sp? hybrid orbitals d) sp2 hybrid orbitals Q95. An enzyme used to decompose the lipids into fatty acids in our alimentary canal is a) Amylase b) Protease c) Lipase d) Urease Q96. Molecules having one lone pair and three bond pairs have geometrical shape a) Bent or angular b) Trigonal c) Trigonal pyramidal d) Trigonal planner Q97. Conversion of dihaloalkane into alkyne does not involve",Addition,Elimination,Base,Heat Q98. Majority of reactions taking place at ordinary temperatures with -AH are,,A,,ocr_visual,UHS-Lahore-MDCAT-2025 C,108
1824,2025-uhs-lahore-mdcat-2025-98-1824,2025,UHS-Lahore-MDCAT-2025,C,Chemistry,98,"Paper ID- C Q90. The element with smallest value of ionization energy is a) Li b) Al c) Ca d) Ba Q91. Carboxylic acid reacts with ammonia to form ammonium salts which on heating produces a) Carbonates b) Alkane c) Ester d) Amide Q92. Value of R gas constant in J mol K-!1 is a) 8.314 b) 62.4 c) 0.821 d) 62400 Q93. Which of the following best explains why phenol reacts with aqueous NaOH, but alcohols do not? a) Phenol has a lower boiling point than alcohol. b) Alcohols contain a strong O-H bond that cannot be broken by weak bases. c) Phenol form hydrogen bonding that facilitates ionization. d) Phenol is weakly acidic due to resonance stabilization of phenoxide ion. Q94. In propene pi-bond is formed by sideway overlap of: a) s-orbitals b) p-orbitals c) sp? hybrid orbitals d) sp2 hybrid orbitals Q95. An enzyme used to decompose the lipids into fatty acids in our alimentary canal is a) Amylase b) Protease c) Lipase d) Urease Q96. Molecules having one lone pair and three bond pairs have geometrical shape a) Bent or angular b) Trigonal c) Trigonal pyramidal d) Trigonal planner Q97. Conversion of dihaloalkane into alkyne does not involve a) Addition b) Elimination c) Base d) Heat Q98. Majority of reactions taking place at ordinary temperatures with -AH are",Endothermic,Exothermic,Thermally unstable,Reversible Page 11 of 22,,B,,ocr_visual,UHS-Lahore-MDCAT-2025 C,108
1825,2025-uhs-lahore-mdcat-2025-99-1825,2025,UHS-Lahore-MDCAT-2025,C,Chemistry,99,Paper ID- C Q99. Which one of the following is a coinage metal,Pd,Cu,Cd,"Hg Q100. Consider the given balanced chemical equation: 2H2 + O2 — 2H20 If 4 g of H2 reacts with 32 g of O2 to produce 28 g of H20, what is the percentage yield of the reaction? (Molar mass of H2 = 2 g/mol, O2 = 32 g/mol and H20 = 18 g/mol)",,B,,ocr_visual,UHS-Lahore-MDCAT-2025 C,109
1826,2025-uhs-lahore-mdcat-2025-100-1826,2025,UHS-Lahore-MDCAT-2025,C,Chemistry,100,"Paper ID- C Q99. Which one of the following is a coinage metal a) Pd b) Cu c) Cd d) Hg Q100. Consider the given balanced chemical equation: 2H2 + O2 — 2H20 If 4 g of H2 reacts with 32 g of O2 to produce 28 g of H20, what is the percentage yield of the reaction? (Molar mass of H2 = 2 g/mol, O2 = 32 g/mol and H20 = 18 g/mol)",63.6%,77.8%,87.5%,92.5% Q101. Amount of energy needed to weaken the existing bonds to an extent that can be broken through collision is called:,,B,,ocr_visual,UHS-Lahore-MDCAT-2025 C,109
1827,2025-uhs-lahore-mdcat-2025-101-1827,2025,UHS-Lahore-MDCAT-2025,C,Chemistry,101,"Paper ID- C Q99. Which one of the following is a coinage metal a) Pd b) Cu c) Cd d) Hg Q100. Consider the given balanced chemical equation: 2H2 + O2 — 2H20 If 4 g of H2 reacts with 32 g of O2 to produce 28 g of H20, what is the percentage yield of the reaction? (Molar mass of H2 = 2 g/mol, O2 = 32 g/mol and H20 = 18 g/mol) a) 63.6% b) 77.8% c) 87.5% d) 92.5% Q101. Amount of energy needed to weaken the existing bonds to an extent that can be broken through collision is called:",Bond energy,Activation energy,Average energy,"Enthalpy Q102. Oxidation numbers of X,Y,Z are +6, -2, & -1 respectively, possible molecular formula when atoms combine:",,B,,ocr_visual,UHS-Lahore-MDCAT-2025 C,109
1828,2025-uhs-lahore-mdcat-2025-102-1828,2025,UHS-Lahore-MDCAT-2025,C,Chemistry,102,"Paper ID- C Q99. Which one of the following is a coinage metal a) Pd b) Cu c) Cd d) Hg Q100. Consider the given balanced chemical equation: 2H2 + O2 — 2H20 If 4 g of H2 reacts with 32 g of O2 to produce 28 g of H20, what is the percentage yield of the reaction? (Molar mass of H2 = 2 g/mol, O2 = 32 g/mol and H20 = 18 g/mol) a) 63.6% b) 77.8% c) 87.5% d) 92.5% Q101. Amount of energy needed to weaken the existing bonds to an extent that can be broken through collision is called: a) Bond energy b) Activation energy c) Average energy d) Enthalpy Q102. Oxidation numbers of X,Y,Z are +6, -2, & -1 respectively, possible molecular formula when atoms combine:",X2YZ,XY2Z2,XYZ2,XY2Z Q103. Which set of quantum numbers is not allowed for an electron.,,B,,ocr_visual,UHS-Lahore-MDCAT-2025 C,109
1829,2025-uhs-lahore-mdcat-2025-103-1829,2025,UHS-Lahore-MDCAT-2025,C,Chemistry,103,"Paper ID- C Q99. Which one of the following is a coinage metal a) Pd b) Cu c) Cd d) Hg Q100. Consider the given balanced chemical equation: 2H2 + O2 — 2H20 If 4 g of H2 reacts with 32 g of O2 to produce 28 g of H20, what is the percentage yield of the reaction? (Molar mass of H2 = 2 g/mol, O2 = 32 g/mol and H20 = 18 g/mol) a) 63.6% b) 77.8% c) 87.5% d) 92.5% Q101. Amount of energy needed to weaken the existing bonds to an extent that can be broken through collision is called: a) Bond energy b) Activation energy c) Average energy d) Enthalpy Q102. Oxidation numbers of X,Y,Z are +6, -2, & -1 respectively, possible molecular formula when atoms combine: a) X2YZ b) XY2Z2 c) XYZ2 d) XY2Z Q103. Which set of quantum numbers is not allowed for an electron.","n=2, l=1, m=0, s=+1/2","n=3, l=0, m=0, s=-1/2","n=2, =2, m=1, s=4+1/2","n=1, l=0, m=0, s=+1/2 Q104. 2A + B — 3C + D which of the following does not express the reaction rate?",,C,,ocr_visual,UHS-Lahore-MDCAT-2025 C,109
1830,2025-uhs-lahore-mdcat-2025-104-1830,2025,UHS-Lahore-MDCAT-2025,C,Chemistry,104,"Paper ID- C Q99. Which one of the following is a coinage metal a) Pd b) Cu c) Cd d) Hg Q100. Consider the given balanced chemical equation: 2H2 + O2 — 2H20 If 4 g of H2 reacts with 32 g of O2 to produce 28 g of H20, what is the percentage yield of the reaction? (Molar mass of H2 = 2 g/mol, O2 = 32 g/mol and H20 = 18 g/mol) a) 63.6% b) 77.8% c) 87.5% d) 92.5% Q101. Amount of energy needed to weaken the existing bonds to an extent that can be broken through collision is called: a) Bond energy b) Activation energy c) Average energy d) Enthalpy Q102. Oxidation numbers of X,Y,Z are +6, -2, & -1 respectively, possible molecular formula when atoms combine: a) X2YZ b) XY2Z2 c) XYZ2 d) XY2Z Q103. Which set of quantum numbers is not allowed for an electron. a) n=2, l=1, m=0, s=+1/2 b) n=3, l=0, m=0, s=-1/2 c) n=2, =2, m=1, s=4+1/2 d) n=1, l=0, m=0, s=+1/2 Q104. 2A + B — 3C + D which of the following does not express the reaction rate?",-d[B]/dt,d[D]/dt,-1/2 d[A]/dt,"-1/3 d[C]/dt Q105. The order of ease of reduction of H*1, Cut? and Ag*?:",,D,,ocr_visual,UHS-Lahore-MDCAT-2025 C,109
1831,2025-uhs-lahore-mdcat-2025-105-1831,2025,UHS-Lahore-MDCAT-2025,C,Chemistry,105,"Paper ID- C Q99. Which one of the following is a coinage metal a) Pd b) Cu c) Cd d) Hg Q100. Consider the given balanced chemical equation: 2H2 + O2 — 2H20 If 4 g of H2 reacts with 32 g of O2 to produce 28 g of H20, what is the percentage yield of the reaction? (Molar mass of H2 = 2 g/mol, O2 = 32 g/mol and H20 = 18 g/mol) a) 63.6% b) 77.8% c) 87.5% d) 92.5% Q101. Amount of energy needed to weaken the existing bonds to an extent that can be broken through collision is called: a) Bond energy b) Activation energy c) Average energy d) Enthalpy Q102. Oxidation numbers of X,Y,Z are +6, -2, & -1 respectively, possible molecular formula when atoms combine: a) X2YZ b) XY2Z2 c) XYZ2 d) XY2Z Q103. Which set of quantum numbers is not allowed for an electron. a) n=2, l=1, m=0, s=+1/2 b) n=3, l=0, m=0, s=-1/2 c) n=2, =2, m=1, s=4+1/2 d) n=1, l=0, m=0, s=+1/2 Q104. 2A + B — 3C + D which of the following does not express the reaction rate? a) -d[B]/dt b) d[D]/dt c) -1/2 d[A]/dt d) -1/3 d[C]/dt Q105. The order of ease of reduction of H*1, Cut? and Ag*?:",H*1 >Cu*2 >Ag*,H*1 >Ag*>Cu*2,Ag*>Cu*2 >H*1,"H*1 >Cu*2 =Ag* Q106. Acetaldehyde undergoes oxidation to produce acetic acid, in this reaction oxidizing agent used is:",,C,,ocr_visual,UHS-Lahore-MDCAT-2025 C,109
1832,2025-uhs-lahore-mdcat-2025-106-1832,2025,UHS-Lahore-MDCAT-2025,C,Chemistry,106,"Paper ID- C Q99. Which one of the following is a coinage metal a) Pd b) Cu c) Cd d) Hg Q100. Consider the given balanced chemical equation: 2H2 + O2 — 2H20 If 4 g of H2 reacts with 32 g of O2 to produce 28 g of H20, what is the percentage yield of the reaction? (Molar mass of H2 = 2 g/mol, O2 = 32 g/mol and H20 = 18 g/mol) a) 63.6% b) 77.8% c) 87.5% d) 92.5% Q101. Amount of energy needed to weaken the existing bonds to an extent that can be broken through collision is called: a) Bond energy b) Activation energy c) Average energy d) Enthalpy Q102. Oxidation numbers of X,Y,Z are +6, -2, & -1 respectively, possible molecular formula when atoms combine: a) X2YZ b) XY2Z2 c) XYZ2 d) XY2Z Q103. Which set of quantum numbers is not allowed for an electron. a) n=2, l=1, m=0, s=+1/2 b) n=3, l=0, m=0, s=-1/2 c) n=2, =2, m=1, s=4+1/2 d) n=1, l=0, m=0, s=+1/2 Q104. 2A + B — 3C + D which of the following does not express the reaction rate? a) -d[B]/dt b) d[D]/dt c) -1/2 d[A]/dt d) -1/3 d[C]/dt Q105. The order of ease of reduction of H*1, Cut? and Ag*?: a) H*1 >Cu*2 >Ag* b) H*1 >Ag*>Cu*2 c) Ag*>Cu*2 >H*1 d) H*1 >Cu*2 =Ag* Q106. Acetaldehyde undergoes oxidation to produce acetic acid, in this reaction oxidizing agent used is:",HI,LiAlHa,K2Cr207,NaBHa Page 12 of 22,,C,,ocr_visual,UHS-Lahore-MDCAT-2025 C,109
1833,2025-uhs-lahore-mdcat-2025-107-1833,2025,UHS-Lahore-MDCAT-2025,C,Chemistry,107,Paper ID- C Q107. Which one of the following has higher vapour pressure?,acetone,acetaldehyde,Isopentane,Benzene Q108. Terminal alkynes show acidic character due to:,,C,,ocr_visual,UHS-Lahore-MDCAT-2025 C,110
1834,2025-uhs-lahore-mdcat-2025-108-1834,2025,UHS-Lahore-MDCAT-2025,C,Chemistry,108,Paper ID- C Q107. Which one of the following has higher vapour pressure? a) acetone b) acetaldehyde c) Isopentane d) Benzene Q108. Terminal alkynes show acidic character due to:,Terminal carbon atoms are sp hybridized.,Terminal carbon atoms are sp2 hybridized.,Terminal carbon atoms are sp? hybridized.,Terminal carbon atoms show hydrogen bonding. Q109. Fischer ESTERIFICATION is which type of reaction:,,C,,ocr_visual,UHS-Lahore-MDCAT-2025 C,110
1835,2025-uhs-lahore-mdcat-2025-109-1835,2025,UHS-Lahore-MDCAT-2025,C,Chemistry,109,Paper ID- C Q107. Which one of the following has higher vapour pressure? a) acetone b) acetaldehyde c) Isopentane d) Benzene Q108. Terminal alkynes show acidic character due to: a) Terminal carbon atoms are sp hybridized. b) Terminal carbon atoms are sp2 hybridized. c) Terminal carbon atoms are sp? hybridized. d) Terminal carbon atoms show hydrogen bonding. Q109. Fischer ESTERIFICATION is which type of reaction:,Condensation,Substitution,Elimination,Dehydrogenation Q110. Shape of orbital is determined by quantum number:,,A,,ocr_visual,UHS-Lahore-MDCAT-2025 C,110
1836,2025-uhs-lahore-mdcat-2025-110-1836,2025,UHS-Lahore-MDCAT-2025,C,Chemistry,110,Shape of orbital is determined by quantum number:,n,l,m,s,,B,,ocr_visual,UHS-Lahore-MDCAT-2025 C,110
1837,2025-uhs-lahore-mdcat-2025-111-1837,2025,UHS-Lahore-MDCAT-2025,C,Chemistry,111,Paper ID- C Q107. Which one of the following has higher vapour pressure? a) acetone b) acetaldehyde c) Isopentane d) Benzene Q108. Terminal alkynes show acidic character due to: a) Terminal carbon atoms are sp hybridized. b) Terminal carbon atoms are sp2 hybridized. c) Terminal carbon atoms are sp? hybridized. d) Terminal carbon atoms show hydrogen bonding. Q109. Fischer ESTERIFICATION is which type of reaction: a) Condensation b) Substitution c) Elimination d) Dehydrogenation Q110. Shape of orbital is determined by quantum number: a)n b) c)m d)s Q111. The theories which explain the formation of sigma and pi bond are EXCEPT:,MOT,VBT,VSEPR,CFT Q112. The value of Planck's constant is:,,D,,ocr_visual,UHS-Lahore-MDCAT-2025 C,110
1838,2025-uhs-lahore-mdcat-2025-112-1838,2025,UHS-Lahore-MDCAT-2025,C,Chemistry,112,Paper ID- C Q107. Which one of the following has higher vapour pressure? a) acetone b) acetaldehyde c) Isopentane d) Benzene Q108. Terminal alkynes show acidic character due to: a) Terminal carbon atoms are sp hybridized. b) Terminal carbon atoms are sp2 hybridized. c) Terminal carbon atoms are sp? hybridized. d) Terminal carbon atoms show hydrogen bonding. Q109. Fischer ESTERIFICATION is which type of reaction: a) Condensation b) Substitution c) Elimination d) Dehydrogenation Q110. Shape of orbital is determined by quantum number: a)n b) c)m d)s Q111. The theories which explain the formation of sigma and pi bond are EXCEPT: a) MOT b) VBT c) VSEPR d) CFT Q112. The value of Planck's constant is:,"6.6262x10°3° J, sec","6.6262x10°32 J, sec",6.6262x10°34 J. sec,"6.6262x10°34 J, sec Q113. Final equation for the representation of rate of reaction in term of concentration is called",,C,,ocr_visual,UHS-Lahore-MDCAT-2025 C,110
1839,2025-uhs-lahore-mdcat-2025-113-1839,2025,UHS-Lahore-MDCAT-2025,C,Chemistry,113,"Paper ID- C Q107. Which one of the following has higher vapour pressure? a) acetone b) acetaldehyde c) Isopentane d) Benzene Q108. Terminal alkynes show acidic character due to: a) Terminal carbon atoms are sp hybridized. b) Terminal carbon atoms are sp2 hybridized. c) Terminal carbon atoms are sp? hybridized. d) Terminal carbon atoms show hydrogen bonding. Q109. Fischer ESTERIFICATION is which type of reaction: a) Condensation b) Substitution c) Elimination d) Dehydrogenation Q110. Shape of orbital is determined by quantum number: a)n b) c)m d)s Q111. The theories which explain the formation of sigma and pi bond are EXCEPT: a) MOT b) VBT c) VSEPR d) CFT Q112. The value of Planck's constant is: a) 6.6262x10°3° J, sec b) 6.6262x10°32 J, sec c) 6.6262x10°34 J. sec d) 6.6262x10°34 J, sec Q113. Final equation for the representation of rate of reaction in term of concentration is called",Rate law,Rate constant,Reaction rate,Reaction order Q114. Poly vinyl chloride (PV,,A,,ocr_visual,UHS-Lahore-MDCAT-2025 C,110
1840,2025-uhs-lahore-mdcat-2025-114-1840,2025,UHS-Lahore-MDCAT-2025,C,Chemistry,114,"Paper ID- C Q107. Which one of the following has higher vapour pressure? a) acetone b) acetaldehyde c) Isopentane d) Benzene Q108. Terminal alkynes show acidic character due to: a) Terminal carbon atoms are sp hybridized. b) Terminal carbon atoms are sp2 hybridized. c) Terminal carbon atoms are sp? hybridized. d) Terminal carbon atoms show hydrogen bonding. Q109. Fischer ESTERIFICATION is which type of reaction: a) Condensation b) Substitution c) Elimination d) Dehydrogenation Q110. Shape of orbital is determined by quantum number: a)n b) c)m d)s Q111. The theories which explain the formation of sigma and pi bond are EXCEPT: a) MOT b) VBT c) VSEPR d) CFT Q112. The value of Planck's constant is: a) 6.6262x10°3° J, sec b) 6.6262x10°32 J, sec c) 6.6262x10°34 J. sec d) 6.6262x10°34 J, sec Q113. Final equation for the representation of rate of reaction in term of concentration is called a) Rate law b) Rate constant c) Reaction rate d) Reaction order Q114. Poly vinyl chloride (PVC) is the type of?",Homopolymer,Thermosetting polymer,Thermoplastic polymer,Copolymer Q115. Which of the following is true about pressure for an ideal gas at -273°C?,,C,,ocr_visual,UHS-Lahore-MDCAT-2025 C,110
1841,2025-uhs-lahore-mdcat-2025-115-1841,2025,UHS-Lahore-MDCAT-2025,C,Chemistry,115,"Paper ID- C Q107. Which one of the following has higher vapour pressure? a) acetone b) acetaldehyde c) Isopentane d) Benzene Q108. Terminal alkynes show acidic character due to: a) Terminal carbon atoms are sp hybridized. b) Terminal carbon atoms are sp2 hybridized. c) Terminal carbon atoms are sp? hybridized. d) Terminal carbon atoms show hydrogen bonding. Q109. Fischer ESTERIFICATION is which type of reaction: a) Condensation b) Substitution c) Elimination d) Dehydrogenation Q110. Shape of orbital is determined by quantum number: a)n b) c)m d)s Q111. The theories which explain the formation of sigma and pi bond are EXCEPT: a) MOT b) VBT c) VSEPR d) CFT Q112. The value of Planck's constant is: a) 6.6262x10°3° J, sec b) 6.6262x10°32 J, sec c) 6.6262x10°34 J. sec d) 6.6262x10°34 J, sec Q113. Final equation for the representation of rate of reaction in term of concentration is called a) Rate law b) Rate constant c) Reaction rate d) Reaction order Q114. Poly vinyl chloride (PVC) is the type of? a) Homopolymer b) Thermosetting polymer c) Thermoplastic polymer d) Copolymer Q115. Which of the following is true about pressure for an ideal gas at -273°C?",P=1atm,P=2atm,P=3atm,P=0 atm Page 13 of 22,,D,,ocr_visual,UHS-Lahore-MDCAT-2025 C,110
1842,2025-uhs-lahore-mdcat-2025-116-1842,2025,UHS-Lahore-MDCAT-2025,C,Chemistry,116,Paper ID- C Q116. Which of the following is basic buffer?,NH4OH/NHaCl,NaOH/Nacl,NaOH/HCl,H2CO3/NaHCO3 Q117. What happens when H* is added to ammonium hydroxide and ammonium chloride buffer?,,A,,ocr_visual,UHS-Lahore-MDCAT-2025 C,111
1843,2025-uhs-lahore-mdcat-2025-117-1843,2025,UHS-Lahore-MDCAT-2025,C,Chemistry,117,Paper ID- C Q116. Which of the following is basic buffer? a) NH4OH/NHaCl b) NaOH/Nacl c) NaOH/HCl d) H2CO3/NaHCO3 Q117. What happens when H* is added to ammonium hydroxide and ammonium chloride buffer?,more ammonium hydroxide is formed,reaction will move reverse,reaction will move forward,no effect on equilibrium Q118. What is general requirement for free radical substitution reaction of ethane and halogen?,,C,,ocr_visual,UHS-Lahore-MDCAT-2025 C,111
1844,2025-uhs-lahore-mdcat-2025-118-1844,2025,UHS-Lahore-MDCAT-2025,C,Chemistry,118,Paper ID- C Q116. Which of the following is basic buffer? a) NH4OH/NHaCl b) NaOH/Nacl c) NaOH/HCl d) H2CO3/NaHCO3 Q117. What happens when H* is added to ammonium hydroxide and ammonium chloride buffer? a) more ammonium hydroxide is formed b) reaction will move reverse c) reaction will move forward d) no effect on equilibrium Q118. What is general requirement for free radical substitution reaction of ethane and halogen?,low pressure,low temperature,high pressure,heat and UV light Q119. Which one of the following is not a characteristic of benzene?,,D,,ocr_visual,UHS-Lahore-MDCAT-2025 C,111
1845,2025-uhs-lahore-mdcat-2025-119-1845,2025,UHS-Lahore-MDCAT-2025,C,Chemistry,119,Paper ID- C Q116. Which of the following is basic buffer? a) NH4OH/NHaCl b) NaOH/Nacl c) NaOH/HCl d) H2CO3/NaHCO3 Q117. What happens when H* is added to ammonium hydroxide and ammonium chloride buffer? a) more ammonium hydroxide is formed b) reaction will move reverse c) reaction will move forward d) no effect on equilibrium Q118. What is general requirement for free radical substitution reaction of ethane and halogen? a) low pressure b) low temperature c) high pressure d) heat and UV light Q119. Which one of the following is not a characteristic of benzene?,Aromaticity,Stability,to follow Huckle rule,High reactivity Q120. Correct arrangement of orbital according to size of hybridized orbitals?,,D,,ocr_visual,UHS-Lahore-MDCAT-2025 C,111
1846,2025-uhs-lahore-mdcat-2025-120-1846,2025,UHS-Lahore-MDCAT-2025,C,Chemistry,120,Paper ID- C Q116. Which of the following is basic buffer? a) NH4OH/NHaCl b) NaOH/Nacl c) NaOH/HCl d) H2CO3/NaHCO3 Q117. What happens when H* is added to ammonium hydroxide and ammonium chloride buffer? a) more ammonium hydroxide is formed b) reaction will move reverse c) reaction will move forward d) no effect on equilibrium Q118. What is general requirement for free radical substitution reaction of ethane and halogen? a) low pressure b) low temperature c) high pressure d) heat and UV light Q119. Which one of the following is not a characteristic of benzene? a) Aromaticity b) Stability c) to follow Huckle rule d) High reactivity Q120. Correct arrangement of orbital according to size of hybridized orbitals?,sp>sp2>sp3,sp?> sp>sp2,sp2>sp>sp3,"sp3>sp2>sp Q121. Consider the equation H2 + O2 —H20, what volume of hydrogen gas is required to produce 1 mol of water at standard temperature & pressure?",,D,,ocr_visual,UHS-Lahore-MDCAT-2025 C,111
1847,2025-uhs-lahore-mdcat-2025-121-1847,2025,UHS-Lahore-MDCAT-2025,C,Chemistry,121,"Paper ID- C Q116. Which of the following is basic buffer? a) NH4OH/NHaCl b) NaOH/Nacl c) NaOH/HCl d) H2CO3/NaHCO3 Q117. What happens when H* is added to ammonium hydroxide and ammonium chloride buffer? a) more ammonium hydroxide is formed b) reaction will move reverse c) reaction will move forward d) no effect on equilibrium Q118. What is general requirement for free radical substitution reaction of ethane and halogen? a) low pressure b) low temperature c) high pressure d) heat and UV light Q119. Which one of the following is not a characteristic of benzene? a) Aromaticity b) Stability c) to follow Huckle rule d) High reactivity Q120. Correct arrangement of orbital according to size of hybridized orbitals? a) sp>sp2>sp3 b) sp?> sp>sp2 c) sp2>sp>sp3 d) sp3>sp2>sp Q121. Consider the equation H2 + O2 —H20, what volume of hydrogen gas is required to produce 1 mol of water at standard temperature & pressure?",11.2 dm?,22.4 dm3,10 dm3,"58 dm3 Q122. A chemical reaction has a theoretical yield of 25 g, but only 20 g of product was obtained. What is the percentage yield of the reaction?",,B,,ocr_visual,UHS-Lahore-MDCAT-2025 C,111
1848,2025-uhs-lahore-mdcat-2025-122-1848,2025,UHS-Lahore-MDCAT-2025,C,Chemistry,122,"Paper ID- C Q116. Which of the following is basic buffer? a) NH4OH/NHaCl b) NaOH/Nacl c) NaOH/HCl d) H2CO3/NaHCO3 Q117. What happens when H* is added to ammonium hydroxide and ammonium chloride buffer? a) more ammonium hydroxide is formed b) reaction will move reverse c) reaction will move forward d) no effect on equilibrium Q118. What is general requirement for free radical substitution reaction of ethane and halogen? a) low pressure b) low temperature c) high pressure d) heat and UV light Q119. Which one of the following is not a characteristic of benzene? a) Aromaticity b) Stability c) to follow Huckle rule d) High reactivity Q120. Correct arrangement of orbital according to size of hybridized orbitals? a) sp>sp2>sp3 b) sp?> sp>sp2 c) sp2>sp>sp3 d) sp3>sp2>sp Q121. Consider the equation H2 + O2 —H20, what volume of hydrogen gas is required to produce 1 mol of water at standard temperature & pressure? a) 11.2 dm? b) 22.4 dm3 c) 10 dm3 d) 58 dm3 Q122. A chemical reaction has a theoretical yield of 25 g, but only 20 g of product was obtained. What is the percentage yield of the reaction?",20%,25%,45%,80% Q123. Which of the following situations most clearly demonstrates a key characteristic of a Redox reaction?,,D,,ocr_visual,UHS-Lahore-MDCAT-2025 C,111
1849,2025-uhs-lahore-mdcat-2025-123-1849,2025,UHS-Lahore-MDCAT-2025,C,Chemistry,123,"Paper ID- C Q116. Which of the following is basic buffer? a) NH4OH/NHaCl b) NaOH/Nacl c) NaOH/HCl d) H2CO3/NaHCO3 Q117. What happens when H* is added to ammonium hydroxide and ammonium chloride buffer? a) more ammonium hydroxide is formed b) reaction will move reverse c) reaction will move forward d) no effect on equilibrium Q118. What is general requirement for free radical substitution reaction of ethane and halogen? a) low pressure b) low temperature c) high pressure d) heat and UV light Q119. Which one of the following is not a characteristic of benzene? a) Aromaticity b) Stability c) to follow Huckle rule d) High reactivity Q120. Correct arrangement of orbital according to size of hybridized orbitals? a) sp>sp2>sp3 b) sp?> sp>sp2 c) sp2>sp>sp3 d) sp3>sp2>sp Q121. Consider the equation H2 + O2 —H20, what volume of hydrogen gas is required to produce 1 mol of water at standard temperature & pressure? a) 11.2 dm? b) 22.4 dm3 c) 10 dm3 d) 58 dm3 Q122. A chemical reaction has a theoretical yield of 25 g, but only 20 g of product was obtained. What is the percentage yield of the reaction? a) 20% b) 25% c) 45% d) 80% Q123. Which of the following situations most clearly demonstrates a key characteristic of a Redox reaction?",Water boiling to steam,Hydrogen gas reacting with chlorine to form hydrogen chloride gas,Sodium chloride dissolving in water,Ethanol evaporating at room temperature Q124. If 100 KJ of heat is absorbed by the system and 40 KI of work is done on the system what is the change of internal energy?,,B,,ocr_visual,UHS-Lahore-MDCAT-2025 C,111
1850,2025-uhs-lahore-mdcat-2025-124-1850,2025,UHS-Lahore-MDCAT-2025,C,Chemistry,124,"Paper ID- C Q116. Which of the following is basic buffer? a) NH4OH/NHaCl b) NaOH/Nacl c) NaOH/HCl d) H2CO3/NaHCO3 Q117. What happens when H* is added to ammonium hydroxide and ammonium chloride buffer? a) more ammonium hydroxide is formed b) reaction will move reverse c) reaction will move forward d) no effect on equilibrium Q118. What is general requirement for free radical substitution reaction of ethane and halogen? a) low pressure b) low temperature c) high pressure d) heat and UV light Q119. Which one of the following is not a characteristic of benzene? a) Aromaticity b) Stability c) to follow Huckle rule d) High reactivity Q120. Correct arrangement of orbital according to size of hybridized orbitals? a) sp>sp2>sp3 b) sp?> sp>sp2 c) sp2>sp>sp3 d) sp3>sp2>sp Q121. Consider the equation H2 + O2 —H20, what volume of hydrogen gas is required to produce 1 mol of water at standard temperature & pressure? a) 11.2 dm? b) 22.4 dm3 c) 10 dm3 d) 58 dm3 Q122. A chemical reaction has a theoretical yield of 25 g, but only 20 g of product was obtained. What is the percentage yield of the reaction? a) 20% b) 25% c) 45% d) 80% Q123. Which of the following situations most clearly demonstrates a key characteristic of a Redox reaction? a) Water boiling to steam b) Hydrogen gas reacting with chlorine to form hydrogen chloride gas c) Sodium chloride dissolving in water d) Ethanol evaporating at room temperature Q124. If 100 KJ of heat is absorbed by the system and 40 KI of work is done on the system what is the change of internal energy?",-60 K],+60 KJ,-140 KI,+ 140 KJ Page 14 of 22,,D,,ocr_visual,UHS-Lahore-MDCAT-2025 C,111
1851,2025-uhs-lahore-mdcat-2025-125-1851,2025,UHS-Lahore-MDCAT-2025,C,Chemistry,125,Paper ID- C Q125. Number of unpaired electrons present in the ground state of Fe3* are (Atomic number of Fe=26).,Three,Four,Five,"Six Q126. If % yield and actual yield is 80 and 20g respectively, what will be theoretical yield?",,C,,ocr_visual,UHS-Lahore-MDCAT-2025 C,112
1852,2025-uhs-lahore-mdcat-2025-126-1852,2025,UHS-Lahore-MDCAT-2025,C,Chemistry,126,"Paper ID- C Q125. Number of unpaired electrons present in the ground state of Fe3* are (Atomic number of Fe=26). a) Three b) Four c) Five d) Six Q126. If % yield and actual yield is 80 and 20g respectively, what will be theoretical yield?",20g,25g,30g,40g Q127. The unit of temperature coefficient of resistivity is,,B,,ocr_visual,UHS-Lahore-MDCAT-2025 C,112
1853,2025-uhs-lahore-mdcat-2025-127-1853,2025,UHS-Lahore-MDCAT-2025,C,Physics,127,"Paper ID- C Q125. Number of unpaired electrons present in the ground state of Fe3* are (Atomic number of Fe=26). a) Three b) Four c) Five d) Six Q126. If % yield and actual yield is 80 and 20g respectively, what will be theoretical yield? a) 20g b) 25g c) 30g d) 40g Q127. The unit of temperature coefficient of resistivity is",1/c,1/K,1/A,1/ Q128. The work done by the gravitational force on an object as it moves from a reference level to a higher point is:,,B,,ocr_visual,UHS-Lahore-MDCAT-2025 C,112
1854,2025-uhs-lahore-mdcat-2025-128-1854,2025,UHS-Lahore-MDCAT-2025,C,Physics,128,"Paper ID- C Q125. Number of unpaired electrons present in the ground state of Fe3* are (Atomic number of Fe=26). a) Three b) Four c) Five d) Six Q126. If % yield and actual yield is 80 and 20g respectively, what will be theoretical yield? a) 20g b) 25g c) 30g d) 40g Q127. The unit of temperature coefficient of resistivity is a) 1/c b) 1/K c) 1/A d) 1/ Q128. The work done by the gravitational force on an object as it moves from a reference level to a higher point is:",Always positive,Always negative,Zero,"Depends on the path taken Q129. If two speakers emit sound at same frequency and phase, maximum loudness occurs when:",,B,,ocr_visual,UHS-Lahore-MDCAT-2025 C,112
1855,2025-uhs-lahore-mdcat-2025-129-1855,2025,UHS-Lahore-MDCAT-2025,C,Physics,129,"Paper ID- C Q125. Number of unpaired electrons present in the ground state of Fe3* are (Atomic number of Fe=26). a) Three b) Four c) Five d) Six Q126. If % yield and actual yield is 80 and 20g respectively, what will be theoretical yield? a) 20g b) 25g c) 30g d) 40g Q127. The unit of temperature coefficient of resistivity is a) 1/c b) 1/K c) 1/A d) 1/ Q128. The work done by the gravitational force on an object as it moves from a reference level to a higher point is: a) Always positive b) Always negative c) Zero d) Depends on the path taken Q129. If two speakers emit sound at same frequency and phase, maximum loudness occurs when:",Path difference = A/2,Path difference = A,Path difference = A/4,"Path difference = 3A/43 Q130. When an object attains terminal velocity, its acceleration is:",,B,,ocr_visual,UHS-Lahore-MDCAT-2025 C,112
1856,2025-uhs-lahore-mdcat-2025-130-1856,2025,UHS-Lahore-MDCAT-2025,C,Physics,130,"Paper ID- C Q125. Number of unpaired electrons present in the ground state of Fe3* are (Atomic number of Fe=26). a) Three b) Four c) Five d) Six Q126. If % yield and actual yield is 80 and 20g respectively, what will be theoretical yield? a) 20g b) 25g c) 30g d) 40g Q127. The unit of temperature coefficient of resistivity is a) 1/c b) 1/K c) 1/A d) 1/ Q128. The work done by the gravitational force on an object as it moves from a reference level to a higher point is: a) Always positive b) Always negative c) Zero d) Depends on the path taken Q129. If two speakers emit sound at same frequency and phase, maximum loudness occurs when: a) Path difference = A/2 b) Path difference = A c) Path difference = A/4 d) Path difference = 3A/43 Q130. When an object attains terminal velocity, its acceleration is:",9.8m/s2,Zero,1 m/s2,9.8m/s2 Q131. A 0.5 kg ball moving at 6 m/s has kinetic energy,,B,,ocr_visual,UHS-Lahore-MDCAT-2025 C,112
1857,2025-uhs-lahore-mdcat-2025-131-1857,2025,UHS-Lahore-MDCAT-2025,C,Physics,131,"Paper ID- C Q125. Number of unpaired electrons present in the ground state of Fe3* are (Atomic number of Fe=26). a) Three b) Four c) Five d) Six Q126. If % yield and actual yield is 80 and 20g respectively, what will be theoretical yield? a) 20g b) 25g c) 30g d) 40g Q127. The unit of temperature coefficient of resistivity is a) 1/c b) 1/K c) 1/A d) 1/ Q128. The work done by the gravitational force on an object as it moves from a reference level to a higher point is: a) Always positive b) Always negative c) Zero d) Depends on the path taken Q129. If two speakers emit sound at same frequency and phase, maximum loudness occurs when: a) Path difference = A/2 b) Path difference = A c) Path difference = A/4 d) Path difference = 3A/43 Q130. When an object attains terminal velocity, its acceleration is: a) 9.8m/s2 b) Zero c) 1 m/s2 d) 9.8m/s2 Q131. A 0.5 kg ball moving at 6 m/s has kinetic energy",9J,18],6],"3]) Q132. A fluid is flowing through a tube, to undergo transition from laminar to turbulent flow it's velocity must be:",,A,,ocr_visual,UHS-Lahore-MDCAT-2025 C,112
1858,2025-uhs-lahore-mdcat-2025-132-1858,2025,UHS-Lahore-MDCAT-2025,C,Physics,132,"Paper ID- C Q125. Number of unpaired electrons present in the ground state of Fe3* are (Atomic number of Fe=26). a) Three b) Four c) Five d) Six Q126. If % yield and actual yield is 80 and 20g respectively, what will be theoretical yield? a) 20g b) 25g c) 30g d) 40g Q127. The unit of temperature coefficient of resistivity is a) 1/c b) 1/K c) 1/A d) 1/ Q128. The work done by the gravitational force on an object as it moves from a reference level to a higher point is: a) Always positive b) Always negative c) Zero d) Depends on the path taken Q129. If two speakers emit sound at same frequency and phase, maximum loudness occurs when: a) Path difference = A/2 b) Path difference = A c) Path difference = A/4 d) Path difference = 3A/43 Q130. When an object attains terminal velocity, its acceleration is: a) 9.8m/s2 b) Zero c) 1 m/s2 d) 9.8m/s2 Q131. A 0.5 kg ball moving at 6 m/s has kinetic energy a)9J b) 18] c)6] d)3]) Q132. A fluid is flowing through a tube, to undergo transition from laminar to turbulent flow it's velocity must be:",Slightly less than critical velocity,equal to critical velocity,greater than critical velocity,"increasing gradually but less than critical velocity Q133. For two equal positive charges, the electric field weakest?",,C,,ocr_visual,UHS-Lahore-MDCAT-2025 C,112
1859,2025-uhs-lahore-mdcat-2025-133-1859,2025,UHS-Lahore-MDCAT-2025,C,Physics,133,"Paper ID- C Q125. Number of unpaired electrons present in the ground state of Fe3* are (Atomic number of Fe=26). a) Three b) Four c) Five d) Six Q126. If % yield and actual yield is 80 and 20g respectively, what will be theoretical yield? a) 20g b) 25g c) 30g d) 40g Q127. The unit of temperature coefficient of resistivity is a) 1/c b) 1/K c) 1/A d) 1/ Q128. The work done by the gravitational force on an object as it moves from a reference level to a higher point is: a) Always positive b) Always negative c) Zero d) Depends on the path taken Q129. If two speakers emit sound at same frequency and phase, maximum loudness occurs when: a) Path difference = A/2 b) Path difference = A c) Path difference = A/4 d) Path difference = 3A/43 Q130. When an object attains terminal velocity, its acceleration is: a) 9.8m/s2 b) Zero c) 1 m/s2 d) 9.8m/s2 Q131. A 0.5 kg ball moving at 6 m/s has kinetic energy a)9J b) 18] c)6] d)3]) Q132. A fluid is flowing through a tube, to undergo transition from laminar to turbulent flow it's velocity must be: a) Slightly less than critical velocity b) equal to critical velocity c) greater than critical velocity d) increasing gradually but less than critical velocity Q133. For two equal positive charges, the electric field weakest?",Midway between them,Along the perpendicular bisector,Close to either charge,At infinity Page 15 of 22,,A,,ocr_visual,UHS-Lahore-MDCAT-2025 C,112
1860,2025-uhs-lahore-mdcat-2025-134-1860,2025,UHS-Lahore-MDCAT-2025,C,Physics,134,Paper ID- C Q134. A projectile is launched in air with certain angle; its velocity is maximum at:,Point of projection,Highest point,Between launching and highest point,"At all points Q135. If the distance between two charges is halved and magnitude of charges are also doubled, then the force between these charges becomes:",,A,,ocr_visual,UHS-Lahore-MDCAT-2025 C,113
1861,2025-uhs-lahore-mdcat-2025-135-1861,2025,UHS-Lahore-MDCAT-2025,C,Physics,135,"Paper ID- C Q134. A projectile is launched in air with certain angle; its velocity is maximum at: a) Point of projection b) Highest point c) Between launching and highest point d) At all points Q135. If the distance between two charges is halved and magnitude of charges are also doubled, then the force between these charges becomes:",two times,four times,eight times,"sixteen times Q136. If a body having mass m1 (2 kg), moving with 5 m/s approaches another mass, m2 (3 kg) with speed of 1 m/s in same direction, relative speed of approach is 4 m/s. Relative speed of separation after collision will be:",,D,,ocr_visual,UHS-Lahore-MDCAT-2025 C,113
1862,2025-uhs-lahore-mdcat-2025-136-1862,2025,UHS-Lahore-MDCAT-2025,C,Physics,136,"Paper ID- C Q134. A projectile is launched in air with certain angle; its velocity is maximum at: a) Point of projection b) Highest point c) Between launching and highest point d) At all points Q135. If the distance between two charges is halved and magnitude of charges are also doubled, then the force between these charges becomes: a) two times b) four times c) eight times d) sixteen times Q136. If a body having mass m1 (2 kg), moving with 5 m/s approaches another mass, m2 (3 kg) with speed of 1 m/s in same direction, relative speed of approach is 4 m/s. Relative speed of separation after collision will be:",4 m/s,2 m/s,6 m/s,"depends on masses Q137. If P is the momentum of an object and m is its mass, then its kinetic energy is:",,A,,ocr_visual,UHS-Lahore-MDCAT-2025 C,113
1863,2025-uhs-lahore-mdcat-2025-137-1863,2025,UHS-Lahore-MDCAT-2025,C,Physics,137,"Paper ID- C Q134. A projectile is launched in air with certain angle; its velocity is maximum at: a) Point of projection b) Highest point c) Between launching and highest point d) At all points Q135. If the distance between two charges is halved and magnitude of charges are also doubled, then the force between these charges becomes: a) two times b) four times c) eight times d) sixteen times Q136. If a body having mass m1 (2 kg), moving with 5 m/s approaches another mass, m2 (3 kg) with speed of 1 m/s in same direction, relative speed of approach is 4 m/s. Relative speed of separation after collision will be: a) 4 m/s b) 2 m/s c)6 m/s d) depends on masses Q137. If P is the momentum of an object and m is its mass, then its kinetic energy is:",P/2m,P2/2m,1/2 Pm2,1/2 P2m Q138. The electric field at a point due to two equal and opposite charges is 100 N/C. If the magnitude of each charge is doubled then the electric field at that point becomes:,,B,,ocr_visual,UHS-Lahore-MDCAT-2025 C,113
1864,2025-uhs-lahore-mdcat-2025-138-1864,2025,UHS-Lahore-MDCAT-2025,C,Physics,138,"Paper ID- C Q134. A projectile is launched in air with certain angle; its velocity is maximum at: a) Point of projection b) Highest point c) Between launching and highest point d) At all points Q135. If the distance between two charges is halved and magnitude of charges are also doubled, then the force between these charges becomes: a) two times b) four times c) eight times d) sixteen times Q136. If a body having mass m1 (2 kg), moving with 5 m/s approaches another mass, m2 (3 kg) with speed of 1 m/s in same direction, relative speed of approach is 4 m/s. Relative speed of separation after collision will be: a) 4 m/s b) 2 m/s c)6 m/s d) depends on masses Q137. If P is the momentum of an object and m is its mass, then its kinetic energy is: a) P/2m b) P2/2m c) 1/2 Pm2 d) 1/2 P2m Q138. The electric field at a point due to two equal and opposite charges is 100 N/C. If the magnitude of each charge is doubled then the electric field at that point becomes:",50 N/C,100 N/C,200 N/C,"400 N/c Q139. If a plastic sheet of relative permittivity 2.5 is inserted between two-point charges placed in vacuum, then the electrostatic force between them",,C,,ocr_visual,UHS-Lahore-MDCAT-2025 C,113
1865,2025-uhs-lahore-mdcat-2025-139-1865,2025,UHS-Lahore-MDCAT-2025,C,Physics,139,"Paper ID- C Q134. A projectile is launched in air with certain angle; its velocity is maximum at: a) Point of projection b) Highest point c) Between launching and highest point d) At all points Q135. If the distance between two charges is halved and magnitude of charges are also doubled, then the force between these charges becomes: a) two times b) four times c) eight times d) sixteen times Q136. If a body having mass m1 (2 kg), moving with 5 m/s approaches another mass, m2 (3 kg) with speed of 1 m/s in same direction, relative speed of approach is 4 m/s. Relative speed of separation after collision will be: a) 4 m/s b) 2 m/s c)6 m/s d) depends on masses Q137. If P is the momentum of an object and m is its mass, then its kinetic energy is: a) P/2m b) P2/2m c) 1/2 Pm2 d) 1/2 P2m Q138. The electric field at a point due to two equal and opposite charges is 100 N/C. If the magnitude of each charge is doubled then the electric field at that point becomes: a) 50 N/C b) 100 N/C c) 200 N/C d) 400 N/c Q139. If a plastic sheet of relative permittivity 2.5 is inserted between two-point charges placed in vacuum, then the electrostatic force between them",Increases by a factor of 2.5,Decreases by a factor of 2.5,Increases by a factor of 5,"Decreases by a factor of 5 Q140. After 3 half-lives, the remaining fraction of a radioactive sample is:",,B,,ocr_visual,UHS-Lahore-MDCAT-2025 C,113
1866,2025-uhs-lahore-mdcat-2025-140-1866,2025,UHS-Lahore-MDCAT-2025,C,Physics,140,"Paper ID- C Q134. A projectile is launched in air with certain angle; its velocity is maximum at: a) Point of projection b) Highest point c) Between launching and highest point d) At all points Q135. If the distance between two charges is halved and magnitude of charges are also doubled, then the force between these charges becomes: a) two times b) four times c) eight times d) sixteen times Q136. If a body having mass m1 (2 kg), moving with 5 m/s approaches another mass, m2 (3 kg) with speed of 1 m/s in same direction, relative speed of approach is 4 m/s. Relative speed of separation after collision will be: a) 4 m/s b) 2 m/s c)6 m/s d) depends on masses Q137. If P is the momentum of an object and m is its mass, then its kinetic energy is: a) P/2m b) P2/2m c) 1/2 Pm2 d) 1/2 P2m Q138. The electric field at a point due to two equal and opposite charges is 100 N/C. If the magnitude of each charge is doubled then the electric field at that point becomes: a) 50 N/C b) 100 N/C c) 200 N/C d) 400 N/c Q139. If a plastic sheet of relative permittivity 2.5 is inserted between two-point charges placed in vacuum, then the electrostatic force between them a) Increases by a factor of 2.5 b) Decreases by a factor of 2.5 c) Increases by a factor of 5 d) Decreases by a factor of 5 Q140. After 3 half-lives, the remaining fraction of a radioactive sample is:",1/2,1/4,1/8,"1/16 Q141. If the horizontal range of a projectile becomes half of its maximum possible horizontal range, the probable angle of projection is;",,C,,ocr_visual,UHS-Lahore-MDCAT-2025 C,113
1867,2025-uhs-lahore-mdcat-2025-141-1867,2025,UHS-Lahore-MDCAT-2025,C,Physics,141,"Paper ID- C Q134. A projectile is launched in air with certain angle; its velocity is maximum at: a) Point of projection b) Highest point c) Between launching and highest point d) At all points Q135. If the distance between two charges is halved and magnitude of charges are also doubled, then the force between these charges becomes: a) two times b) four times c) eight times d) sixteen times Q136. If a body having mass m1 (2 kg), moving with 5 m/s approaches another mass, m2 (3 kg) with speed of 1 m/s in same direction, relative speed of approach is 4 m/s. Relative speed of separation after collision will be: a) 4 m/s b) 2 m/s c)6 m/s d) depends on masses Q137. If P is the momentum of an object and m is its mass, then its kinetic energy is: a) P/2m b) P2/2m c) 1/2 Pm2 d) 1/2 P2m Q138. The electric field at a point due to two equal and opposite charges is 100 N/C. If the magnitude of each charge is doubled then the electric field at that point becomes: a) 50 N/C b) 100 N/C c) 200 N/C d) 400 N/c Q139. If a plastic sheet of relative permittivity 2.5 is inserted between two-point charges placed in vacuum, then the electrostatic force between them a) Increases by a factor of 2.5 b) Decreases by a factor of 2.5 c) Increases by a factor of 5 d) Decreases by a factor of 5 Q140. After 3 half-lives, the remaining fraction of a radioactive sample is: a) 1/2 b) 1/4 c) 1/8 d) 1/16 Q141. If the horizontal range of a projectile becomes half of its maximum possible horizontal range, the probable angle of projection is;",15°,30°,45°,60° Page 16 of 22,,A,,ocr_visual,UHS-Lahore-MDCAT-2025 C,113
1868,2025-uhs-lahore-mdcat-2025-142-1868,2025,UHS-Lahore-MDCAT-2025,C,Physics,142,"Paper ID- C Q142. In an ideal transformer, if the primary voltage is doubled and the turns ratio remains the same, what happens to the secondary current?",Doubles,Halves,Remains the same,Becomes four times Q143. An angular displacement of 90° is equal to:,,A,,ocr_visual,UHS-Lahore-MDCAT-2025 C,114
1869,2025-uhs-lahore-mdcat-2025-143-1869,2025,UHS-Lahore-MDCAT-2025,C,Physics,143,"Paper ID- C Q142. In an ideal transformer, if the primary voltage is doubled and the turns ratio remains the same, what happens to the secondary current? a) Doubles b) Halves c) Remains the same d) Becomes four times Q143. An angular displacement of 90° is equal to:",One-fourth revolution,One- third revolution,One half revolution,"One complete revolution Q144., The time in which half of the given number of radioactive nuclei decay is known as",,A,,ocr_visual,UHS-Lahore-MDCAT-2025 C,114
1870,2025-uhs-lahore-mdcat-2025-144-1870,2025,UHS-Lahore-MDCAT-2025,C,Physics,144,"Paper ID- C Q142. In an ideal transformer, if the primary voltage is doubled and the turns ratio remains the same, what happens to the secondary current? a) Doubles b) Halves c) Remains the same d) Becomes four times Q143. An angular displacement of 90° is equal to: a) One-fourth revolution b) One- third revolution c) One half revolution d) One complete revolution Q144., The time in which half of the given number of radioactive nuclei decay is known as",1/2 life of radioactive element.,2/3 life of radioactive element.,1/4 life of radioactive element.,2/5 life of radioactive element. Q145. Earth receives large amount of energy directly from:,,A,,ocr_visual,UHS-Lahore-MDCAT-2025 C,114
1871,2025-uhs-lahore-mdcat-2025-145-1871,2025,UHS-Lahore-MDCAT-2025,C,Physics,145,"Paper ID- C Q142. In an ideal transformer, if the primary voltage is doubled and the turns ratio remains the same, what happens to the secondary current? a) Doubles b) Halves c) Remains the same d) Becomes four times Q143. An angular displacement of 90° is equal to: a) One-fourth revolution b) One- third revolution c) One half revolution d) One complete revolution Q144., The time in which half of the given number of radioactive nuclei decay is known as a) 1/2 life of radioactive element. b) 2/3 life of radioactive element. c) 1/4 life of radioactive element. d) 2/5 life of radioactive element. Q145. Earth receives large amount of energy directly from:",Wind,Water,Sun,Moon Q146. A phase difference of 90° is equal to:,,C,,ocr_visual,UHS-Lahore-MDCAT-2025 C,114
1872,2025-uhs-lahore-mdcat-2025-146-1872,2025,UHS-Lahore-MDCAT-2025,C,Physics,146,"Paper ID- C Q142. In an ideal transformer, if the primary voltage is doubled and the turns ratio remains the same, what happens to the secondary current? a) Doubles b) Halves c) Remains the same d) Becomes four times Q143. An angular displacement of 90° is equal to: a) One-fourth revolution b) One- third revolution c) One half revolution d) One complete revolution Q144., The time in which half of the given number of radioactive nuclei decay is known as a) 1/2 life of radioactive element. b) 2/3 life of radioactive element. c) 1/4 life of radioactive element. d) 2/5 life of radioactive element. Q145. Earth receives large amount of energy directly from: a) Wind b) Water c) Sun d) Moon Q146. A phase difference of 90° is equal to:",n radians,n/2 radians,2n radians,n/4 radians Q147. The reciprocal of the resistivity of a material is called its:,,B,,ocr_visual,UHS-Lahore-MDCAT-2025 C,114
1873,2025-uhs-lahore-mdcat-2025-147-1873,2025,UHS-Lahore-MDCAT-2025,C,Physics,147,"Paper ID- C Q142. In an ideal transformer, if the primary voltage is doubled and the turns ratio remains the same, what happens to the secondary current? a) Doubles b) Halves c) Remains the same d) Becomes four times Q143. An angular displacement of 90° is equal to: a) One-fourth revolution b) One- third revolution c) One half revolution d) One complete revolution Q144., The time in which half of the given number of radioactive nuclei decay is known as a) 1/2 life of radioactive element. b) 2/3 life of radioactive element. c) 1/4 life of radioactive element. d) 2/5 life of radioactive element. Q145. Earth receives large amount of energy directly from: a) Wind b) Water c) Sun d) Moon Q146. A phase difference of 90° is equal to: a) n radians b) n/2 radians c) 2n radians d) n/4 radians Q147. The reciprocal of the resistivity of a material is called its:",impedance,conductivity,admittance,reactance Q148. The Balmer series of hydrogen spectrum appears in the,,B,,ocr_visual,UHS-Lahore-MDCAT-2025 C,114
1874,2025-uhs-lahore-mdcat-2025-148-1874,2025,UHS-Lahore-MDCAT-2025,C,Physics,148,"Paper ID- C Q142. In an ideal transformer, if the primary voltage is doubled and the turns ratio remains the same, what happens to the secondary current? a) Doubles b) Halves c) Remains the same d) Becomes four times Q143. An angular displacement of 90° is equal to: a) One-fourth revolution b) One- third revolution c) One half revolution d) One complete revolution Q144., The time in which half of the given number of radioactive nuclei decay is known as a) 1/2 life of radioactive element. b) 2/3 life of radioactive element. c) 1/4 life of radioactive element. d) 2/5 life of radioactive element. Q145. Earth receives large amount of energy directly from: a) Wind b) Water c) Sun d) Moon Q146. A phase difference of 90° is equal to: a) n radians b) n/2 radians c) 2n radians d) n/4 radians Q147. The reciprocal of the resistivity of a material is called its: a) impedance b) conductivity c) admittance d) reactance Q148. The Balmer series of hydrogen spectrum appears in the",Infrared region,Ultraviolet region,X-ray region,"Visible region Q149. A ball is thrown into the air with certain velocity v making an angle 9 with horizontal. If air resistance is neglected, then at maximum height its velocity is:",,D,,ocr_visual,UHS-Lahore-MDCAT-2025 C,114
1875,2025-uhs-lahore-mdcat-2025-149-1875,2025,UHS-Lahore-MDCAT-2025,C,Physics,149,"Paper ID- C Q142. In an ideal transformer, if the primary voltage is doubled and the turns ratio remains the same, what happens to the secondary current? a) Doubles b) Halves c) Remains the same d) Becomes four times Q143. An angular displacement of 90° is equal to: a) One-fourth revolution b) One- third revolution c) One half revolution d) One complete revolution Q144., The time in which half of the given number of radioactive nuclei decay is known as a) 1/2 life of radioactive element. b) 2/3 life of radioactive element. c) 1/4 life of radioactive element. d) 2/5 life of radioactive element. Q145. Earth receives large amount of energy directly from: a) Wind b) Water c) Sun d) Moon Q146. A phase difference of 90° is equal to: a) n radians b) n/2 radians c) 2n radians d) n/4 radians Q147. The reciprocal of the resistivity of a material is called its: a) impedance b) conductivity c) admittance d) reactance Q148. The Balmer series of hydrogen spectrum appears in the a) Infrared region b) Ultraviolet region c) X-ray region d) Visible region Q149. A ball is thrown into the air with certain velocity v making an angle 9 with horizontal. If air resistance is neglected, then at maximum height its velocity is:",Equal to initial velocity,Half of initial velocity,Equal to zero,"Minimum but not zero Q150. A canon is placed on a smooth surface. When it fires a shell, the canon moves backward, this recoil occurs due to:",,D,,ocr_visual,UHS-Lahore-MDCAT-2025 C,114
1876,2025-uhs-lahore-mdcat-2025-150-1876,2025,UHS-Lahore-MDCAT-2025,C,Physics,150,"Paper ID- C Q142. In an ideal transformer, if the primary voltage is doubled and the turns ratio remains the same, what happens to the secondary current? a) Doubles b) Halves c) Remains the same d) Becomes four times Q143. An angular displacement of 90° is equal to: a) One-fourth revolution b) One- third revolution c) One half revolution d) One complete revolution Q144., The time in which half of the given number of radioactive nuclei decay is known as a) 1/2 life of radioactive element. b) 2/3 life of radioactive element. c) 1/4 life of radioactive element. d) 2/5 life of radioactive element. Q145. Earth receives large amount of energy directly from: a) Wind b) Water c) Sun d) Moon Q146. A phase difference of 90° is equal to: a) n radians b) n/2 radians c) 2n radians d) n/4 radians Q147. The reciprocal of the resistivity of a material is called its: a) impedance b) conductivity c) admittance d) reactance Q148. The Balmer series of hydrogen spectrum appears in the a) Infrared region b) Ultraviolet region c) X-ray region d) Visible region Q149. A ball is thrown into the air with certain velocity v making an angle 9 with horizontal. If air resistance is neglected, then at maximum height its velocity is: a) Equal to initial velocity b) Half of initial velocity c) Equal to zero d) Minimum but not zero Q150. A canon is placed on a smooth surface. When it fires a shell, the canon moves backward, this recoil occurs due to:",Law of conservation of energy,Backward thrust of the gases,Newton's third law of motion,Newton's first law of motion Page 17 of 22,,C,,ocr_visual,UHS-Lahore-MDCAT-2025 C,114
1877,2025-uhs-lahore-mdcat-2025-151-1877,2025,UHS-Lahore-MDCAT-2025,C,Physics,151,"Paper ID- C Q151. If the surface charge density of an infinite sheet increases by 25%, the electric field intensity:",Increases by 25%,Increases by 50%,Decreases by 25%,Remains the same Q152. An incompressible fluid flows through a pipe that becomes narrower in one section. The fluid speed increases in that region to maintain:,,A,,ocr_visual,UHS-Lahore-MDCAT-2025 C,115
1878,2025-uhs-lahore-mdcat-2025-152-1878,2025,UHS-Lahore-MDCAT-2025,C,Physics,152,"Paper ID- C Q151. If the surface charge density of an infinite sheet increases by 25%, the electric field intensity: a) Increases by 25% b) Increases by 50% c) Decreases by 25% d) Remains the same Q152. An incompressible fluid flows through a pipe that becomes narrower in one section. The fluid speed increases in that region to maintain:",Constant pressure,constant energy,constant mass flow rate,"constant volume Q153. In a pipe of varying cross-section as fluid enters the narrower region, it exhibits:",,C,,ocr_visual,UHS-Lahore-MDCAT-2025 C,115
1879,2025-uhs-lahore-mdcat-2025-153-1879,2025,UHS-Lahore-MDCAT-2025,C,Physics,153,"Paper ID- C Q151. If the surface charge density of an infinite sheet increases by 25%, the electric field intensity: a) Increases by 25% b) Increases by 50% c) Decreases by 25% d) Remains the same Q152. An incompressible fluid flows through a pipe that becomes narrower in one section. The fluid speed increases in that region to maintain: a) Constant pressure b) constant energy c) constant mass flow rate d) constant volume Q153. In a pipe of varying cross-section as fluid enters the narrower region, it exhibits:","high velocity, high pressure","high velocity, low pressure","low velocity, high pressure","low velocity, low pressure Q154. The curved shape of an airplane wing causes air to move faster over the top surface. This leads to:",,B,,ocr_visual,UHS-Lahore-MDCAT-2025 C,115
1880,2025-uhs-lahore-mdcat-2025-154-1880,2025,UHS-Lahore-MDCAT-2025,C,Physics,154,"Paper ID- C Q151. If the surface charge density of an infinite sheet increases by 25%, the electric field intensity: a) Increases by 25% b) Increases by 50% c) Decreases by 25% d) Remains the same Q152. An incompressible fluid flows through a pipe that becomes narrower in one section. The fluid speed increases in that region to maintain: a) Constant pressure b) constant energy c) constant mass flow rate d) constant volume Q153. In a pipe of varying cross-section as fluid enters the narrower region, it exhibits: a) high velocity, high pressure b) high velocity, low pressure c) low velocity, high pressure d) low velocity, low pressure Q154. The curved shape of an airplane wing causes air to move faster over the top surface. This leads to:",greater pressure on the top,lower pressure on the top,equal pressure on both sides,zero pressure above the wing Q155. The protons in the nucleus of an atom DO NOT exit due to,,B,,ocr_visual,UHS-Lahore-MDCAT-2025 C,115
1881,2025-uhs-lahore-mdcat-2025-155-1881,2025,UHS-Lahore-MDCAT-2025,C,Physics,155,"Paper ID- C Q151. If the surface charge density of an infinite sheet increases by 25%, the electric field intensity: a) Increases by 25% b) Increases by 50% c) Decreases by 25% d) Remains the same Q152. An incompressible fluid flows through a pipe that becomes narrower in one section. The fluid speed increases in that region to maintain: a) Constant pressure b) constant energy c) constant mass flow rate d) constant volume Q153. In a pipe of varying cross-section as fluid enters the narrower region, it exhibits: a) high velocity, high pressure b) high velocity, low pressure c) low velocity, high pressure d) low velocity, low pressure Q154. The curved shape of an airplane wing causes air to move faster over the top surface. This leads to: a) greater pressure on the top b) lower pressure on the top c) equal pressure on both sides d) zero pressure above the wing Q155. The protons in the nucleus of an atom DO NOT exit due to",Electromagnetic force,Gravitational Force,Weak Nuclear Force,Strong Nuclear Force Q156. Mechanical waves cannot travel through outer space because they:,,D,,ocr_visual,UHS-Lahore-MDCAT-2025 C,115
1882,2025-uhs-lahore-mdcat-2025-156-1882,2025,UHS-Lahore-MDCAT-2025,C,Physics,156,"Paper ID- C Q151. If the surface charge density of an infinite sheet increases by 25%, the electric field intensity: a) Increases by 25% b) Increases by 50% c) Decreases by 25% d) Remains the same Q152. An incompressible fluid flows through a pipe that becomes narrower in one section. The fluid speed increases in that region to maintain: a) Constant pressure b) constant energy c) constant mass flow rate d) constant volume Q153. In a pipe of varying cross-section as fluid enters the narrower region, it exhibits: a) high velocity, high pressure b) high velocity, low pressure c) low velocity, high pressure d) low velocity, low pressure Q154. The curved shape of an airplane wing causes air to move faster over the top surface. This leads to: a) greater pressure on the top b) lower pressure on the top c) equal pressure on both sides d) zero pressure above the wing Q155. The protons in the nucleus of an atom DO NOT exit due to a) Electromagnetic force b) Gravitational Force c) Weak Nuclear Force d) Strong Nuclear Force Q156. Mechanical waves cannot travel through outer space because they:",have low speed in vacuum,disperse in space due to long wavelength,lose frequency in the absence of air,lose transmission without interacting particles Q157. Terminal voltage of a cell equals its EMF only when:,,D,,ocr_visual,UHS-Lahore-MDCAT-2025 C,115
1883,2025-uhs-lahore-mdcat-2025-157-1883,2025,UHS-Lahore-MDCAT-2025,C,Physics,157,"Paper ID- C Q151. If the surface charge density of an infinite sheet increases by 25%, the electric field intensity: a) Increases by 25% b) Increases by 50% c) Decreases by 25% d) Remains the same Q152. An incompressible fluid flows through a pipe that becomes narrower in one section. The fluid speed increases in that region to maintain: a) Constant pressure b) constant energy c) constant mass flow rate d) constant volume Q153. In a pipe of varying cross-section as fluid enters the narrower region, it exhibits: a) high velocity, high pressure b) high velocity, low pressure c) low velocity, high pressure d) low velocity, low pressure Q154. The curved shape of an airplane wing causes air to move faster over the top surface. This leads to: a) greater pressure on the top b) lower pressure on the top c) equal pressure on both sides d) zero pressure above the wing Q155. The protons in the nucleus of an atom DO NOT exit due to a) Electromagnetic force b) Gravitational Force c) Weak Nuclear Force d) Strong Nuclear Force Q156. Mechanical waves cannot travel through outer space because they: a) have low speed in vacuum b) disperse in space due to long wavelength c) lose frequency in the absence of air d) lose transmission without interacting particles Q157. Terminal voltage of a cell equals its EMF only when:",No current flows,Current is maximum,Internal resistance is infinite,Load resistance is zero Q158. A loop moves toward a stationary magnet. The induced current will:,,A,,ocr_visual,UHS-Lahore-MDCAT-2025 C,115
1884,2025-uhs-lahore-mdcat-2025-158-1884,2025,UHS-Lahore-MDCAT-2025,C,Physics,158,"Paper ID- C Q151. If the surface charge density of an infinite sheet increases by 25%, the electric field intensity: a) Increases by 25% b) Increases by 50% c) Decreases by 25% d) Remains the same Q152. An incompressible fluid flows through a pipe that becomes narrower in one section. The fluid speed increases in that region to maintain: a) Constant pressure b) constant energy c) constant mass flow rate d) constant volume Q153. In a pipe of varying cross-section as fluid enters the narrower region, it exhibits: a) high velocity, high pressure b) high velocity, low pressure c) low velocity, high pressure d) low velocity, low pressure Q154. The curved shape of an airplane wing causes air to move faster over the top surface. This leads to: a) greater pressure on the top b) lower pressure on the top c) equal pressure on both sides d) zero pressure above the wing Q155. The protons in the nucleus of an atom DO NOT exit due to a) Electromagnetic force b) Gravitational Force c) Weak Nuclear Force d) Strong Nuclear Force Q156. Mechanical waves cannot travel through outer space because they: a) have low speed in vacuum b) disperse in space due to long wavelength c) lose frequency in the absence of air d) lose transmission without interacting particles Q157. Terminal voltage of a cell equals its EMF only when: a) No current flows b) Current is maximum c) Internal resistance is infinite d) Load resistance is zero Q158. A loop moves toward a stationary magnet. The induced current will:",enhance the motion,try to stop the approach,become zero,become alternating Q159. The energy of a Simple Hormonic oscillation depends upon the,,B,,ocr_visual,UHS-Lahore-MDCAT-2025 C,115
1885,2025-uhs-lahore-mdcat-2025-159-1885,2025,UHS-Lahore-MDCAT-2025,C,Physics,159,"Paper ID- C Q151. If the surface charge density of an infinite sheet increases by 25%, the electric field intensity: a) Increases by 25% b) Increases by 50% c) Decreases by 25% d) Remains the same Q152. An incompressible fluid flows through a pipe that becomes narrower in one section. The fluid speed increases in that region to maintain: a) Constant pressure b) constant energy c) constant mass flow rate d) constant volume Q153. In a pipe of varying cross-section as fluid enters the narrower region, it exhibits: a) high velocity, high pressure b) high velocity, low pressure c) low velocity, high pressure d) low velocity, low pressure Q154. The curved shape of an airplane wing causes air to move faster over the top surface. This leads to: a) greater pressure on the top b) lower pressure on the top c) equal pressure on both sides d) zero pressure above the wing Q155. The protons in the nucleus of an atom DO NOT exit due to a) Electromagnetic force b) Gravitational Force c) Weak Nuclear Force d) Strong Nuclear Force Q156. Mechanical waves cannot travel through outer space because they: a) have low speed in vacuum b) disperse in space due to long wavelength c) lose frequency in the absence of air d) lose transmission without interacting particles Q157. Terminal voltage of a cell equals its EMF only when: a) No current flows b) Current is maximum c) Internal resistance is infinite d) Load resistance is zero Q158. A loop moves toward a stationary magnet. The induced current will: a) enhance the motion b) try to stop the approach c) become zero d) become alternating Q159. The energy of a Simple Hormonic oscillation depends upon the",frequency,time period,wavelength,amplitude Page 18 of 22,,B,,ocr_visual,UHS-Lahore-MDCAT-2025 C,115
1886,2025-uhs-lahore-mdcat-2025-160-1886,2025,UHS-Lahore-MDCAT-2025,C,Physics,160,Paper ID- C Q160. The wave that has the highest frequency & penetrating power is,X-rays,Ultraviolet rays,Gamma rays,Microwaves Q161. According to First law of thermodynamics when heat flows into a system and no work is done the internal energy of the system must,,C,,ocr_visual,UHS-Lahore-MDCAT-2025 C,116
1887,2025-uhs-lahore-mdcat-2025-161-1887,2025,UHS-Lahore-MDCAT-2025,C,Physics,161,Paper ID- C Q160. The wave that has the highest frequency & penetrating power is a) X-rays b) Ultraviolet rays c) Gamma rays d) Microwaves Q161. According to First law of thermodynamics when heat flows into a system and no work is done the internal energy of the system must,Increase,Decrease,Remains constant,"Becomes zero Q162. If the length of the conductor is made 4 times its original length, its resistance becomes",,A,,ocr_visual,UHS-Lahore-MDCAT-2025 C,116
1888,2025-uhs-lahore-mdcat-2025-162-1888,2025,UHS-Lahore-MDCAT-2025,C,Physics,162,"Paper ID- C Q160. The wave that has the highest frequency & penetrating power is a) X-rays b) Ultraviolet rays c) Gamma rays d) Microwaves Q161. According to First law of thermodynamics when heat flows into a system and no work is done the internal energy of the system must a) Increase b) Decrease c) Remains constant d) Becomes zero Q162. If the length of the conductor is made 4 times its original length, its resistance becomes",quarter,half,zero,4 times Q163. The keys were found the drawer where you left them last week.,,D,,ocr_visual,UHS-Lahore-MDCAT-2025 C,116
1889,2025-uhs-lahore-mdcat-2025-163-1889,2025,UHS-Lahore-MDCAT-2025,C,English,163,"Paper ID- C Q160. The wave that has the highest frequency & penetrating power is a) X-rays b) Ultraviolet rays c) Gamma rays d) Microwaves Q161. According to First law of thermodynamics when heat flows into a system and no work is done the internal energy of the system must a) Increase b) Decrease c) Remains constant d) Becomes zero Q162. If the length of the conductor is made 4 times its original length, its resistance becomes a) quarter b) half c) zero d) 4 times Q163. The keys were found the drawer where you left them last week.",under,in,on,beside Q164. Which of the following sentences has correct subject verb agreement?,,B,,ocr_visual,UHS-Lahore-MDCAT-2025 C,116
1890,2025-uhs-lahore-mdcat-2025-164-1890,2025,UHS-Lahore-MDCAT-2025,C,English,164,"Paper ID- C Q160. The wave that has the highest frequency & penetrating power is a) X-rays b) Ultraviolet rays c) Gamma rays d) Microwaves Q161. According to First law of thermodynamics when heat flows into a system and no work is done the internal energy of the system must a) Increase b) Decrease c) Remains constant d) Becomes zero Q162. If the length of the conductor is made 4 times its original length, its resistance becomes a) quarter b) half c) zero d) 4 times Q163. The keys were found the drawer where you left them last week. a) under b) in c) on d) beside Q164. Which of the following sentences has correct subject verb agreement?",The teacher give the students homework.,The teacher gives the students homework.,The teachers gives the student homework.,The teachers given the student homework. Q165. Identify the sentence with no spelling error:,,B,,ocr_visual,UHS-Lahore-MDCAT-2025 C,116
1891,2025-uhs-lahore-mdcat-2025-165-1891,2025,UHS-Lahore-MDCAT-2025,C,English,165,"Paper ID- C Q160. The wave that has the highest frequency & penetrating power is a) X-rays b) Ultraviolet rays c) Gamma rays d) Microwaves Q161. According to First law of thermodynamics when heat flows into a system and no work is done the internal energy of the system must a) Increase b) Decrease c) Remains constant d) Becomes zero Q162. If the length of the conductor is made 4 times its original length, its resistance becomes a) quarter b) half c) zero d) 4 times Q163. The keys were found the drawer where you left them last week. a) under b) in c) on d) beside Q164. Which of the following sentences has correct subject verb agreement? a) The teacher give the students homework. b) The teacher gives the students homework. c) The teachers gives the student homework. d) The teachers given the student homework. Q165. Identify the sentence with no spelling error:",Imtiaz invited me on a dinner party at restaurant.,Imtiaz invited me on a diner party at restaurant.,Imtiaz invited me on a dinner party at resturant.,"Imtiaz invited me on a dinnar party at restaurent. Q166. Identify the sentence among of the following, which is punctuated correctly?",,A,,ocr_visual,UHS-Lahore-MDCAT-2025 C,116
1892,2025-uhs-lahore-mdcat-2025-166-1892,2025,UHS-Lahore-MDCAT-2025,C,English,166,"Paper ID- C Q160. The wave that has the highest frequency & penetrating power is a) X-rays b) Ultraviolet rays c) Gamma rays d) Microwaves Q161. According to First law of thermodynamics when heat flows into a system and no work is done the internal energy of the system must a) Increase b) Decrease c) Remains constant d) Becomes zero Q162. If the length of the conductor is made 4 times its original length, its resistance becomes a) quarter b) half c) zero d) 4 times Q163. The keys were found the drawer where you left them last week. a) under b) in c) on d) beside Q164. Which of the following sentences has correct subject verb agreement? a) The teacher give the students homework. b) The teacher gives the students homework. c) The teachers gives the student homework. d) The teachers given the student homework. Q165. Identify the sentence with no spelling error: a) Imtiaz invited me on a dinner party at restaurant. b) Imtiaz invited me on a diner party at restaurant. c) Imtiaz invited me on a dinner party at resturant. d) Imtiaz invited me on a dinnar party at restaurent. Q166. Identify the sentence among of the following, which is punctuated correctly?",The teaching staff asked the principal what time the meeting would start.,The teaching staff asked the principal: “What time would the meeting start”?,"The teaching staff asked the principal, “What time would the meeting start?”",The teaching staff asked the principal; “What time would the meeting start?” Q167. “She was elated when she got first position in exams.” What is the meaning of “elated” in this sentence?,,C,,ocr_visual,UHS-Lahore-MDCAT-2025 C,116
1893,2025-uhs-lahore-mdcat-2025-167-1893,2025,UHS-Lahore-MDCAT-2025,C,English,167,"Paper ID- C Q160. The wave that has the highest frequency & penetrating power is a) X-rays b) Ultraviolet rays c) Gamma rays d) Microwaves Q161. According to First law of thermodynamics when heat flows into a system and no work is done the internal energy of the system must a) Increase b) Decrease c) Remains constant d) Becomes zero Q162. If the length of the conductor is made 4 times its original length, its resistance becomes a) quarter b) half c) zero d) 4 times Q163. The keys were found the drawer where you left them last week. a) under b) in c) on d) beside Q164. Which of the following sentences has correct subject verb agreement? a) The teacher give the students homework. b) The teacher gives the students homework. c) The teachers gives the student homework. d) The teachers given the student homework. Q165. Identify the sentence with no spelling error: a) Imtiaz invited me on a dinner party at restaurant. b) Imtiaz invited me on a diner party at restaurant. c) Imtiaz invited me on a dinner party at resturant. d) Imtiaz invited me on a dinnar party at restaurent. Q166. Identify the sentence among of the following, which is punctuated correctly? a) The teaching staff asked the principal what time the meeting would start. b) The teaching staff asked the principal: “What time would the meeting start”? c) The teaching staff asked the principal, “What time would the meeting start?” d) The teaching staff asked the principal; “What time would the meeting start?” Q167. “She was elated when she got first position in exams.” What is the meaning of “elated” in this sentence?",Disappointed,Worried,Excited,"Mad Q168. The board of directors expressed SC di Sa,pppointment with the financial results.",,C,,ocr_visual,UHS-Lahore-MDCAT-2025 C,116
1894,2025-uhs-lahore-mdcat-2025-168-1894,2025,UHS-Lahore-MDCAT-2025,C,English,168,"Paper ID- C Q160. The wave that has the highest frequency & penetrating power is a) X-rays b) Ultraviolet rays c) Gamma rays d) Microwaves Q161. According to First law of thermodynamics when heat flows into a system and no work is done the internal energy of the system must a) Increase b) Decrease c) Remains constant d) Becomes zero Q162. If the length of the conductor is made 4 times its original length, its resistance becomes a) quarter b) half c) zero d) 4 times Q163. The keys were found the drawer where you left them last week. a) under b) in c) on d) beside Q164. Which of the following sentences has correct subject verb agreement? a) The teacher give the students homework. b) The teacher gives the students homework. c) The teachers gives the student homework. d) The teachers given the student homework. Q165. Identify the sentence with no spelling error: a) Imtiaz invited me on a dinner party at restaurant. b) Imtiaz invited me on a diner party at restaurant. c) Imtiaz invited me on a dinner party at resturant. d) Imtiaz invited me on a dinnar party at restaurent. Q166. Identify the sentence among of the following, which is punctuated correctly? a) The teaching staff asked the principal what time the meeting would start. b) The teaching staff asked the principal: “What time would the meeting start”? c) The teaching staff asked the principal, “What time would the meeting start?” d) The teaching staff asked the principal; “What time would the meeting start?” Q167. “She was elated when she got first position in exams.” What is the meaning of “elated” in this sentence? a) Disappointed b) Worried c) Excited d) Mad Q168. The board of directors expressed SC di Sa,pppointment with the financial results.",their,its,his or her,one's Page 19 of 22,,B,,ocr_visual,UHS-Lahore-MDCAT-2025 C,116
1895,2025-uhs-lahore-mdcat-2025-169-1895,2025,UHS-Lahore-MDCAT-2025,C,English,169,"Paper ID- C Q169. It rained all night; , the roads were flooded in the morning.",similarly,instead,as a result,in contrast Q170. The manager accepted the cashier's for coming late.,,C,,ocr_visual,UHS-Lahore-MDCAT-2025 C,117
1896,2025-uhs-lahore-mdcat-2025-170-1896,2025,UHS-Lahore-MDCAT-2025,C,English,170,"Paper ID- C Q169. It rained all night; , the roads were flooded in the morning. a) similarly b) instead c) as a result d) in contrast Q170. The manager accepted the cashier's for coming late.",expalanation,explaination,explnasion,explanation Q171. The writer has unearthed serious irregularities in the entire project. The word ‘unearthed’ in this sentence means,,D,,ocr_visual,UHS-Lahore-MDCAT-2025 C,117
1897,2025-uhs-lahore-mdcat-2025-171-1897,2025,UHS-Lahore-MDCAT-2025,C,English,171,"Paper ID- C Q169. It rained all night; , the roads were flooded in the morning. a) similarly b) instead c) as a result d) in contrast Q170. The manager accepted the cashier's for coming late. a) expalanation b) explaination c) explnasion d) explanation Q171. The writer has unearthed serious irregularities in the entire project. The word ‘unearthed’ in this sentence means",written,mentioned,exposed,stated Q172. All daffodils are plants. All plants are living things. Some living things are real. Conclusions: I. All daffodils are living things. II. Some living things are flowers. III. All daffodils are real. Which conclusions follow?,,C,,ocr_visual,UHS-Lahore-MDCAT-2025 C,117
1898,2025-uhs-lahore-mdcat-2025-172-1898,2025,UHS-Lahore-MDCAT-2025,C,Logical Reasoning,172,"Paper ID- C Q169. It rained all night; , the roads were flooded in the morning. a) similarly b) instead c) as a result d) in contrast Q170. The manager accepted the cashier's for coming late. a) expalanation b) explaination c) explnasion d) explanation Q171. The writer has unearthed serious irregularities in the entire project. The word ‘unearthed’ in this sentence means a) written b) mentioned c) exposed d) stated Q172. All daffodils are plants. All plants are living things. Some living things are real. Conclusions: I. All daffodils are living things. II. Some living things are flowers. III. All daffodils are real. Which conclusions follow?",Only I,Only I and II,Only II and III,"All follow Q173. What will come next? 1, 4, 2, 5, 3, 6, 4, 7, ?",,A,,ocr_visual,UHS-Lahore-MDCAT-2025 C,117
1899,2025-uhs-lahore-mdcat-2025-173-1899,2025,UHS-Lahore-MDCAT-2025,C,Logical Reasoning,173,"Paper ID- C Q169. It rained all night; , the roads were flooded in the morning. a) similarly b) instead c) as a result d) in contrast Q170. The manager accepted the cashier's for coming late. a) expalanation b) explaination c) explnasion d) explanation Q171. The writer has unearthed serious irregularities in the entire project. The word ‘unearthed’ in this sentence means a) written b) mentioned c) exposed d) stated Q172. All daffodils are plants. All plants are living things. Some living things are real. Conclusions: I. All daffodils are living things. II. Some living things are flowers. III. All daffodils are real. Which conclusions follow? a) Only I b) Only I and II c) Only II and III d) All follow Q173. What will come next? 1, 4, 2, 5, 3, 6, 4, 7, ?",5,6,7,8 Q174. Which of the following is the main cause of accidents involving equipment?,,A,,ocr_visual,UHS-Lahore-MDCAT-2025 C,117
1900,2025-uhs-lahore-mdcat-2025-174-1900,2025,UHS-Lahore-MDCAT-2025,C,Logical Reasoning,174,"Paper ID- C Q169. It rained all night; , the roads were flooded in the morning. a) similarly b) instead c) as a result d) in contrast Q170. The manager accepted the cashier's for coming late. a) expalanation b) explaination c) explnasion d) explanation Q171. The writer has unearthed serious irregularities in the entire project. The word ‘unearthed’ in this sentence means a) written b) mentioned c) exposed d) stated Q172. All daffodils are plants. All plants are living things. Some living things are real. Conclusions: I. All daffodils are living things. II. Some living things are flowers. III. All daffodils are real. Which conclusions follow? a) Only I b) Only I and II c) Only II and III d) All follow Q173. What will come next? 1, 4, 2, 5, 3, 6, 4, 7, ? a)5 b) 6 c)7 d)8 Q174. Which of the following is the main cause of accidents involving equipment?",Overconfidence,Insufficient maintenance,Fatigue,Poor training Q175. Which of the following is a result of poor design that could cause an accident in the workplace?,,B,,ocr_visual,UHS-Lahore-MDCAT-2025 C,117
1901,2025-uhs-lahore-mdcat-2025-175-1901,2025,UHS-Lahore-MDCAT-2025,C,Logical Reasoning,175,"Paper ID- C Q169. It rained all night; , the roads were flooded in the morning. a) similarly b) instead c) as a result d) in contrast Q170. The manager accepted the cashier's for coming late. a) expalanation b) explaination c) explnasion d) explanation Q171. The writer has unearthed serious irregularities in the entire project. The word ‘unearthed’ in this sentence means a) written b) mentioned c) exposed d) stated Q172. All daffodils are plants. All plants are living things. Some living things are real. Conclusions: I. All daffodils are living things. II. Some living things are flowers. III. All daffodils are real. Which conclusions follow? a) Only I b) Only I and II c) Only II and III d) All follow Q173. What will come next? 1, 4, 2, 5, 3, 6, 4, 7, ? a)5 b) 6 c)7 d)8 Q174. Which of the following is the main cause of accidents involving equipment? a) Overconfidence b) Insufficient maintenance c) Fatigue d) Poor training Q175. Which of the following is a result of poor design that could cause an accident in the workplace?",Equipment failure,Slippery surfaces,Insufficient lighting,"Unplanned workspace layout Q176. The virus spreads rapidly in the town. It infected the people - First day: 8, Second day: 16, Third day: 32. What will be the number of people infected on the next day?",,D,,ocr_visual,UHS-Lahore-MDCAT-2025 C,117
1902,2025-uhs-lahore-mdcat-2025-176-1902,2025,UHS-Lahore-MDCAT-2025,C,Logical Reasoning,176,"Paper ID- C Q169. It rained all night; , the roads were flooded in the morning. a) similarly b) instead c) as a result d) in contrast Q170. The manager accepted the cashier's for coming late. a) expalanation b) explaination c) explnasion d) explanation Q171. The writer has unearthed serious irregularities in the entire project. The word ‘unearthed’ in this sentence means a) written b) mentioned c) exposed d) stated Q172. All daffodils are plants. All plants are living things. Some living things are real. Conclusions: I. All daffodils are living things. II. Some living things are flowers. III. All daffodils are real. Which conclusions follow? a) Only I b) Only I and II c) Only II and III d) All follow Q173. What will come next? 1, 4, 2, 5, 3, 6, 4, 7, ? a)5 b) 6 c)7 d)8 Q174. Which of the following is the main cause of accidents involving equipment? a) Overconfidence b) Insufficient maintenance c) Fatigue d) Poor training Q175. Which of the following is a result of poor design that could cause an accident in the workplace? a) Equipment failure b) Slippery surfaces c) Insufficient lighting d) Unplanned workspace layout Q176. The virus spreads rapidly in the town. It infected the people - First day: 8, Second day: 16, Third day: 32. What will be the number of people infected on the next day?",44 people,56 people,64 people,74 people Page 20 of 22,,C,,ocr_visual,UHS-Lahore-MDCAT-2025 C,117
1903,2025-uhs-lahore-mdcat-2025-177-1903,2025,UHS-Lahore-MDCAT-2025,C,Logical Reasoning,177,Paper ID- C Q177. P and Q are M's parents. M and N are siblings. Q is N's mother. What is P to M?,Mother,Father,Sister,"Brother Q178. Asad bought 50 packets of biscuits for the price of Rs. 500; whereas Anum bought 25 packets of chips for the price of Rs.1000. While comparing the prices of packets of biscuits and packet of chips, which of the following statements is correct?",,B,,ocr_visual,UHS-Lahore-MDCAT-2025 C,118
1904,2025-uhs-lahore-mdcat-2025-178-1904,2025,UHS-Lahore-MDCAT-2025,C,Logical Reasoning,178,"Paper ID- C Q177. P and Q are M's parents. M and N are siblings. Q is N's mother. What is P to M? a) Mother b) Father c) Sister d) Brother Q178. Asad bought 50 packets of biscuits for the price of Rs. 500; whereas Anum bought 25 packets of chips for the price of Rs.1000. While comparing the prices of packets of biscuits and packet of chips, which of the following statements is correct?",Price of 4 packets of biscuits is equal to the price of 1 packet of chips,Price of 1 packet of biscuits is equal to the price of 4 packets of chips,Price of 2 packets of biscuits is equal to the price of 1 packet of chips,"Price of 1 packet of biscuits is equal to the price of 2 packets of chips Q179. One apple pie has 10 slices, and each apple pie feeds five people. Henry is having a party with 200 people. How many slices of pie does he need?",,A,,ocr_visual,UHS-Lahore-MDCAT-2025 C,118
1905,2025-uhs-lahore-mdcat-2025-179-1905,2025,UHS-Lahore-MDCAT-2025,C,Logical Reasoning,179,"Paper ID- C Q177. P and Q are M's parents. M and N are siblings. Q is N's mother. What is P to M? a) Mother b) Father c) Sister d) Brother Q178. Asad bought 50 packets of biscuits for the price of Rs. 500; whereas Anum bought 25 packets of chips for the price of Rs.1000. While comparing the prices of packets of biscuits and packet of chips, which of the following statements is correct? a) Price of 4 packets of biscuits is equal to the price of 1 packet of chips b) Price of 1 packet of biscuits is equal to the price of 4 packets of chips c) Price of 2 packets of biscuits is equal to the price of 1 packet of chips d) Price of 1 packet of biscuits is equal to the price of 2 packets of chips Q179. One apple pie has 10 slices, and each apple pie feeds five people. Henry is having a party with 200 people. How many slices of pie does he need?",200,50,400,100 Q180. How many trees are in the orchard? Which of the statements below are needed to sufficiently answer this question? i. Ibrahim is a farmer and looks after half of the trees in the orchard ii. 300 trees in the orchard are under Ibrahim's care,,C,,ocr_visual,UHS-Lahore-MDCAT-2025 C,118
1906,2025-uhs-lahore-mdcat-2025-180-1906,2025,UHS-Lahore-MDCAT-2025,C,Logical Reasoning,180,"Paper ID- C Q177. P and Q are M's parents. M and N are siblings. Q is N's mother. What is P to M? a) Mother b) Father c) Sister d) Brother Q178. Asad bought 50 packets of biscuits for the price of Rs. 500; whereas Anum bought 25 packets of chips for the price of Rs.1000. While comparing the prices of packets of biscuits and packet of chips, which of the following statements is correct? a) Price of 4 packets of biscuits is equal to the price of 1 packet of chips b) Price of 1 packet of biscuits is equal to the price of 4 packets of chips c) Price of 2 packets of biscuits is equal to the price of 1 packet of chips d) Price of 1 packet of biscuits is equal to the price of 2 packets of chips Q179. One apple pie has 10 slices, and each apple pie feeds five people. Henry is having a party with 200 people. How many slices of pie does he need? a) 200 b) 50 c) 400 d) 100 Q180. How many trees are in the orchard? Which of the statements below are needed to sufficiently answer this question? i. Ibrahim is a farmer and looks after half of the trees in the orchard ii. 300 trees in the orchard are under Ibrahim's care",iis enough,ii is enough,both i and ii are needed,neither i or ii are sufficient Page 21 of 22,,C,,ocr_visual,UHS-Lahore-MDCAT-2025 C,118
